"ID","Caption"
"ImageCLEFmedical_Caption_2026_valid_0","Brain MRI showing normal anatomical structures including cerebral cortex, brainstem, and spinal cord."
"ImageCLEFmedical_Caption_2026_valid_1","Brain MRI showing symmetrical cerebral hemispheres with normal ventricular size and cortical folding."
"ImageCLEFmedical_Caption_2026_valid_2","Spinal cord MRI showing disc herniation at L2 level."
"ImageCLEFmedical_Caption_2026_valid_3","Hip replacement with visible implant and arrow indicating surgical site"
"ImageCLEFmedical_Caption_2026_valid_4","Pelvic X-ray showing bilateral hip replacement implants with arrows indicating prosthetic components."
"ImageCLEFmedical_Caption_2026_valid_5","Pelvic X-ray showing hip joint and femoral head alignment"
"ImageCLEFmedical_Caption_2026_valid_6","X-ray showing hip joint with surgical screws and plate fixation."
"ImageCLEFmedical_Caption_2026_valid_7","Pelvis X-ray showing both hips with surgical fixation devices visible in the right hip."
"ImageCLEFmedical_Caption_2026_valid_8","Anterior-posterior radiograph of the hip showing a total hip replacement with visible implant and screw."
"ImageCLEFmedical_Caption_2026_valid_9","Pelvic X-ray showing hip joint with surgical fixation screws in place."
"ImageCLEFmedical_Caption_2026_valid_10","Posterior approach hip replacement with fixation screws visible."
"ImageCLEFmedical_Caption_2026_valid_11","Pelvic X-ray showing hip joint with surgical fixation screws and implant."
"ImageCLEFmedical_Caption_2026_valid_12","MRI of knee joint showing labeled measurements A, B, and C in millimeters."
"ImageCLEFmedical_Caption_2026_valid_13","MRI of knee joint showing labeled measurements D: 9.16mm, E: 6.26mm, F: 8.52mm."
"ImageCLEFmedical_Caption_2026_valid_14","MRI showing knee joint with arrow indicating meniscal tear in both images A and B."
"ImageCLEFmedical_Caption_2026_valid_15","CT scan showing a mass in the thoracic region indicated by a red arrow."
"ImageCLEFmedical_Caption_2026_valid_16","CT scan showing a lesion in the thoracic region with a red arrow indicating the area of interest."
"ImageCLEFmedical_Caption_2026_valid_17","CT scan showing a lesion in the thoracic region indicated by a red arrow."
"ImageCLEFmedical_Caption_2026_valid_18","Ultrasound image showing gallbladder with arrow indicating a lesion or abnormality."
"ImageCLEFmedical_Caption_2026_valid_19","Abdominal CT scan showing a large, irregularly shaped mass in the right upper quadrant, indicated by the blue arrow."
"ImageCLEFmedical_Caption_2026_valid_20","Chest X-ray showing enlarged heart shadow and increased lung markings, suggestive of cardiomegaly and possible pulmonary congestion."
"ImageCLEFmedical_Caption_2026_valid_21","CT scan showing a dental implant site indicated by a red arrow."
"ImageCLEFmedical_Caption_2026_valid_22","Color Doppler ultrasound image showing blood flow within a vascular structure, with velocity indicated by the color scale ranging from -12.5 to 12.5 cm/s."
"ImageCLEFmedical_Caption_2026_valid_23","Lateral cervical spine radiograph with vertebral level labeling and anatomical landmarks."
"ImageCLEFmedical_Caption_2026_valid_24","Radiograph showing three teeth with visible root canals and surrounding bone structure."
"ImageCLEFmedical_Caption_2026_valid_25","MRI scan showing intracranial lesion with arrow indicating abnormality in the brain parenchyma."
"ImageCLEFmedical_Caption_2026_valid_26","Ultrasound image showing a large hypoechoic lesion with a distinct border, indicated by the arrow, within the pelvic region."
"ImageCLEFmedical_Caption_2026_valid_27","Ultrasound image showing a fluid-filled structure with measured diameters of 7.9 mm and 4.2 mm."
"ImageCLEFmedical_Caption_2026_valid_28","Abdominal CT scan showing enlarged gallbladder with surrounding inflammation and bowel gas patterns."
"ImageCLEFmedical_Caption_2026_valid_29","Doppler ultrasound image showing blood flow patterns in abdominal region with color-coded flow signals."
"ImageCLEFmedical_Caption_2026_valid_30","Pleural effusion and consolidation in the left lower lung field on chest X-ray."
"ImageCLEFmedical_Caption_2026_valid_31","PET-CT scan showing metabolic activity in abdominal organs with focal uptake in liver and surrounding structures."
"ImageCLEFmedical_Caption_2026_valid_32","Chest X-ray showing enlarged cardiac silhouette with bilateral lung opacities and increased interstitial markings."
"ImageCLEFmedical_Caption_2026_valid_33","Echocardiogram showing turbulent blood flow with color Doppler arrows indicating regurgitation."
"ImageCLEFmedical_Caption_2026_valid_34","Thoracic CT scan showing mediastinal structures and pulmonary vasculature at the level of the T6 vertebra."
"ImageCLEFmedical_Caption_2026_valid_35","Cerebral hemorrhage in the parietal lobe on CT scan."
"ImageCLEFmedical_Caption_2026_valid_36","Cerebral hemorrhage in the left hemisphere."
"ImageCLEFmedical_Caption_2026_valid_37","Pediatric chest X-ray showing bilateral lung infiltrates consistent with pneumonia."
"ImageCLEFmedical_Caption_2026_valid_38","Ultrasound image showing a hypoechoic structure with color Doppler flow signals indicated by arrows."
"ImageCLEFmedical_Caption_2026_valid_39","Transvaginal ultrasound image showing ovarian structure with color Doppler flow mapping indicating vascular activity."
"ImageCLEFmedical_Caption_2026_valid_40","MRI showing cervical spine with arrow indicating lesion in right paravertebral region"
"ImageCLEFmedical_Caption_2026_valid_41","CT scan showing cervical spine with arrow indicating cervical spine lesion."
"ImageCLEFmedical_Caption_2026_valid_42","Abdominal X-ray showing a large, well-defined air-filled structure in the upper abdomen, consistent with a distended bowel loop or gas-filled organ."
"ImageCLEFmedical_Caption_2026_valid_43","X-ray showing two large white plastic devices with a central needle-like structure and surrounding anatomical shadows."
"ImageCLEFmedical_Caption_2026_valid_44","CT scan showing lung fields with blue and yellow outlined regions indicating abnormal pulmonary structures."
"ImageCLEFmedical_Caption_2026_valid_45","Abdominal CT scan showing multiple intraluminal and extraluminal gas-filled structures with surrounding inflammation and possible abscess formation."
"ImageCLEFmedical_Caption_2026_valid_46","Abdominal CT scan showing dilated bowel loops with air-fluid levels and surrounding fat stranding."
"ImageCLEFmedical_Caption_2026_valid_47","Anteroposterior radiograph of the knee with a prosthesis and alignment marker labeled 'A'."
"ImageCLEFmedical_Caption_2026_valid_48","Intravenous pyelogram showing contrast medium in urinary tract with visible ureteral stent."
"ImageCLEFmedical_Caption_2026_valid_49","CT scan showing thoracic cross-section with lung fields, mediastinum, and vertebral body."
"ImageCLEFmedical_Caption_2026_valid_50","Chest X-ray showing enlarged heart shadow with visible lung fields and diaphragm."
"ImageCLEFmedical_Caption_2026_valid_51","Chest X-ray showing multiple blue arrows pointing to a linear opacity in the right upper lung field, suggestive of a potential airway or vascular structure."
"ImageCLEFmedical_Caption_2026_valid_52","CT scan showing bilateral pulmonary consolidation with air bronchogram and central mediastinal shift."
"ImageCLEFmedical_Caption_2026_valid_53","Echocardiogram showing mitral valve with color Doppler flow pattern indicating regurgitation."
"ImageCLEFmedical_Caption_2026_valid_54","Chest X-ray showing enlarged heart shadow with clear lung fields and visible mediastinal structures."
"ImageCLEFmedical_Caption_2026_valid_55","Color Doppler echocardiogram showing turbulent blood flow with red and blue velocity vectors in the left ventricle."
"ImageCLEFmedical_Caption_2026_valid_56","Uterine myoma with intramural location and central necrosis."
"ImageCLEFmedical_Caption_2026_valid_57","MRI scan showing a large intracranial lesion with three arrows indicating areas of interest within the cerebral hemisphere."
"ImageCLEFmedical_Caption_2026_valid_58","Radiograph showing implanted pacemaker with lead positioned near the left atrium, indicated by arrow."
"ImageCLEFmedical_Caption_2026_valid_59","Radiograph showing multiple calcified lesions in the cervical spine region."
"ImageCLEFmedical_Caption_2026_valid_60","Radiographic image of a dog's head showing dental structure with a white arrow pointing to a specific tooth or lesion."
"ImageCLEFmedical_Caption_2026_valid_61","Panoramic radiograph showing dental arch with visible roots, crowns, and surrounding alveolar bone structure."
"ImageCLEFmedical_Caption_2026_valid_62","Radiograph showing cervical spine with arrow indicating vertebral abnormality."
"ImageCLEFmedical_Caption_2026_valid_63","Radiographic image of a dog's jaw with measured distances of 55.66mm and 28.15mm indicating dental or skeletal alignment."
"ImageCLEFmedical_Caption_2026_valid_64","Radiographic image of a dog's head and neck with arrows indicating cervical vertebrae and a dental implant visible in the lower jaw."
"ImageCLEFmedical_Caption_2026_valid_65","Panoramic radiograph showing dental arch with arrow indicators pointing to specific teeth or lesions."
"ImageCLEFmedical_Caption_2026_valid_66","CT scan showing aortic aneurysm with red arrow indicating the dilated aortic segment and white arrow pointing to the surrounding mediastinal structures."
"ImageCLEFmedical_Caption_2026_valid_67","Thoracic spine radiograph showing a prominent vertebral body with a large white arrow indicating a suspected fracture or lesion."
"ImageCLEFmedical_Caption_2026_valid_68","Axial MRI showing bilateral cerebral hemispheric lesions with arrow indications."
"ImageCLEFmedical_Caption_2026_valid_69","CT scan showing mediastinal mass with surrounding lymphadenopathy and vascular compression."
"ImageCLEFmedical_Caption_2026_valid_70","Posterior-anterior chest X-ray showing cardiac silhouette and rib cage with no obvious pneumothorax or consolidation."
"ImageCLEFmedical_Caption_2026_valid_71","Thoracic CT scan showing bilateral lung fields with visible bronchial structures and mediastinal silhouette."
"ImageCLEFmedical_Caption_2026_valid_72","CT scan showing a small foreign body in the pelvic region, indicated by the red arrow."
"ImageCLEFmedical_Caption_2026_valid_73","Renal stone with associated obstruction and urinary tract dilation."
"ImageCLEFmedical_Caption_2026_valid_74","CT scan showing a small round lesion in the pelvic region, indicated by a red arrow."
"ImageCLEFmedical_Caption_2026_valid_75","Echocardiogram showing right atrium and right ventricle with arrow indicating a structure within the right atrium."
"ImageCLEFmedical_Caption_2026_valid_76","CT angiogram of lower limb showing a focal obstruction in the popliteal artery indicated by the arrow."
"ImageCLEFmedical_Caption_2026_valid_77","Abdominal X-ray showing a foreign object, likely a medical device, positioned in the upper abdomen with a blue arrow indicating its location."
"ImageCLEFmedical_Caption_2026_valid_78","Abdominal radiograph showing a large, well-defined, fluid-filled structure in the right upper quadrant, indicated by the blue arrow."
"ImageCLEFmedical_Caption_2026_valid_79","CT scan showing spinal column with labeled regions A, B, and C along the vertebral column."
"ImageCLEFmedical_Caption_2026_valid_80","Intravenous pyelogram showing contrast-filled urinary tract with visible ureteral course and pelvic structures."
"ImageCLEFmedical_Caption_2026_valid_81","Abdominal CT scan showing liver with measured dimensions of 179 mm and 129 mm."
"ImageCLEFmedical_Caption_2026_valid_82","CT scan showing abdominal cross-section with measured diameter of 144 mm and 133 mm at the indicated site."
"ImageCLEFmedical_Caption_2026_valid_83","CT scan showing pulmonary nodules in the right lung field."
"ImageCLEFmedical_Caption_2026_valid_84","Ultrasound image showing color Doppler flow with a white arrow indicating a vascular structure."
"ImageCLEFmedical_Caption_2026_valid_85","CT scan showing cervical region with highlighted thyroid gland structures."
"ImageCLEFmedical_Caption_2026_valid_86","CT scan showing cervical lymphadenopathy with enlarged nodes and central airway compression."
"ImageCLEFmedical_Caption_2026_valid_87","Ultrasound image showing a hypoechoic lesion with marked borders and a diameter of 26.0 mm."
"ImageCLEFmedical_Caption_2026_valid_88","MRI showing cervical spine with arrow indicating cervical spinal cord lesion and triangle marking shoulder region anomaly."
"ImageCLEFmedical_Caption_2026_valid_89","MRI showing cervical spine with vertebral alignment and surrounding soft tissue structures."
"ImageCLEFmedical_Caption_2026_valid_90","cervical spine MRI showing a focal lesion at the C6 level indicated by arrow"
"ImageCLEFmedical_Caption_2026_valid_91","Ultrasound image showing vitreous with a marked area indicated by arrow and labeled ""ON"" nearby."
"ImageCLEFmedical_Caption_2026_valid_92","CT scan showing a hepatic lesion with an arrow indicating a focal area of interest."
"ImageCLEFmedical_Caption_2026_valid_93","Posterior-anterior radiograph of a knee with internal fixation devices and a large mass or lesion visible in the joint space."
"ImageCLEFmedical_Caption_2026_valid_94","MRI showing hip joint with crosshair indicating region of interest"
"ImageCLEFmedical_Caption_2026_valid_95","Pelvic MRI showing heterogeneous signal intensity in pelvic organs with possible pathological findings."
"ImageCLEFmedical_Caption_2026_valid_96","CT scan showing pelvic region with arrow indicating a mass or lesion near the bladder and rectum."
"ImageCLEFmedical_Caption_2026_valid_97","Abdominal CT scan showing a large mass in the retroperitoneal space, indicated by the arrow."
"ImageCLEFmedical_Caption_2026_valid_98","CT scan showing a large abdominal aortic aneurysm indicated by the white arrow."
"ImageCLEFmedical_Caption_2026_valid_99","CT scan showing a large abdominal mass indicated by the blue arrow."
"ImageCLEFmedical_Caption_2026_valid_100","Echocardiogram showing a large, hypoechoic mass within the left atrium, consistent with a thrombus."
"ImageCLEFmedical_Caption_2026_valid_101","CT scan showing a mass in the pancreatic region, indicated by the red arrow."
"ImageCLEFmedical_Caption_2026_valid_102","CT scan showing bilateral pulmonary consolidation with air bronchogram and peripheral lung involvement."
"ImageCLEFmedical_Caption_2026_valid_103","CT scan showing a large mass in the right upper lung field with a red arrow indicating the lesion."
"ImageCLEFmedical_Caption_2026_valid_104","Chest X-ray showing cardiomegaly with bilateral pleural effusions and atelectasis."
"ImageCLEFmedical_Caption_2026_valid_105","Radiograph showing enlarged cardiac silhouette with possible cardiomegaly and obscured cardiac borders."
"ImageCLEFmedical_Caption_2026_valid_106","CT scan showing a 8.01 cm abdominal mass with surrounding bowel and organ structures."
"ImageCLEFmedical_Caption_2026_valid_107","CT scan slice showing anatomical structures with overlaid segmentation contours for clinical target regions."
"ImageCLEFmedical_Caption_2026_valid_108","Whole body PET scan showing multiple focal areas of increased radiotracer uptake in thoracic and abdominal regions, indicative of potential metabolic activity in lesions."
"ImageCLEFmedical_Caption_2026_valid_109","PET-CT scan showing a focal area of increased radiotracer uptake in the pelvic region, indicative of potential pathology."
"ImageCLEFmedical_Caption_2026_valid_110","PET scan showing a thoracic cross-section with focal areas of high metabolic activity in the mediastinum."
"ImageCLEFmedical_Caption_2026_valid_111","CT scan showing liver with arrow indicating lesion."
"ImageCLEFmedical_Caption_2026_valid_112","CT scan showing cervical spine with arrow indicating cervical vertebrae."
"ImageCLEFmedical_Caption_2026_valid_113","CT scan showing a large mass in the mediastinum with arrow indicating lesion."
"ImageCLEFmedical_Caption_2026_valid_114","Brain MRI showing bilateral cerebellar lesions."
"ImageCLEFmedical_Caption_2026_valid_115","Axial brain MRI showing symmetrical cerebellar structure with normal brainstem and surrounding cerebrospinal fluid signal intensity."
"ImageCLEFmedical_Caption_2026_valid_116","Brain MRI slice showing symmetrical cerebral structures with clear cortical and subcortical differentiation."
"ImageCLEFmedical_Caption_2026_valid_117","MRI scan showing abdominal organs with red arrows indicating areas of interest."
"ImageCLEFmedical_Caption_2026_valid_118","Abdominal X-ray showing multiple air-filled loops of bowel with red arrows indicating potential obstruction or distension."
"ImageCLEFmedical_Caption_2026_valid_119","Ultrasound image showing fetal head, bladder, cervical canal, and myometrium with measurement markers."
"ImageCLEFmedical_Caption_2026_valid_120","Chest X-ray showing cardiac silhouette with two arrows indicating areas of interest, likely for diagnostic evaluation."
"ImageCLEFmedical_Caption_2026_valid_121","Pneumothorax with visible air collection in the right pleural space indicated by arrows."
"ImageCLEFmedical_Caption_2026_valid_122","Cardiomegaly with mediastinal shift indicated by arrows."
"ImageCLEFmedical_Caption_2026_valid_123","CT scan showing bilateral lung parenchyma with diffuse ground-glass opacities and central airway obstruction."
"ImageCLEFmedical_Caption_2026_valid_124","Chest X-ray showing cardiomegaly and pulmonary congestion with visible mediastinal shift and cardiac silhouette enlargement."
"ImageCLEFmedical_Caption_2026_valid_125","Echocardiogram showing left ventricle with arrow indicating a structural anomaly."
"ImageCLEFmedical_Caption_2026_valid_126","CT scan showing a renal mass with arrow indicating lesion in the right kidney."
"ImageCLEFmedical_Caption_2026_valid_127","Brain MRI showing normal cerebral anatomy with no visible lesions or abnormalities."
"ImageCLEFmedical_Caption_2026_valid_128","Ultrasound image showing a fetal heart with a distance measurement of 1.29 cm."
"ImageCLEFmedical_Caption_2026_valid_129","Ultrasonic image showing a fetal heart structure within the gestational sac."
"ImageCLEFmedical_Caption_2026_valid_130","Ultrasound image showing a central dark circular structure within a heterogeneous parenchymal field, with measurement markers and depth scale indicators visible."
"ImageCLEFmedical_Caption_2026_valid_131","Ultrasonic image showing fetal structure in utero with clear gestational sac and embryonic contours."
"ImageCLEFmedical_Caption_2026_valid_132","Ultrasound image showing fetal heart structure with distinct chambers and valves."
"ImageCLEFmedical_Caption_2026_valid_133","Ultrasound image showing a fetal heart with distinct chambers and surrounding fetal tissue."
"ImageCLEFmedical_Caption_2026_valid_134","CT scan showing heart with measured dimensions of 2.62 cm and 4.00 cm."
"ImageCLEFmedical_Caption_2026_valid_135","Brain CT scan showing normal cerebral anatomy with no evident lesions or abnormalities."
"ImageCLEFmedical_Caption_2026_valid_136","Brain CT scan showing no obvious abnormalities or lesions."
"ImageCLEFmedical_Caption_2026_valid_137","Echocardiogram showing彩色血流信号 in the left ventricle."
"ImageCLEFmedical_Caption_2026_valid_138","Echocardiogram showing normal cardiac anatomy with labeled structures: V (apex), N (left atrium), L (left ventricle), R (right ventricle)"
"ImageCLEFmedical_Caption_2026_valid_139","Ultrasound image showing a region with color Doppler overlay indicating blood flow patterns."
"ImageCLEFmedical_Caption_2026_valid_140","CT scan showing liver with arrow indicating lesion."
"ImageCLEFmedical_Caption_2026_valid_141","Ultrasound image showing right kidney with arrow indicating a lesion or abnormality."
"ImageCLEFmedical_Caption_2026_valid_142","CT scan cross-section showing abdominal organs with annotated area and perimeter measurements for each structure."
"ImageCLEFmedical_Caption_2026_valid_143","CT scan showing a large intraperitoneal mass with a red arrow indicating the lesion."
"ImageCLEFmedical_Caption_2026_valid_144","CT scan showing atherosclerotic plaque in the coronary artery with arrow indicating stenosis."
"ImageCLEFmedical_Caption_2026_valid_145","Radiograph showing a dental implant with a red arrow indicating a screw and a yellow arrow pointing to the implant body."
"ImageCLEFmedical_Caption_2026_valid_146","Cardiac MRI showing heart chambers and great vessels in cross-section."
"ImageCLEFmedical_Caption_2026_valid_147","CT scan showing a skull fracture at the base of the brain."
"ImageCLEFmedical_Caption_2026_valid_148","CT scan showing a large pericardial effusion with a marked fluid collection around the heart."
"ImageCLEFmedical_Caption_2026_valid_149","Chest X-ray showing clear lungs with no obvious pathology."
"ImageCLEFmedical_Caption_2026_valid_150","PET-CT scan showing bilateral renal uptake and mediastinal lesion with high metabolic activity."
"ImageCLEFmedical_Caption_2026_valid_151","Axial MRI scan showing brainstem and cerebellar structures with a red circular annotation highlighting the midbrain and pons region."
"ImageCLEFmedical_Caption_2026_valid_152","Left ankle weight bearing radiograph showing a screw fixation device in the foot."
"ImageCLEFmedical_Caption_2026_valid_153","Radiograph showing a joint with a foreign object or implant visible within the joint space."
"ImageCLEFmedical_Caption_2026_valid_154","Left ankle and foot radiograph showing normal bony architecture and joint alignment."
"ImageCLEFmedical_Caption_2026_valid_155","CT scan showing a skull with a marked bony defect on the left side indicated by an arrow."
"ImageCLEFmedical_Caption_2026_valid_156","Posteroanterior skeletal radiograph showing spinal alignment and pelvic anatomy with no apparent fractures or deformities."
"ImageCLEFmedical_Caption_2026_valid_157","PET scan showing multiple metabolically active lesions in thoracic and abdominal regions."
"ImageCLEFmedical_Caption_2026_valid_158","Whole-body PET scan showing increased radiotracer uptake in the liver, spleen, and right lower limb, indicative of metabolic activity suggestive of malignancy or infection."
"ImageCLEFmedical_Caption_2026_valid_159","CT scan showing a pulmonary nodule in the right lung field."
"ImageCLEFmedical_Caption_2026_valid_160","MRI showing pelvic cross-section with arrow indicating lesion in right pelvic region."
"ImageCLEFmedical_Caption_2026_valid_161","CT scan showing a pulmonary nodule in the left lung field, indicated by the red arrow."
"ImageCLEFmedical_Caption_2026_valid_162","Standing radiograph showing bilateral femoral and tibial alignment with red and green dashed lines indicating limb axis and potential angular deformity."
"ImageCLEFmedical_Caption_2026_valid_163","Radiograph of the right foot showing bone structure and ankle joint with a visible implant or foreign object at the heel region."
"ImageCLEFmedical_Caption_2026_valid_164","X-ray of the foot showing bone structure and alignment."
"ImageCLEFmedical_Caption_2026_valid_165","CT scan showing multiple pulmonary nodules indicated by red arrows in both lungs."
"ImageCLEFmedical_Caption_2026_valid_166","Thoracic CT scan showing cardiac dimensions with measurements 40.84 mm and 43.45 mm."
"ImageCLEFmedical_Caption_2026_valid_167","Ultrasound image showing fetal heart with annotations indicating cardiac structures."
"ImageCLEFmedical_Caption_2026_valid_168","CT scan showing bone fractures in the foot with arrows indicating areas of disruption."
"ImageCLEFmedical_Caption_2026_valid_169","CT scan showing a large abdominal mass indicated by the white arrow."
"ImageCLEFmedical_Caption_2026_valid_170","CT scan showing liver lesion with arrow indicating abnormality."
"ImageCLEFmedical_Caption_2026_valid_171","CT scan showing a large abdominal mass with arrows indicating areas of interest."
"ImageCLEFmedical_Caption_2026_valid_172","CT scan showing a mediastinal mass with measured diameters of 3.87 cm and 3.37 cm."
"ImageCLEFmedical_Caption_2026_valid_173","Chest X-ray showing bilateral lung infiltrates and increased opacity consistent with pneumonia."
"ImageCLEFmedical_Caption_2026_valid_174","CT scan showing thoracic cavity with lungs, heart, and vertebral column in view."
"ImageCLEFmedical_Caption_2026_valid_175","CT scan showing a 9.12 mm cardiac lesion."
"ImageCLEFmedical_Caption_2026_valid_176","Thoracic CT scan showing heart, lungs, and surrounding structures."
"ImageCLEFmedical_Caption_2026_valid_177","Transvaginal ultrasound image showing ovarian cysts with measurement markers and diagnostic parameters displayed."
"ImageCLEFmedical_Caption_2026_valid_178","Ultrasound image showing a 7cm structure with color Doppler flow indicating blood flow within a vascular or tubular formation."
"ImageCLEFmedical_Caption_2026_valid_179","Transvaginal ultrasound image showing a heterogeneous pelvic mass with posterior acoustic shadowing, measured at 5 cm."
"ImageCLEFmedical_Caption_2026_valid_180","Ultrasound image showing a uterine cavity with two marked structures (D1: 8.7mm, D2: 8.5mm) and a bright, irregularly shaped lesion in the endometrial region."
"ImageCLEFmedical_Caption_2026_valid_181","Panoramic radiograph showing maxillary and mandibular teeth with orthodontic braces in place."
"ImageCLEFmedical_Caption_2026_valid_182","Panoramic radiograph showing dental arch with visible teeth and jawbone structure."
"ImageCLEFmedical_Caption_2026_valid_183","Panoramic radiograph showing dental implants and natural teeth in the lower jaw."
"ImageCLEFmedical_Caption_2026_valid_184","Panoramic radiograph showing dental implants and surrounding teeth."
"ImageCLEFmedical_Caption_2026_valid_185","Panoramic radiograph highlighting specific dental and alveolar structures with numbered annotations."
"ImageCLEFmedical_Caption_2026_valid_186","Lateral radiograph of the head and neck showing labeled anatomical structures including the cervical spine, mandible, and dental implants."
"ImageCLEFmedical_Caption_2026_valid_187","Lateral skull radiograph with labeled anatomical landmarks including cervical spine, mandible, and maxillary teeth."
"ImageCLEFmedical_Caption_2026_valid_188","Panoramic radiograph highlighting specific teeth with numbered annotations."
"ImageCLEFmedical_Caption_2026_valid_189","Mammogram showing a circumscribed mass in the breast tissue, marked with a circle."
"ImageCLEFmedical_Caption_2026_valid_190","X-ray of a limb with external fixation device in place"
"ImageCLEFmedical_Caption_2026_valid_191","Ultrasound image showing a thyroid nodule marked with a yellow asterisk."
"ImageCLEFmedical_Caption_2026_valid_192","Radiograph showing bilateral knee joint abnormalities with visible bone changes and possible growth plate involvement."
"ImageCLEFmedical_Caption_2026_valid_193","CT scan showing a mass in the oropharynx with arrows indicating lesion location."
"ImageCLEFmedical_Caption_2026_valid_194","MRI showing liver with arrow indicating lesion"
"ImageCLEFmedical_Caption_2026_valid_195","MRI image showing a meniscal tear with a yellow arrow indicating the lesion."
"ImageCLEFmedical_Caption_2026_valid_196","MRI scan showing a central structure with a yellow arrow indicating a specific anatomical or pathological feature."
"ImageCLEFmedical_Caption_2026_valid_197","MRI showing a mass in the proximal humerus with a yellow arrow indicating the lesion."
"ImageCLEFmedical_Caption_2026_valid_198","Cerebral CT scan showing normal brain parenchyma with mean HU of 44.19."
"ImageCLEFmedical_Caption_2026_valid_199","Transvaginal ultrasound image showing sagittal view of uterus with measurement markers indicating dimensions."
"ImageCLEFmedical_Caption_2026_valid_200","CT scan showing a large pneumothorax in the left lung field, indicated by the arrow."
"ImageCLEFmedical_Caption_2026_valid_201","Thoracic CT scan showing bilateral pulmonary parenchyma with visible bronchial tree and mediastinal structures."
"ImageCLEFmedical_Caption_2026_valid_202","Thoracic CT scan showing bilateral lung fields with central tracheal and bronchial structures."
"ImageCLEFmedical_Caption_2026_valid_203","AP supine chest X-ray showing cardiac silhouette with marked cardiomegaly and mediastinal shift, indicated by red and blue stars."
"ImageCLEFmedical_Caption_2026_valid_204","CT scan showing a large pneumothorax with air collection in the left pleural space, indicated by the red star."
"ImageCLEFmedical_Caption_2026_valid_205","X-ray image of a leg segment showing labeled segments T1, T2, T3 (claw), femur, and tibia."
"ImageCLEFmedical_Caption_2026_valid_206","Arrow indicates a cerebral lesion."
"ImageCLEFmedical_Caption_2026_valid_207","CT scan showing right and left breast masses with arrows indicating their locations."
"ImageCLEFmedical_Caption_2026_valid_208","Axial CT scan showing large mediastinal masses with arrows indicating tumor lesions."
"ImageCLEFmedical_Caption_2026_valid_209","CT scan showing a large mass in the mediastinum with arrows indicating its location and extent."
"ImageCLEFmedical_Caption_2026_valid_210","Right breast mass on CT scan"
"ImageCLEFmedical_Caption_2026_valid_211","PET-CT scan showing metabolic activity in brain, thoracic, and abdominal regions with focal uptake in liver, kidneys, and limbs."
"ImageCLEFmedical_Caption_2026_valid_212","CT scan showing bilateral pulmonary nodules with central airway and mediastinal structures visible."
"ImageCLEFmedical_Caption_2026_valid_213","Brain CT showing ventriculomegaly with dilated lateral ventricles indicated by arrows."
"ImageCLEFmedical_Caption_2026_valid_214","CT scan showing a central airway obstruction indicated by the red arrow."
"ImageCLEFmedical_Caption_2026_valid_215","CT scan showing a pulmonary nodule in the left lower lobe indicated by a red arrow."
"ImageCLEFmedical_Caption_2026_valid_216","Radiograph showing hip replacement joint with screw fixation and surrounding bone structure."
"ImageCLEFmedical_Caption_2026_valid_217","Radiograph of right hip joint showing total hip replacement with screw fixation and a circled area indicating a potential implant-related issue."
"ImageCLEFmedical_Caption_2026_valid_218","Brain CT showing symmetrical hyperdense areas in the cerebral hemispheres, indicative of intracranial hemorrhage."
"ImageCLEFmedical_Caption_2026_valid_219","CT scan showing bilateral pulmonary nodules with arrows indicating lesions in the lungs."
"ImageCLEFmedical_Caption_2026_valid_220","Intravenous urogram showing renal pelvis and ureters with contrast medium."
"ImageCLEFmedical_Caption_2026_valid_221","Barium enema showing a stricture in the colon indicated by the arrow."
"ImageCLEFmedical_Caption_2026_valid_222","CT scan showing pelvic region with arrows indicating possible lesions or abnormalities in the soft tissue."
"ImageCLEFmedical_Caption_2026_valid_223","Abdominal X-ray showing a large, gas-filled structure with a black arrow pointing to a region of interest near the midline, with the letter 'R' indicating the right side."
"ImageCLEFmedical_Caption_2026_valid_224","CT scan showing enlarged kidneys with arrows indicating renal abnormalities."
"ImageCLEFmedical_Caption_2026_valid_225","CT scan showing a large hepatic lesion with an arrow indicating the area of interest."
"ImageCLEFmedical_Caption_2026_valid_226","Ultrasound image showing a large, dark, fluid-filled structure with scattered echogenic foci, likely a cystic lesion or follicular structure."
"ImageCLEFmedical_Caption_2026_valid_227","Echocardiogram showing a large intracardiac mass with arrow indicating location."
"ImageCLEFmedical_Caption_2026_valid_228","Posteroanterior chest X-ray showing normal lung fields and cardiac silhouette with no evident abnormalities."
"ImageCLEFmedical_Caption_2026_valid_229","Chest X-ray showing cardiomegaly with prominent cardiac silhouette and mediastinal widening."
"ImageCLEFmedical_Caption_2026_valid_230","Echocardiogram showing cardiac structure with visible chambers and valves."
"ImageCLEFmedical_Caption_2026_valid_231","Ultrasound image showing fetal structures with marked landmarks and directional indicator."
"ImageCLEFmedical_Caption_2026_valid_232","CT scan showing orbital fat and soft tissue structures with red arrows indicating abnormal findings in the mid-palatal region."
"ImageCLEFmedical_Caption_2026_valid_233","CT scan showing nasal sinus with arrow indicating lesion or abnormality."
"ImageCLEFmedical_Caption_2026_valid_234","Optical coherence tomography scan showing a curved, reflective layer with a dark central region, indicative of a retinal structure."
"ImageCLEFmedical_Caption_2026_valid_235","CT scan showing a large pelvic mass with a central luminal structure indicated by the arrow."
"ImageCLEFmedical_Caption_2026_valid_236","Uterine mass with heterogeneous signal intensity on MRI."
"ImageCLEFmedical_Caption_2026_valid_237","Left retroareolar AOC ultrasound image with defined region of interest."
"ImageCLEFmedical_Caption_2026_valid_238","CT scan showing a 22 mm mediastinal mass with arrow indicating location."
"ImageCLEFmedical_Caption_2026_valid_239","CT scan showing a large mass in the right upper quadrant of the thoracic region, indicated by the red arrow."
"ImageCLEFmedical_Caption_2026_valid_240","CT scan showing spinal alignment with red arrows indicating potential vertebral anomalies or misalignment."
"ImageCLEFmedical_Caption_2026_valid_241","Mammogram showing a well-circumscribed, oval-shaped mass with a spiculated margin, indicated by a red arrow."
"ImageCLEFmedical_Caption_2026_valid_242","Angiogram showing a stenotic lesion in the left main coronary artery indicated by a white arrow."
"ImageCLEFmedical_Caption_2026_valid_243","Radiograph of knee with external fixation pins labeled 1, 2, and 3."
"ImageCLEFmedical_Caption_2026_valid_244","Panoramic dental radiograph showing anterior teeth with visible root structures and surrounding alveolar bone."
"ImageCLEFmedical_Caption_2026_valid_245","Ultrasound image showing a hypoechoic lesion with a measurement marker indicating depth of 5.5 mm."
"ImageCLEFmedical_Caption_2026_valid_246","Ultrasound image showing crosshairs and depth scale with grayscale tissue texture."
"ImageCLEFmedical_Caption_2026_valid_247","Ultrasound image showing a hypoechoic lesion within the liver parenchyma, with a caliper indicating a depth of 9.5 mm."
"ImageCLEFmedical_Caption_2026_valid_248","Thoracic CT scan showing bilateral pulmonary vasculature and mediastinal structures without apparent abnormalities."
"ImageCLEFmedical_Caption_2026_valid_249","Chest X-ray showing a central line with a tip positioned in the superior vena cava, near the right atrium, with visible tubing extending from the neck down to the chest."
"ImageCLEFmedical_Caption_2026_valid_250","Chest X-ray showing central line and multiple IV lines with no obvious pneumothorax or consolidation."
"ImageCLEFmedical_Caption_2026_valid_251","Chest X-ray showing multiple arrow markers indicating potential medical devices or anatomical landmarks within the thoracic cavity."
"ImageCLEFmedical_Caption_2026_valid_252","Chest X-ray showing bilateral lung opacities and cardiomegaly in a 67-year-old patient."
"ImageCLEFmedical_Caption_2026_valid_253","Chest X-ray showing two cannulas: 17Fr at the superior mediastinum and 21Fr in the lower thoracic region."
"ImageCLEFmedical_Caption_2026_valid_254","Root canal radiograph showing a tooth with a visible root canal filling and adjacent teeth."
"ImageCLEFmedical_Caption_2026_valid_255","Radiograph showing a tooth with a visible root canal instrument inside the canal."
"ImageCLEFmedical_Caption_2026_valid_256","Radiograph showing a dark area with arrow indicating potential lesion or abnormality in the dental region."
"ImageCLEFmedical_Caption_2026_valid_257","Radiograph showing a dark radiolucent area with arrow indicating possible lesion or cyst in the mandible region."
"ImageCLEFmedical_Caption_2026_valid_258","Radiograph showing a tooth with a large radiolucent lesion at the apex, indicative of a possible cyst or abscess."
"ImageCLEFmedical_Caption_2026_valid_259","Postoperative pelvic radiograph showing hip screw fixation and external fixation device."
"ImageCLEFmedical_Caption_2026_valid_260","CT scan showing pelvic region with multiple radiopaque implants or foreign bodies."
"ImageCLEFmedical_Caption_2026_valid_261","Pelvic X-ray showing hip fracture with surgical fixation including screws and a plate."
"ImageCLEFmedical_Caption_2026_valid_262","Chest X-ray showing a central line with a red arrow indicating its placement in the mediastinum."
"ImageCLEFmedical_Caption_2026_valid_263","Abdominal CT scan showing liver, kidneys, and spinal column with no immediate abnormalities noted."
"ImageCLEFmedical_Caption_2026_valid_264","CT scan showing thoracic cross-section with highlighted soft tissue structures at the top."
"ImageCLEFmedical_Caption_2026_valid_265","CT scan showing a large mass in the mediastinum."
"ImageCLEFmedical_Caption_2026_valid_266","Liver with peritoneal fluid and gastric distension."
"ImageCLEFmedical_Caption_2026_valid_267","CT scan showing a central airway obstruction with a white arrow indicating the narrowed tracheal region."
"ImageCLEFmedical_Caption_2026_valid_268","CT scan showing cervical spine with indicated fractures"
"ImageCLEFmedical_Caption_2026_valid_269","Arrow indicates a lesion in the cervical spine region."
"ImageCLEFmedical_Caption_2026_valid_270","CT scan showing a large mass in the right lung field, indicated by the arrow."
"ImageCLEFmedical_Caption_2026_valid_271","CT scan showing liver with central bright lesion and surrounding bowel loops."
"ImageCLEFmedical_Caption_2026_valid_272","Abdominal CT scan showing liver, spine, and surrounding abdominal structures."
"ImageCLEFmedical_Caption_2026_valid_273","CT scan showing a large pelvic mass adjacent to the uterus with arrows indicating its location and relationship to surrounding structures."
"ImageCLEFmedical_Caption_2026_valid_274","Abdominal MRI showing pancreatic ductal dilation and surrounding tissue changes."
"ImageCLEFmedical_Caption_2026_valid_275","Abdominal MRI showing liver, pancreas, and kidneys with annotated structures."
"ImageCLEFmedical_Caption_2026_valid_276","Panoramic radiograph showing a radiopaque lesion in the mandibular region indicated by a green arrow."
"ImageCLEFmedical_Caption_2026_valid_277","Brain MRI showing ventricular dilation with red and yellow arrows indicating areas of interest."
"ImageCLEFmedical_Caption_2026_valid_278","Coronary angiogram showing patent vessel with no visible stenosis or obstruction."
"ImageCLEFmedical_Caption_2026_valid_279","Ultrasound image showing a hypoechoic lesion with a defined border and posterior enhancement, indicated by a yellow arrow."
"ImageCLEFmedical_Caption_2026_valid_280","CT scan showing a nasal lesion indicated by the yellow arrow."
"ImageCLEFmedical_Caption_2026_valid_281","CT scan with color-coded radiation dose overlay and patient anatomy segmentation."
"ImageCLEFmedical_Caption_2026_valid_282","CT scan showing liver with arrow indicating lesion."
"ImageCLEFmedical_Caption_2026_valid_283","Liver MRI showing a focal lesion with arrow indicating area of interest."
"ImageCLEFmedical_Caption_2026_valid_284","CT scan showing bilateral pulmonary consolidation with air bronchograms and interstitial opacities."
"ImageCLEFmedical_Caption_2026_valid_285","Brain MRI showing a small lesion in the basal ganglia region indicated by an arrow."
"ImageCLEFmedical_Caption_2026_valid_286","Portable chest X-ray showing upright patient with central line and cardiac pacemaker in thoracic region."
"ImageCLEFmedical_Caption_2026_valid_287","Brain MRI showing a lesion in the midbrain region indicated by a white arrow."
"ImageCLEFmedical_Caption_2026_valid_288","Brain MRI showing ventricular enlargement with arrow indicating dilated lateral ventricles."
"ImageCLEFmedical_Caption_2026_valid_289","X-ray of foot showing surgical fixation with wires in the metatarsal region."
"ImageCLEFmedical_Caption_2026_valid_290","Cervical spine radiograph with angular measurements and anatomical landmarks indicated."
"ImageCLEFmedical_Caption_2026_valid_291","Axial MRI showing cervical spinal canal with highlighted vertebral bodies and intervertebral disc spaces."
"ImageCLEFmedical_Caption_2026_valid_292","Abdominal CT scan showing enlarged liver and dilated bowel loops with a central vertebral body."
"ImageCLEFmedical_Caption_2026_valid_293","CT scan showing liver with arrow indicating lesion."
"ImageCLEFmedical_Caption_2026_valid_294","Liver with focal lesion indicated by arrow and asterisk on CT scan."
"ImageCLEFmedical_Caption_2026_valid_295","CT scan showing a large renal mass marked with a star."
"ImageCLEFmedical_Caption_2026_valid_296","Ultrasound image showing a fetal structure with measurements 4.87 cm and 2.25 cm."
"ImageCLEFmedical_Caption_2026_valid_297","Ultrasound image showing serratus anterior muscle, 8th rib, and pleural line with multiple arrow markers indicating structures."
"ImageCLEFmedical_Caption_2026_valid_298","CT scan showing abdominal cross-section with red outline highlighting visceral fat and lower lumbar spine region."
"ImageCLEFmedical_Caption_2026_valid_299","CT scan showing spinal alignment with arrow indicating a potential structural anomaly or misalignment."
"ImageCLEFmedical_Caption_2026_valid_300","MRI showing spinal cord with arrow indicating lesion or abnormality."
"ImageCLEFmedical_Caption_2026_valid_301","Ultrasound image showing multiple hypoechoic structures indicated by blue arrows within a heterogeneous parenchymal region."
"ImageCLEFmedical_Caption_2026_valid_302","MRI scan showing three annotated lesions: two green-outlined and one red-outlined, with additional red-outlined structures nearby."
"ImageCLEFmedical_Caption_2026_valid_303","CT scan showing nasal sinus inflammation with arrow indicating affected area"
"ImageCLEFmedical_Caption_2026_valid_304","Axial MRI showing thyroid nodule with red arrow indication"
"ImageCLEFmedical_Caption_2026_valid_305","Left shoulder dislocation indicated by red arrow."
"ImageCLEFmedical_Caption_2026_valid_306","Radiograph showing left shoulder with arrow indicating possible subclavian region anomaly or lesion."
"ImageCLEFmedical_Caption_2026_valid_307","MRI showing a bright lesion in the neck region, indicated by a red arrow."
"ImageCLEFmedical_Caption_2026_valid_308","Angiographic image showing malformed vascular mass adjacent to portal vein and hepatic artery."
"ImageCLEFmedical_Caption_2026_valid_309","Malformed vascular mass identified on angiographic imaging."
"ImageCLEFmedical_Caption_2026_valid_310","CT scan showing a malformed vascular mass near the left portal vein in the liver."
"ImageCLEFmedical_Caption_2026_valid_311","Angiographic image showing a vascular lesion with prominent branching and irregularity within the circumscribed area."
"ImageCLEFmedical_Caption_2026_valid_312","Abdominal MRI showing renal anatomy with arrows indicating renal structures and surrounding organs."
"ImageCLEFmedical_Caption_2026_valid_313","CT scan showing abdominal organs with highlighted areas indicating possible pathology or surgical site."
"ImageCLEFmedical_Caption_2026_valid_314","CT scan showing abdominal cross-section with arrow indicating renal lesion."
"ImageCLEFmedical_Caption_2026_valid_315","MRI showing a cerebellar lesion with an arrow indicating the area of interest."
"ImageCLEFmedical_Caption_2026_valid_316","Brain MRI showing cerebellar and brainstem abnormalities with mass effect and ventricular distortion."
"ImageCLEFmedical_Caption_2026_valid_317","CT scan showing right axilla region with labeled anatomical landmark."
"ImageCLEFmedical_Caption_2026_valid_318","CT scan showing liver cirrhosis with nodular parenchymal changes and portal hypertension features."
"ImageCLEFmedical_Caption_2026_valid_319","Coronary angiogram showing patent vessels with no visible stenosis or obstruction."
"ImageCLEFmedical_Caption_2026_valid_320","Angiographic image showing a curved vascular structure with branching vessels, likely a coronary artery, in a grayscale radiographic view."
"ImageCLEFmedical_Caption_2026_valid_321","Angiogram showing catheter navigation through coronary arteries."
"ImageCLEFmedical_Caption_2026_valid_322","Angiographic image showing coronary artery with catheter and contrast medium highlighting vascular pathways."
"ImageCLEFmedical_Caption_2026_valid_323","Coronary angiogram showing patent vessel with no significant stenosis."
"ImageCLEFmedical_Caption_2026_valid_324","CT scan showing thoracic cross-section with annotated measurements of 17.4 mm and 19.1 mm."
"ImageCLEFmedical_Caption_2026_valid_325","CT scan showing aortic cross-section with measurements: A: 35.3 mm, C: 27.5 mm."
"ImageCLEFmedical_Caption_2026_valid_326","CT scan showing a large air-filled structure in the thoracic cavity, likely a pneumothorax or large bronchial airway."
"ImageCLEFmedical_Caption_2026_valid_327","CT scan showing cardiac structure with measured dimension of 31.4 mm."
"ImageCLEFmedical_Caption_2026_valid_328","CT scan showing superior mesenteric artery (SMA) and surrounding abdominal structures."
"ImageCLEFmedical_Caption_2026_valid_329","CT scan showing a skull fracture at the temporal region indicated by the red arrow."
"ImageCLEFmedical_Caption_2026_valid_330","CT scan showing a large mass in the left lung field with a black arrow indicating the lesion."
"ImageCLEFmedical_Caption_2026_valid_331","Doppler ultrasound image showing blood flow with LICA label and color Doppler overlay indicating flow direction and velocity."
"ImageCLEFmedical_Caption_2026_valid_332","CT scan showing a pulmonary nodule in the left lung field."
"ImageCLEFmedical_Caption_2026_valid_333","CT scan showing a mass in the right lung field, indicated by the red arrow."
"ImageCLEFmedical_Caption_2026_valid_334","CT scan showing a 73.8 mm renal mass with a red arrow indicating the lesion."
"ImageCLEFmedical_Caption_2026_valid_335","CT scan showing a liver lesion with a red arrow indicating the area of interest."
"ImageCLEFmedical_Caption_2026_valid_336","CT scan showing a 16.5 mm renal mass with a red arrow indicating the lesion."
"ImageCLEFmedical_Caption_2026_valid_337","Portable chest X-ray showing a child with a marked area of increased opacity in the right lung field, indicated by the red arrow."
"ImageCLEFmedical_Caption_2026_valid_338","Barium swallow showing esophageal obstruction at the level of the aortic arch."
"ImageCLEFmedical_Caption_2026_valid_339","X-ray showing surgical instruments and a yellow arrow pointing to a structure in the thoracic region."
"ImageCLEFmedical_Caption_2026_valid_340","Lumbar spine radiograph showing vertebral alignment and disc space narrowing at L5-S1 level."
"ImageCLEFmedical_Caption_2026_valid_341","CT scan showing a bright lesion in the liver indicated by an arrow."
"ImageCLEFmedical_Caption_2026_valid_343","Radiograph of a dog showing thoracic cage, ribs, and internal organs with a visible mass in the abdominal region."
"ImageCLEFmedical_Caption_2026_valid_344","CT scan showing bilateral pulmonary nodules in the lungs."
"ImageCLEFmedical_Caption_2026_valid_345","Radiograph showing normal elbow joint with no apparent fractures or dislocations."
"ImageCLEFmedical_Caption_2026_valid_346","Radiograph showing elbow joint with visible joint space and bone alignment."
"ImageCLEFmedical_Caption_2026_valid_347","Radiograph showing elbow joint with visible bone alignment and joint space."
"ImageCLEFmedical_Caption_2026_valid_348","Hip X-ray showing a femoral head with a visible fracture."
"ImageCLEFmedical_Caption_2026_valid_349","MRI showing hip joint with red arrow indicating lesion in the right femoral head."
"ImageCLEFmedical_Caption_2026_valid_350","Hip X-ray showing surgical fixation with screw and rod in the pelvis region."
"ImageCLEFmedical_Caption_2026_valid_351","Echocardiogram showing mitral valve with arrows indicating possible mitral valve prolapse or regurgitation."
"ImageCLEFmedical_Caption_2026_valid_352","Echocardiogram showing a 1.1 cm cardiac mass with arrow indicating location."
"ImageCLEFmedical_Caption_2026_valid_353","CT scan showing liver with arrow indicating lesion."
"ImageCLEFmedical_Caption_2026_valid_354","Right shoulder X-ray showing normal joint alignment and no obvious fractures or dislocations."
"ImageCLEFmedical_Caption_2026_valid_355","Anterior-posterior chest X-ray showing rib cage, spine, and shoulder joints with no obvious fractures or abnormalities."
"ImageCLEFmedical_Caption_2026_valid_356","Ultrasound image showing two hypoechoic lesions with posterior acoustic shadowing, indicated by yellow arrows."
"ImageCLEFmedical_Caption_2026_valid_357","Ultrasound image showing a hypoechoic structure with a linear arrow indicating a specific anatomical feature."
"ImageCLEFmedical_Caption_2026_valid_358","CT scan showing a hepatic lesion with an arrow indicating the area of interest."
"ImageCLEFmedical_Caption_2026_valid_359","CT scan showing lung parenchyma with a large, well-defined, lucent lesion in the right lung field."
"ImageCLEFmedical_Caption_2026_valid_360","Endoscopic ultrasound image showing a 9.7mm diameter structure in the gastrointestinal tract, captured on 07/12/2015 at 09:52:23."
"ImageCLEFmedical_Caption_2026_valid_361","Pleural effusion with lung compression on the left side."
"ImageCLEFmedical_Caption_2026_valid_362","Ultrasound image of the right kidney showing multiple cystic lesions indicated by red arrows."
"ImageCLEFmedical_Caption_2026_valid_363","Panoramic radiograph showing dental implants and prosthetic crowns in the lower jaw."
"ImageCLEFmedical_Caption_2026_valid_364","CT scan showing a cervical mass with arrow indicating lesion."
"ImageCLEFmedical_Caption_2026_valid_365","Anatomical landmark indicated by arrow in the neck region on a chest X-ray."
"ImageCLEFmedical_Caption_2026_valid_366","AP portable chest X-ray showing a central line in the neck, indicated by a yellow arrow."
"ImageCLEFmedical_Caption_2026_valid_367","CT scan showing a foreign body in the mediastinum, indicated by the yellow arrow."
"ImageCLEFmedical_Caption_2026_valid_368","PET-CT scan showing metabolically active lesion in right cervical region with arrow indicating area of interest."
"ImageCLEFmedical_Caption_2026_valid_369","Ultrasound image of the left liver in supine position, showing hepatic parenchyma with a hypoechoic lesion."
"ImageCLEFmedical_Caption_2026_valid_370","Brain MRI slice with cortical and subcortical region segmentation outlines."
"ImageCLEFmedical_Caption_2026_valid_371","MRI showing a lesion in the neck region indicated by a blue arrow."
"ImageCLEFmedical_Caption_2026_valid_372","Coronal MRI showing enlarged right eye with marked hyperintensity, indicating possible intraocular pathology."
"ImageCLEFmedical_Caption_2026_valid_373","CT scan showing bilateral pulmonary consolidation with air bronchograms and mediastinal shift."
"ImageCLEFmedical_Caption_2026_valid_374","Coronal CT scan showing bilateral lung fields with visible bronchial tree and mediastinal structures."
"ImageCLEFmedical_Caption_2026_valid_375","CT scan showing liver with arrow indicating focal lesion or abnormality."
"ImageCLEFmedical_Caption_2026_valid_376","Ultrasound image showing liver with red arrow indicating a hypoechoic lesion and green arrow pointing to a portal vein."
"ImageCLEFmedical_Caption_2026_valid_377","Echocardiogram showing ectopic focus with posterior C-section scar and uterine tissue indicated."
"ImageCLEFmedical_Caption_2026_valid_378","Transvaginal ultrasound showing POSS incision and C-section scar."
"ImageCLEFmedical_Caption_2026_valid_379","Chest X-ray showing cervical spine and thoracic region with arrows indicating abnormal findings."
"ImageCLEFmedical_Caption_2026_valid_380","Chest X-ray showing a patient with a central line and bilateral lung fields, with no obvious acute pathology."
"ImageCLEFmedical_Caption_2026_valid_381","CT scan showing a large pelvic mass with a central air-filled structure, indicated by the red arrow."
"ImageCLEFmedical_Caption_2026_valid_382","Pelvic X-ray showing hip joint alignment with red arrows indicating potential dislocation or misalignment, and a green arrow marking the sacroiliac joint."
"ImageCLEFmedical_Caption_2026_valid_383","Pelvic X-ray showing multiple arrow indicators pointing to hip joint abnormalities."
"ImageCLEFmedical_Caption_2026_valid_384","Ultrasound image showing abdominal structures with a red arrow indicating a structure and white arrows pointing to surrounding tissues, with the stomach labeled."
"ImageCLEFmedical_Caption_2026_valid_385","MRI showing orbital lesions with arrows indicating abnormal tissue in the eye sockets."
"ImageCLEFmedical_Caption_2026_valid_386","Axial brain MRI showing bilateral cerebellar lesions with arrows indicating abnormal signal intensity."
"ImageCLEFmedical_Caption_2026_valid_387","CT scan showing enlarged adrenal glands with arrows indicating bilateral adrenal hyperplasia or adenoma."
"ImageCLEFmedical_Caption_2026_valid_388","CT scan showing a large pelvic mass with a red arrow indicating the lesion."
"ImageCLEFmedical_Caption_2026_valid_389","Arrow indicates a pulmonary lesion or opacity in the left lower lung field."
"ImageCLEFmedical_Caption_2026_valid_390","AP erect chest X-ray showing cardiac silhouette and rib cage with no apparent abnormalities."
"ImageCLEFmedical_Caption_2026_valid_391","CT scan showing a lung nodule with a yellow arrow indicating a focal lesion in the left lung field."
"ImageCLEFmedical_Caption_2026_valid_392","Portable chest X-ray showing a supine patient with visible rib cage, spine, and heart shadow."
"ImageCLEFmedical_Caption_2026_valid_393","Thoracic CT scan showing right lower lobe consolidation with arrow indicating area of interest."
"ImageCLEFmedical_Caption_2026_valid_394","Coronal CT scan showing a fracture of the proximal humerus with a visible discontinuity in the bone cortex."
"ImageCLEFmedical_Caption_2026_valid_395","Radiograph showing a large, well-defined, lucent lesion in the right upper lung field, consistent with a pulmonary cyst or abscess."
"ImageCLEFmedical_Caption_2026_valid_396","Right-sided pneumothorax indicated by red arrow on chest X-ray."
"ImageCLEFmedical_Caption_2026_valid_397","CT scan showing a fracture of the humerus indicated by the red arrow."
"ImageCLEFmedical_Caption_2026_valid_398","Shoulder MRI showing rotator cuff tear with indicated pathology near greater tuberosity."
"ImageCLEFmedical_Caption_2026_valid_399","Echocardiogram showing right ventricle (RV) and left ventricle (LV) with normal cardiac structure and no evident abnormalities."
"ImageCLEFmedical_Caption_2026_valid_400","Transducer ultrasound image showing two large, dark, well-defined masses within the breast tissue."
"ImageCLEFmedical_Caption_2026_valid_401","Arrow indicates cervical spinal cord lesion."
"ImageCLEFmedical_Caption_2026_valid_402","Arrow indicates a cervical spinal cord lesion."
"ImageCLEFmedical_Caption_2026_valid_403","Radiograph showing multiple teeth with visible root structures and surrounding bone density."
"ImageCLEFmedical_Caption_2026_valid_404","Dental radiograph showing multiple teeth with varying degrees of root canal filling and surrounding bone density."
"ImageCLEFmedical_Caption_2026_valid_405","Root canal treatment with obturation material visible in the canal."
"ImageCLEFmedical_Caption_2026_valid_406","Coronary artery imaging showing a region of myocardial perfusion with color-coded flow dynamics overlaid on a cardiac CT scan."
"ImageCLEFmedical_Caption_2026_valid_407","PET-CT scan showing high metabolic activity in pelvic region with green lines indicating target area for radiotherapy."
"ImageCLEFmedical_Caption_2026_valid_408","Cross-sectional scan showing measured anatomical structures with lengths of 3.578 cm and 5.492 cm, and an angle of 9.89°."
"ImageCLEFmedical_Caption_2026_valid_409","3D rendered cardiac scan with measured structural dimensions and angle indicators."
"ImageCLEFmedical_Caption_2026_valid_410","Arrow indicates intracranial hemorrhage on CT scan."
"ImageCLEFmedical_Caption_2026_valid_411","CT scan showing bilateral optic nerve enhancement with arrows indicating focal hyperdensity in the orbits."
"ImageCLEFmedical_Caption_2026_valid_412","Axial brain MRI showing cerebellar and brainstem structures with marked signal intensity changes in the posterior fossa."
"ImageCLEFmedical_Caption_2026_valid_413","Vertebral body with posterior inferior rim erosion and adjacent soft tissue density."
"ImageCLEFmedical_Caption_2026_valid_414","Spinal MRI showing disc herniation with arrow indicating foraminal compression."
"ImageCLEFmedical_Caption_2026_valid_415","MRI scan showing pelvic anatomy with highlighted structure."
"ImageCLEFmedical_Caption_2026_valid_416","CT scan showing abdominal cross-section with visible organs and structures."
"ImageCLEFmedical_Caption_2026_valid_417","X-ray image showing humeral head, glenoid, and coracoid bone block with screws in shoulder joint."
"ImageCLEFmedical_Caption_2026_valid_418","MRI showing shoulder joint with labeled structures: Hyoid, Tendon, and Thoracic Cervical region."
"ImageCLEFmedical_Caption_2026_valid_419","MRI showing a thyroid (T) and hyoid bone (Hyb) with arrows indicating anatomical landmarks."
"ImageCLEFmedical_Caption_2026_valid_420","PET scan showing multiple metastatic lesions in thoracic and abdominal regions."
"ImageCLEFmedical_Caption_2026_valid_421","Spinal MRI showing vertebral alignment and spinal canal morphology with indicated region of interest."
"ImageCLEFmedical_Caption_2026_valid_422","Spinal cord MRI showing vertebral column with red arrow indicating spinal alignment and yellow arrow pointing to cervical region."
"ImageCLEFmedical_Caption_2026_valid_423","CT scan showing hepatic lesions with arrows indicating focal areas of abnormality within the liver parenchyma."
"ImageCLEFmedical_Caption_2026_valid_424","Echocardiogram showing cardiac structure with measurement markers and imaging parameters displayed."
"ImageCLEFmedical_Caption_2026_valid_425","CT scan showing liver with arrow indicating focal lesion and surrounding vascular structures."
"ImageCLEFmedical_Caption_2026_valid_426","Echocardiogram showing cardiac structure with measured distances and areas in the right atrium and ventricle."
"ImageCLEFmedical_Caption_2026_valid_427","CT scan showing a thoracic mass measuring 3.71 cm and 3.19 cm in different dimensions."
"ImageCLEFmedical_Caption_2026_valid_428","Liver with focal lesion indicated by arrow."
"ImageCLEFmedical_Caption_2026_valid_429","Angiographic image showing a stent deployed within a vascular structure, indicated by the yellow arrow."
"ImageCLEFmedical_Caption_2026_valid_430","Liver with focal lesion indicated by red arrow on CT scan."
"ImageCLEFmedical_Caption_2026_valid_431","Angiographic image showing a catheter with a coil deployed in a vascular structure, indicated by the green arrow."
"ImageCLEFmedical_Caption_2026_valid_432","Pelvic X-ray showing hip joint with surgical screw in place"
"ImageCLEFmedical_Caption_2026_valid_433","Pelvic radiograph showing Klein's line on the left hip."
"ImageCLEFmedical_Caption_2026_valid_434","Radiograph showing Southwick angle measurement on the right hip joint."
"ImageCLEFmedical_Caption_2026_valid_435","X-ray showing Klein's line on the femur"
"ImageCLEFmedical_Caption_2026_valid_436","Pelvic X-ray showing hip joint with surgical screw in femoral head."
"ImageCLEFmedical_Caption_2026_valid_437","Hip X-ray showing a surgical screw in the femoral head region."
"ImageCLEFmedical_Caption_2026_valid_438","Hip joint X-ray showing a surgical screw in the femoral head."
"ImageCLEFmedical_Caption_2026_valid_439","Radiograph showing joint space narrowing and osteophyte formation at the knee joint."
"ImageCLEFmedical_Caption_2026_valid_440","MRI showing cervical spine with red and blue arrows indicating pathological changes in vertebral bodies and intervertebral disc."
"ImageCLEFmedical_Caption_2026_valid_441","Cervical spine with suspected cervical spine fracture indicated by arrow"
"ImageCLEFmedical_Caption_2026_valid_442","CT scan showing bilateral renal contours with central spinal column and surrounding abdominal organs."
"ImageCLEFmedical_Caption_2026_valid_443","Echocardiogram showing mitral valve with arrow indicating possible mitral regurgitation."
"ImageCLEFmedical_Caption_2026_valid_444","Echocardiogram showing a cardiac structure with a red arrow indicating a specific region of interest, with a distance measurement of 1.32 cm displayed."
"ImageCLEFmedical_Caption_2026_valid_445","Shoulder X-ray showing a fracture at the acromioclavicular joint indicated by the red arrow."
"ImageCLEFmedical_Caption_2026_valid_446","Shoulder X-ray showing acromioclavicular joint with red arrow indicating joint space narrowing and possible osteoarthritis."
"ImageCLEFmedical_Caption_2026_valid_447","CT scan of thoracic region with overlaid grid for segmentation analysis."
"ImageCLEFmedical_Caption_2026_valid_448","MRI of cervical spine showing spinal cord and vertebral alignment with annotated landmarks."
"ImageCLEFmedical_Caption_2026_valid_449","MRI showing enlarged tonsils with arrow pointing to the region of the pharynx."
"ImageCLEFmedical_Caption_2026_valid_450","Abdominal radiograph showing bowel gas patterns with a measuring scale on the right side."
"ImageCLEFmedical_Caption_2026_valid_451","CT scan showing a large abdominal mass with a needle inserted into it."
"ImageCLEFmedical_Caption_2026_valid_452","Ultrasound image showing heterogeneous thyroid gland with focal nodules and surrounding tissue."
"ImageCLEFmedical_Caption_2026_valid_453","Mammogram showing dense breast tissue with scattered calcifications and architectural distortion."
"ImageCLEFmedical_Caption_2026_valid_454","Mammogram showing dense breast tissue with scattered calcifications and fibrous structures."
"ImageCLEFmedical_Caption_2026_valid_455","Weight-bearing X-ray of the foot showing a screw and a plate fixation device."
"ImageCLEFmedical_Caption_2026_valid_456","X-ray of right foot in weight-bearing position showing bone structure and alignment of toes, metatarsals, and tarsals."
"ImageCLEFmedical_Caption_2026_valid_457","Right foot X-ray showing a foreign body within the foot, with visible bone structures and a radiopaque object."
"ImageCLEFmedical_Caption_2026_valid_458","A chest X-ray showing a green arrow pointing to a radiopaque object in the left lower lung field, likely a foreign body or medical device."
"ImageCLEFmedical_Caption_2026_valid_459","CT scan showing lung lesion with green arrows indicating multiple small nodules in the left lower lobe."
"ImageCLEFmedical_Caption_2026_valid_460","CT scan showing a large hepatic lesion with arrow indicating area of interest."
"ImageCLEFmedical_Caption_2026_valid_461","Right-sided pleural effusion with arrow indicating fluid collection."
"ImageCLEFmedical_Caption_2026_valid_462","Angiogram showing a vascular anomaly with a highlighted region indicating a possible fistula or abnormal vessel connection."
"ImageCLEFmedical_Caption_2026_valid_463","X-ray showing a catheter positioned in the thoracic region with a yellow arrow indicating the catheter tip."
"ImageCLEFmedical_Caption_2026_valid_464","CT scan showing nasal sinus inflammation with marked mucosal thickening and opacification."
"ImageCLEFmedical_Caption_2026_valid_465","MRI showing bilateral orbital masses with red arrows indicating abnormal lesions."
"ImageCLEFmedical_Caption_2026_valid_466","CT scan showing nasal cavity with red arrow indicating a potential abnormality or lesion in the nasal region."
"ImageCLEFmedical_Caption_2026_valid_467","CT scan showing liver with measured distances and arrow indicating lesion."
"ImageCLEFmedical_Caption_2026_valid_468","MRI scan showing liver with arrow indicating lesion and black arrow pointing to adjacent structure"
"ImageCLEFmedical_Caption_2026_valid_469","Axial MRI scan showing liver with focal lesion and surrounding anatomical structures."
"ImageCLEFmedical_Caption_2026_valid_470","CT scan showing ectopic varices near the rectum and small bowel."
"ImageCLEFmedical_Caption_2026_valid_471","Ultrasound image showing ileal varices and ascites with color Doppler flow visualization."
"ImageCLEFmedical_Caption_2026_valid_472","Intravenous urography showing renal pelvis and ureter with contrast medium."
"ImageCLEFmedical_Caption_2026_valid_473","Intraoperative fluoroscopic image showing a guidewire positioned within a vascular structure, with anatomical landmarks indicated as R and L."
"ImageCLEFmedical_Caption_2026_valid_474","Abdominal aorta and renal arteries in a radiographic view with anatomical landmarks labeled R and L."
"ImageCLEFmedical_Caption_2026_valid_475","Intraoperative fluoroscopic image showing a catheter positioned within the thoracic cavity, with rib and vertebral landmarks visible."
"ImageCLEFmedical_Caption_2026_valid_476","Coronary angiogram showing normal arterial flow with no visible stenosis or obstruction."
"ImageCLEFmedical_Caption_2026_valid_477","Coronary angiogram showing a stenotic lesion in the left main coronary artery with a distal branch obstruction."
"ImageCLEFmedical_Caption_2026_valid_478","Cervical spine CT showing a vertebral body fracture at the C4 level indicated by the white triangle."
"ImageCLEFmedical_Caption_2026_valid_479","CT scan showing cervical spine with vertebral alignment and surrounding soft tissue structures."
"ImageCLEFmedical_Caption_2026_valid_480","Brain MRI showing a large cerebellar lesion with surrounding edema and mass effect."
"ImageCLEFmedical_Caption_2026_valid_481","CT scan showing a pancreatic mass with arrow indicating lesion."
"ImageCLEFmedical_Caption_2026_valid_482","Arrow indicates a thrombus in the cerebral artery."
"ImageCLEFmedical_Caption_2026_valid_483","CT scan showing liver with a large heterogeneous mass in the right lobe."
"ImageCLEFmedical_Caption_2026_valid_484","Chest X-ray showing two central venous catheters in place."
"ImageCLEFmedical_Caption_2026_valid_485","CT chest without contrast showing cardiac silhouette and thoracic structures."
"ImageCLEFmedical_Caption_2026_valid_486","Catheter positioned in the left ventricle, indicated by white arrow."
"ImageCLEFmedical_Caption_2026_valid_487","Echocardiogram showing cardiac structure with measurement markers."
"ImageCLEFmedical_Caption_2026_valid_488","CT scan showing abdominal aorta and inferior vena cava with arrows indicating possible thrombus or obstruction."
"ImageCLEFmedical_Caption_2026_valid_489","CT scan showing a large hepatic lesion with central necrosis and surrounding inflammation."
"ImageCLEFmedical_Caption_2026_valid_490","CT scan showing a dilated segment of the stomach with a prominent air-filled structure indicated by the arrow."
"ImageCLEFmedical_Caption_2026_valid_491","MRI showing a uterine leiomyoma indicated by the yellow arrow."
"ImageCLEFmedical_Caption_2026_valid_492","MRI showing uterine cavity with two blue arrows indicating abnormal intracavitary structures."
"ImageCLEFmedical_Caption_2026_valid_493","MRI showing pelvic organ with yellow arrow indicating abnormality and blue arrow pointing to adjacent structure."
"ImageCLEFmedical_Caption_2026_valid_494","Ultrasound image showing a structure with measurements 20.6 mm and 5.3 mm, marked with red dotted lines and labeled points."
"ImageCLEFmedical_Caption_2026_valid_495","MRI showing cerebellar cysts with associated brainstem abnormalities"
"ImageCLEFmedical_Caption_2026_valid_496","MRA showing intracranial vascular malformation with marked abnormal vessel proliferation and flow distortion near the right hemisphere."
"ImageCLEFmedical_Caption_2026_valid_497","Posterior-anterior chest X-ray showing symmetrical lung fields, clear cardiac silhouette, and normal rib cage without evident pathologies."
"ImageCLEFmedical_Caption_2026_valid_498","Dental implant with annotated regions A and B, shown in two views with VBL label."
"ImageCLEFmedical_Caption_2026_valid_499","Echocardiogram showing cardiac function with HR 167.77 bpm, PS 30.0 cm/s, ED 12.0 cm/s, and AO% 100."
"ImageCLEFmedical_Caption_2026_valid_500","Ultrasound image showing a fetal structure with labeled regions FF and POD, indicating fetal features and possibly the placenta or fetal position."
"ImageCLEFmedical_Caption_2026_valid_501","CT scan showing bilateral lung consolidation with air bronchogram and central mediastinal shift."
"ImageCLEFmedical_Caption_2026_valid_502","MRI showing hypoplastic pituitary gland with arrow indicating hypoplasia"
"ImageCLEFmedical_Caption_2026_valid_503","CT scan showing pelvic cross-section with measured dimensions of 99.73mm and 37.71mm."
"ImageCLEFmedical_Caption_2026_valid_504","AP portable chest X-ray showing multiple green arrows indicating areas of increased opacity in the left lung field, suggestive of possible consolidation or infiltrate."
"ImageCLEFmedical_Caption_2026_valid_505","CT scan showing a 15.21mm lesion in the thoracic region with surrounding anatomical structures visible."
"ImageCLEFmedical_Caption_2026_valid_506","Angiogram showing a stent placed in a coronary artery with contrast dye visualization."
"ImageCLEFmedical_Caption_2026_valid_507","Brain MRI showing cerebellar structure with red arrow indicating abnormality."
"ImageCLEFmedical_Caption_2026_valid_508","CT scan showing cervical spine and surrounding soft tissue structures at axial plane."
"ImageCLEFmedical_Caption_2026_valid_509","MRI scan showing pelvic region with prominent central structure and surrounding anatomical details."
"ImageCLEFmedical_Caption_2026_valid_510","Pelvic X-ray showing bilateral hip joint abnormalities with evident joint space narrowing and subchondral sclerosis."
"ImageCLEFmedical_Caption_2026_valid_511","CT scan showing foot and ankle with bone fragmentation and soft tissue swelling."
"ImageCLEFmedical_Caption_2026_valid_512","CT scan showing bilateral pulmonary nodules with measurements of 51.0 mm and 22.8 mm."
"ImageCLEFmedical_Caption_2026_valid_513","CT scan showing thoracic cross-section with lungs, trachea, and vertebral body visible."
"ImageCLEFmedical_Caption_2026_valid_514","LAO view showing RCA with overlapped vessel indicated by arrow."
"ImageCLEFmedical_Caption_2026_valid_515","LAO view showing anomalous origin of right coronary artery from left sinus with RCA 100% occluded"
"ImageCLEFmedical_Caption_2026_valid_516","LAD and LCX coronary artery anatomy in LAO caudal view with long left main artery indicated"
"ImageCLEFmedical_Caption_2026_valid_517","LAO Caudal View Coronary Angiogram Showing LAD, LM, and LCX Vessels"
"ImageCLEFmedical_Caption_2026_valid_518","Lateral view of coronary angiogram showing post-angioplasty posterior division of right coronary artery with anterior sternum and posterior vertebra landmarks."
"ImageCLEFmedical_Caption_2026_valid_519","Eccentric thrombotic lesion seen after predilation in RAO view"
"ImageCLEFmedical_Caption_2026_valid_520","LAO view post-PCI showing RCA, PLV, and sinoatrial branch."
"ImageCLEFmedical_Caption_2026_valid_521","LAO view pre-PCI showing 100% occlusion of RCA"
"ImageCLEFmedical_Caption_2026_valid_522","Angiogram showing occluded stump in right coronary artery (RCA) viewed from shallow AP caudal angle."
"ImageCLEFmedical_Caption_2026_valid_523","Lateral view of heart showing occluded posterior stump and anterior division of RCA artery with anterior sternum and posterior vertebra labeled."
"ImageCLEFmedical_Caption_2026_valid_524","AP cranial view post-PCI showing PLV continuing in the left AV groove and PDA."
"ImageCLEFmedical_Caption_2026_valid_525","LAO view showing modified Judkins left catheter deeply intubated with BMW wire and catheter resting on aortic sinus for support via Swan neck maneuver."
"ImageCLEFmedical_Caption_2026_valid_526","Post angioplasty LAO view showing anterior and posterior divisions of right coronary artery (RCA)"
"ImageCLEFmedical_Caption_2026_valid_527","Lateral view showing stent deployed over bmw wire in posterior division with sion wire in anterior division and anterior sternum and posterior vertebra labeled."
"ImageCLEFmedical_Caption_2026_valid_528","LAO view showing post-stenting RCA and left aortic sinus filling from sinus shot."
"ImageCLEFmedical_Caption_2026_valid_529","Eccentric thrombotic lesion seen after pre-dilatation in LAO view"
"ImageCLEFmedical_Caption_2026_valid_530","AP cranial view of coronary angiogram showing normal location of LCX with LAD indicated by arrow"
"ImageCLEFmedical_Caption_2026_valid_531","Ultrasound image labeled ""SPLEEN"" showing the spleen with a guiding line and crosshair markers."
"ImageCLEFmedical_Caption_2026_valid_532","Ultrasound image showing spleen, cyst, and stomach with labeled anatomical structures."
"ImageCLEFmedical_Caption_2026_valid_533","CT scan showing a large cystic lesion in the right lower lobe of the lung, indicated by the red arrow."
"ImageCLEFmedical_Caption_2026_valid_534","CT scan showing bilateral pulmonary nodules with arrows indicating areas of interest."
"ImageCLEFmedical_Caption_2026_valid_535","CT scan showing a mediastinal mass indicated by a red arrow."
"ImageCLEFmedical_Caption_2026_valid_536","CT scan showing bilateral pulmonary infiltrates with arrows indicating areas of consolidation."
"ImageCLEFmedical_Caption_2026_valid_537","CT scan showing a large right-sided hepatic lesion with a red arrow indicating the area of interest."
"ImageCLEFmedical_Caption_2026_valid_538","CT scan showing abdominal aorta with arrow indicating an aneurysm."
"ImageCLEFmedical_Caption_2026_valid_539","Ultrasound image showing a fluid-filled structure with crosshair markers indicating a measurement of 1.26 cm."
"ImageCLEFmedical_Caption_2026_valid_540","MRI image showing a knee joint with a blue arrow indicating a lesion or abnormality in the medial joint space."
"ImageCLEFmedical_Caption_2026_valid_541","Shoulder X-ray showing joint dislocation with visible bone alignment disruption."
"ImageCLEFmedical_Caption_2026_valid_542","Yellow arrow indicates a lesion in the spinal cord region."
"ImageCLEFmedical_Caption_2026_valid_543","Chest X-ray showing multiple pulmonary nodules with measured diameters of 15.6 mm, 23.2 mm, 26.9 mm, and 29.8 mm."
"ImageCLEFmedical_Caption_2026_valid_544","Echocardiogram showing right atrium and right ventricle with cardiac rhythm displayed."
"ImageCLEFmedical_Caption_2026_valid_545","Chest X-ray showing bilateral pulmonary infiltrates with central airway tubes and a cardiac silhouette."
"ImageCLEFmedical_Caption_2026_valid_546","CT scan showing a lung nodule in the right lower lobe with a small arrow indicating the lesion."
"ImageCLEFmedical_Caption_2026_valid_547","PET scan showing multiple hypermetabolic lesions in thoracic and abdominal regions."
"ImageCLEFmedical_Caption_2026_valid_548","Cardiac silhouette enlarged with obscured lung fields and mediastinal shift."
"ImageCLEFmedical_Caption_2026_valid_549","AP supine pelvic X-ray showing bilateral hip joints with a radiopaque foreign object in the pelvic region."
"ImageCLEFmedical_Caption_2026_valid_550","Hip X-ray showing a cluster of foreign objects near the acetabulum."
"ImageCLEFmedical_Caption_2026_valid_551","Brain MRI scan showing postoperative changes with visible cerebellar and brainstem structures."
"ImageCLEFmedical_Caption_2026_valid_552","Brain MRI showing symmetrical structures with white dashed outline indicating region of interest."
"ImageCLEFmedical_Caption_2026_valid_553","MRI showing pancreatic duct with arrow indicating dilation or obstruction."
"ImageCLEFmedical_Caption_2026_valid_554","Cerebral hemorrhage with mass effect and midline shift indicated by arrow."
"ImageCLEFmedical_Caption_2026_valid_555","MRI image showing the medial meniscus with a measurement indicator labeled MME."
"ImageCLEFmedical_Caption_2026_valid_556","MRI showing a large cystic lesion with internal septations and a prominent central cavity, indicated by the yellow arrow."
"ImageCLEFmedical_Caption_2026_valid_557","Endoscopic view with arrow indicating lesion."
"ImageCLEFmedical_Caption_2026_valid_558","Weight bearing radiograph of left lower leg and foot showing normal bone structure and alignment."
"ImageCLEFmedical_Caption_2026_valid_559","True AP WB radiograph of left lower leg showing surgical fixation with screws and plate at ankle joint."
"ImageCLEFmedical_Caption_2026_valid_560","Arrow indicates a bone lesion in the distal tibia."
"ImageCLEFmedical_Caption_2026_valid_561","Weight-bearing lateral radiograph of left ankle with two screws in place."
"ImageCLEFmedical_Caption_2026_valid_562","MRI showing a joint with an arrow indicating a lesion or abnormality."
"ImageCLEFmedical_Caption_2026_valid_563","Ankle X-ray showing a screw and plate fixation device in the tibia and fibula."
"ImageCLEFmedical_Caption_2026_valid_564","CT scan showing spinal column with surrounding abdominal organs and vascular structures."
"ImageCLEFmedical_Caption_2026_valid_565","CT scan showing liver, kidneys, and surrounding abdominal structures with visible vascular and parenchymal details."
"ImageCLEFmedical_Caption_2026_valid_566","CT scan showing abdominal organs with visible liver, kidneys, and spinal column."
"ImageCLEFmedical_Caption_2026_valid_567","Doppler ultrasound image showing blood flow with velocity scale indicating speeds up to 16.3 m/s."
"ImageCLEFmedical_Caption_2026_valid_568","Transvaginal ultrasound image showing a uterus with visible endometrial cavity and surrounding myometrial tissue."
"ImageCLEFmedical_Caption_2026_valid_569","Ultrasound image showing a gestational sac with a measured distance indicated by a red line between two crosshairs."
"ImageCLEFmedical_Caption_2026_valid_570","Color Doppler echocardiogram showing left atrium (LA) and left ventricle (LV) with flow patterns."
"ImageCLEFmedical_Caption_2026_valid_571","CT scan showing the left atrium (LA) with surrounding cardiac structures."
"ImageCLEFmedical_Caption_2026_valid_572","Echocardiogram showing left ventricle (LV) and left atrium (LA) with measurement markers."
"ImageCLEFmedical_Caption_2026_valid_573","Ultrasound image showing a cross-sectional view of the abdomen with three white arrows indicating anatomical structures and a central asterisk marking a specific point of interest."
"ImageCLEFmedical_Caption_2026_valid_574","Endoscopic view showing a flexible catheter with a curved tip navigating through a tubular structure."
"ImageCLEFmedical_Caption_2026_valid_575","Panoramic radiograph showing a tooth with a black arrow pointing to it on the right side of the mandible."
"ImageCLEFmedical_Caption_2026_valid_576","Abdominal CT scan showing pelvic organs with no apparent acute pathology."
"ImageCLEFmedical_Caption_2026_valid_577","Pelvic CT scan showing bony pelvis and surrounding soft tissues with no obvious acute abnormalities."
"ImageCLEFmedical_Caption_2026_valid_578","Pelvic CT scan showing bony pelvis and surrounding soft tissues with no obvious acute abnormalities."
"ImageCLEFmedical_Caption_2026_valid_579","CT scan showing pelvic region with bony pelvis and surrounding soft tissue structures."
"ImageCLEFmedical_Caption_2026_valid_580","CT scan showing pelvic cross-section with visible pelvic bones, bowel loops, and surrounding soft tissues."
"ImageCLEFmedical_Caption_2026_valid_581","Radiographic view of left ventricle with basal and apex regions labeled."
"ImageCLEFmedical_Caption_2026_valid_582","Angiogram showing left anterior descending (LAD) and left circumflex (LCX) coronary arteries with annotations."
"ImageCLEFmedical_Caption_2026_valid_583","Echocardiogram showing left ventricular ejection fraction of 40.30% with labeled chambers: LV, RV, RA, LA."
"ImageCLEFmedical_Caption_2026_valid_584","Angiogram showing right coronary artery (RCA) with contrast injection."
"ImageCLEFmedical_Caption_2026_valid_585","Coronary angiogram showing left circumflex (LCX) and left anterior descending (LAD) arteries with annotations."
"ImageCLEFmedical_Caption_2026_valid_586","X-ray showing elbow joint with arrow indicating joint space narrowing and possible osteoarthritis changes."
"ImageCLEFmedical_Caption_2026_valid_587","Spinal cord MRI showing a lesion at the level of the cervical spine, indicated by the red arrow."
"ImageCLEFmedical_Caption_2026_valid_588","Spinal MRI showing a lesion at the level of the arrow."
"ImageCLEFmedical_Caption_2026_valid_589","Renal mass with central necrosis and peripheral enhancement on contrast-enhanced MRI."
"ImageCLEFmedical_Caption_2026_valid_590","Radiograph showing enlarged cardiac silhouette with obscured lung fields."
"ImageCLEFmedical_Caption_2026_valid_591","MRI showing bilateral adrenal gland enlargement with arrow indications"
"ImageCLEFmedical_Caption_2026_valid_592","Spinal MRI showing a lesion at the level of the indicated arrow."
"ImageCLEFmedical_Caption_2026_valid_593","Ultrasound image of left supraspinatus tendon with measurements: Dist A 36.3mm, Dist B 10.1mm."
"ImageCLEFmedical_Caption_2026_valid_594","Ultrasound image of right wrist dorsal showing a highlighted structure."
"ImageCLEFmedical_Caption_2026_valid_595","Ultrasound image showing a 2 MCP radial structure with a white arrow indicating a specific anatomical feature."
"ImageCLEFmedical_Caption_2026_valid_596","Ultrasound image showing a hypoechoic lesion with internal bright red echoes, suggestive of a thyroid nodule with possible calcification or hemorrhage."
"ImageCLEFmedical_Caption_2026_valid_597","Panoramic radiograph showing dental implants and natural teeth with visible root structures and surrounding alveolar bone."
"ImageCLEFmedical_Caption_2026_valid_598","X-ray showing two orthopedic implants with labeled points a and b."
"ImageCLEFmedical_Caption_2026_valid_599","Echocardiogram showing enlarged heart with measured dimensions and volume parameters."
"ImageCLEFmedical_Caption_2026_valid_600","Pneumothorax with visible air collection in the pleural space indicated by arrows."
"ImageCLEFmedical_Caption_2026_valid_601","CT scan showing a large bowel obstruction with distended colon and air-fluid levels."
"ImageCLEFmedical_Caption_2026_valid_602","CT scan showing a red arrow pointing to a mass in the pelvic region."
"ImageCLEFmedical_Caption_2026_valid_603","CT scan showing pelvic region with arrow indicating lesion or abnormality in the central area."
"ImageCLEFmedical_Caption_2026_valid_604","CT scan showing mediastinal masses with arrow indicators pointing to abnormal structures in the thoracic cavity."
"ImageCLEFmedical_Caption_2026_valid_605","CT scan showing multiple intrathoracic masses with arrows indicating lesions in the mediastinum and lung fields."
"ImageCLEFmedical_Caption_2026_valid_606","Radiograph showing shoulder joint with arrow pointing to a small radiopaque foreign body within the joint space."
"ImageCLEFmedical_Caption_2026_valid_607","Ultrasound image showing GT and HH with arrow annotations."
"ImageCLEFmedical_Caption_2026_valid_608","CT scan showing cardiac silhouette with arrows indicating possible intracardiac lesion or mass."
"ImageCLEFmedical_Caption_2026_valid_609","CT scan showing a mass in the upper abdomen with arrow indicating lesion."
"ImageCLEFmedical_Caption_2026_valid_610","Ultrasound image showing a hypoechoic lesion with a green tracking line and marker in the thyroid gland."
"ImageCLEFmedical_Caption_2026_valid_611","Ultrasound image showing a hypoechoic lesion with a yellow dotted outline."
"ImageCLEFmedical_Caption_2026_valid_612","CT scan showing liver with green arrows indicating areas of interest."
"ImageCLEFmedical_Caption_2026_valid_613","CT scan showing right lower lobe consolidation with arrow indicating area of concern."
"ImageCLEFmedical_Caption_2026_valid_614","CT scan showing a large abdominal mass measuring 13.41 cm."
"ImageCLEFmedical_Caption_2026_valid_615","Ultrasound image showing dorsal aspect of hand with directional arrows indicating anatomical layers."
"ImageCLEFmedical_Caption_2026_valid_616","Ultrasound image showing ventral view with color Doppler flow mapping indicating blood flow patterns in labeled regions A, B, and C."
"ImageCLEFmedical_Caption_2026_valid_617","Skeletal fracture with evident cortical disruption indicated by arrow."
"ImageCLEFmedical_Caption_2026_valid_618","Anterior-posterior pelvic X-ray showing right hip replacement with arrow indicating implant position."
"ImageCLEFmedical_Caption_2026_valid_619","Hip X-ray showing right side with arrow indicating lesion on right femoral head"
"ImageCLEFmedical_Caption_2026_valid_620","Panoramic dental radiograph showing upper and lower teeth with orthodontic appliance in place."
"ImageCLEFmedical_Caption_2026_valid_621","Ultrasonic image showing a large, dark, fluid-filled structure with surrounding tissue and echogenicity."
"ImageCLEFmedical_Caption_2026_valid_622","Portable chest X-ray in semi-erect position showing cardiac silhouette and mediastinal structures with electrode placement."
"ImageCLEFmedical_Caption_2026_valid_623","CT scan showing a central, radiating lesion with a star-like appearance in the cervical region."
"ImageCLEFmedical_Caption_2026_valid_624","Axial CT scan showing cerebral structures with labeled regions 1, 2, and 3."
"ImageCLEFmedical_Caption_2026_valid_625","Abdominal CT scan showing vertebral body with surrounding soft tissue and bowel structures."
"ImageCLEFmedical_Caption_2026_valid_626","CT scan showing pelvic bones and surrounding abdominal organs."
"ImageCLEFmedical_Caption_2026_valid_627","CT scan showing cervical spine and surrounding soft tissues with no obvious fractures or abnormalities."
"ImageCLEFmedical_Caption_2026_valid_628","CT scan showing cervical spine and upper thoracic region with visible vertebral bodies and surrounding soft tissues."
"ImageCLEFmedical_Caption_2026_valid_629","Ultrasound image showing thyroid gland with heterogeneous echotexture and a prominent hypoechoic nodule."
"ImageCLEFmedical_Caption_2026_valid_630","Panoramic radiograph showing dental arch with visible roots and surrounding bone structure."
"ImageCLEFmedical_Caption_2026_valid_631","Panoramic radiograph showing dental implants in the mandible with visible bone integration."
"ImageCLEFmedical_Caption_2026_valid_632","Panoramic radiograph showing dental arch with labeled anatomical regions and orthodontic appliance."
"ImageCLEFmedical_Caption_2026_valid_633","Panoramic radiograph showing multiple dental implants in the mandible."
"ImageCLEFmedical_Caption_2026_valid_634","Intraoperative radiograph showing CBB (cemented bipolar implant) during hip surgery with multiple screws and surgical instrument visible."
"ImageCLEFmedical_Caption_2026_valid_635","Panoramic radiograph showing dental arch with arrow indicating a radiolucent lesion in the mandible."
"ImageCLEFmedical_Caption_2026_valid_636","MRI scan showing pelvic region with highlighted prostate gland."
"ImageCLEFmedical_Caption_2026_valid_637","Panoramic radiograph showing multiple arrowed teeth with varying degrees of calcification and surrounding bone structure."
"ImageCLEFmedical_Caption_2026_valid_638","Ultrasound image showing fetal structures with marked regions indicating developmental features."
"ImageCLEFmedical_Caption_2026_valid_639","Abdominal ultrasound image showing a dark, fluid-filled structure with measurement markers indicating distances of 5.98 cm and 3.76 cm."
"ImageCLEFmedical_Caption_2026_valid_640","Ultrasound image showing the portal vein (PV) with a dotted line indicating its location."
"ImageCLEFmedical_Caption_2026_valid_641","Abdominal ultrasound image showing liver parenchyma with multiple hypoechoic areas indicated by yellow arrows."
"ImageCLEFmedical_Caption_2026_valid_642","Ultrasound image showing abdominal scan with measurement indicator and device parameters."
"ImageCLEFmedical_Caption_2026_valid_643","Abdominal CT scan showing liver, stomach, and spinal vertebrae with no apparent abnormalities."
"ImageCLEFmedical_Caption_2026_valid_644","Cardiac catheterization image showing contrast-filled coronary arteries and a catheter within the cardiac silhouette."
"ImageCLEFmedical_Caption_2026_valid_645","Renal pelvis and ureter imaging showing contrast medium flow through urinary tract."
"ImageCLEFmedical_Caption_2026_valid_646","Ultrasound image showing fetal profile with measured distances of 4.96 cm and 1.66 cm, captured on a Philips machine."
"ImageCLEFmedical_Caption_2026_valid_647","Occludech® Duct Occluder 15 mm in position during cardiac procedure"
"ImageCLEFmedical_Caption_2026_valid_648","Abdominal CT scan showing liver, kidneys, and spine at axial plane."
"ImageCLEFmedical_Caption_2026_valid_649","Radiograph showing a large, well-defined, rounded opacity in the right lower lung field, with a black arrow indicating the area of interest."
"ImageCLEFmedical_Caption_2026_valid_650","CT scan showing spinal alignment with arrow indicating vertebral anomaly."
"ImageCLEFmedical_Caption_2026_valid_651","CT scan showing spinal alignment with arrow indicating vertebral anomaly"
"ImageCLEFmedical_Caption_2026_valid_652","Pelvic X-ray showing spinal alignment and pelvic bones with no obvious fractures or abnormalities."
"ImageCLEFmedical_Caption_2026_valid_653","CT scan showing spinal alignment with arrow indicating vertebral anomaly"
"ImageCLEFmedical_Caption_2026_valid_654","MRI scan showing spinal vertebrae with red annotations indicating areas of concern."
"ImageCLEFmedical_Caption_2026_valid_655","CT scan showing a pulmonary nodule in the left lung field indicated by a blue arrow."
"ImageCLEFmedical_Caption_2026_valid_656","CT scan showing multiple bowel loops with red arrows indicating potential obstruction or dilation, and a yellow arrow pointing to the hepatic region (H)."
"ImageCLEFmedical_Caption_2026_valid_657","CT scan showing liver with two focal lesions indicated by arrows."
"ImageCLEFmedical_Caption_2026_valid_658","CT scan showing multiple small bowel loops with red arrows indicating possible obstructions or dilations."
"ImageCLEFmedical_Caption_2026_valid_659","Brain MRI showing a bright lesion in the basal ganglia region, indicated by a red arrow."
"ImageCLEFmedical_Caption_2026_valid_660","CT scan showing bilateral cervical lymphadenopathy with arrows indicating enlarged lymph nodes."
"ImageCLEFmedical_Caption_2026_valid_661","Lateral radiograph of the head and neck showing the skull, cervical spine, and dental structures."
"ImageCLEFmedical_Caption_2026_valid_662","AP chest X-ray showing a 39-year-old female with normal lung fields and cardiac silhouette."
"ImageCLEFmedical_Caption_2026_valid_663","CT scan showing mediastinal lymphadenopathy with arrow indicating enlarged lymph nodes."
"ImageCLEFmedical_Caption_2026_valid_664","Chest CT scan showing bilateral pulmonary consolidation with air bronchogram and interstitial infiltrates."
"ImageCLEFmedical_Caption_2026_valid_665","MRI scan showing a small rounded lesion in the posterior fossa region of the brain, indicated by a blue arrow."
"ImageCLEFmedical_Caption_2026_valid_666","CT scan showing a liver lesion with surrounding hepatic tissue and abdominal organs."
"ImageCLEFmedical_Caption_2026_valid_667","Panoramic dental radiograph showing full dental arch with visible teeth and jawbone structure."
"ImageCLEFmedical_Caption_2026_valid_668","Chest X-ray showing bilateral pulmonary infiltrates and right-sided pleural effusion."
"ImageCLEFmedical_Caption_2026_valid_669","CT scan showing enlarged kidneys with arrows indicating areas of concern."
"ImageCLEFmedical_Caption_2026_valid_670","Ultrasound image showing fetal structures with arrow indicating a specific anatomical feature."
"ImageCLEFmedical_Caption_2026_valid_671","Radiograph of left forearm with surgical plate fixation at wrist."
"ImageCLEFmedical_Caption_2026_valid_672","CT angiogram showing aortic dissection with red arrows indicating the tear and false lumen."
"ImageCLEFmedical_Caption_2026_valid_673","Anomalous Left Circumflex Artery Originating from Right Coronary Artery"
"ImageCLEFmedical_Caption_2026_valid_674","Abdominal ultrasound image showing liver and surrounding structures with no immediate pathological findings."
"ImageCLEFmedical_Caption_2026_valid_675","Panoramic radiograph showing two teeth with arrows indicating potential abnormalities or areas of interest."
"ImageCLEFmedical_Caption_2026_valid_676","Panoramic radiograph showing mandibular teeth with arrow indicating a dental anomaly or lesion."
"ImageCLEFmedical_Caption_2026_valid_677","Lateral skull radiograph showing dental arch with arrow indicating a tooth or implant in the lower jaw."
"ImageCLEFmedical_Caption_2026_valid_678","Panoramic radiograph showing two arrowed teeth with visible root resorption and periapical radiolucency."
"ImageCLEFmedical_Caption_2026_valid_679","Radiograph showing knee joint with red arrow indicating osteochondritis dissecans lesion."
"ImageCLEFmedical_Caption_2026_valid_680","PET scan showing multiple metabolically active lesions in the brain, thorax, and abdomen."
"ImageCLEFmedical_Caption_2026_valid_681","Hip joint with 29.2 mm measurement indicated."
"ImageCLEFmedical_Caption_2026_valid_682","Post-operative pelvic X-ray showing hip fixation with three screws and measured angle of 90.0° and distance of 22.56 mm."
"ImageCLEFmedical_Caption_2026_valid_683","Pneumothorax with visible air collection in the right lung field on chest X-ray."
"ImageCLEFmedical_Caption_2026_valid_684","Abdominal X-ray showing bowel gas pattern with pelvic landmarks and a small radiopaque object in the left lower quadrant."
"ImageCLEFmedical_Caption_2026_valid_685","Abdominal X-ray showing bowel gas pattern with marked distension and a small radiopaque object in the pelvis, indicated by the arrow."
"ImageCLEFmedical_Caption_2026_valid_686","CT scan showing a contrast-enhanced abdominal cross-section with a highlighted structure indicated by a yellow arrow."
"ImageCLEFmedical_Caption_2026_valid_687","Axial MRI of the shoulder showing muscle and tendon structures including RF, VL, VI, IP, S, TFL."
"ImageCLEFmedical_Caption_2026_valid_688","MRI scan showing bilateral rotator cuff muscles and surrounding structures with labeled anatomical regions including VI, RF, IP, S, and TFL."
"ImageCLEFmedical_Caption_2026_valid_689","Ultrasound image showing patella, quadriceps tendon, femur, and effusion in the knee joint."
"ImageCLEFmedical_Caption_2026_valid_690","Ultrasound image showing a needle in the tissue."
"ImageCLEFmedical_Caption_2026_valid_691","MRI showing pelvic anatomy with arrow indicating lesion in left pelvic region."
"ImageCLEFmedical_Caption_2026_valid_692","Lateral cephalogram with craniofacial landmarks and measurement lines for orthodontic analysis."
"ImageCLEFmedical_Caption_2026_valid_693","MRI scan showing a large ovarian mass with a measured dimension of 15.25 cm."
"ImageCLEFmedical_Caption_2026_valid_694","CT scan showing a large abdominal mass measuring 97.9 mm in diameter."
"ImageCLEFmedical_Caption_2026_valid_695","CT scan showing kidneys with a large renal mass and surrounding anatomical structures."
"ImageCLEFmedical_Caption_2026_valid_696","Abdominal CT scan showing bilateral renal calculi and hydronephrosis with urinary tract obstruction."
"ImageCLEFmedical_Caption_2026_valid_697","CT scan showing cervical spine and upper thoracic region with suspected vertebral body lesion and adjacent soft tissue abnormality."
"ImageCLEFmedical_Caption_2026_valid_698","Intraoral radiograph showing dental implant with surrounding bone structure and adjacent teeth."
"ImageCLEFmedical_Caption_2026_valid_699","Dental radiograph showing three molars with visible root canals and surrounding bone structure."
"ImageCLEFmedical_Caption_2026_valid_700","Dental radiograph showing a tooth with visible root canals and adjacent teeth."
"ImageCLEFmedical_Caption_2026_valid_701","Radiograph showing dental implant with surrounding bone and adjacent teeth."
"ImageCLEFmedical_Caption_2026_valid_702","Radiograph showing a tooth with multiple roots and surrounding periodontal structures."
"ImageCLEFmedical_Caption_2026_valid_703","MRI scan showing a large heterogeneous mass in the thoracic region with marked signal intensity, labeled 'P', indicating a potential pathological lesion."
"ImageCLEFmedical_Caption_2026_valid_704","Axial MRI showing a mass in the right upper lobe of the lung with a yellow arrow indicating the lesion."
"ImageCLEFmedical_Caption_2026_valid_705","MRI brain showing a lesion in the right cerebral hemisphere indicated by a red arrow."
"ImageCLEFmedical_Caption_2026_valid_706","Brain MRI showing a bright lesion in the right cerebral hemisphere indicated by a yellow arrow."
"ImageCLEFmedical_Caption_2026_valid_707","Cervical carotid artery with arrow indicating a vascular anomaly or stenosis."
"ImageCLEFmedical_Caption_2026_valid_708","CT scan showing a thoracic aortic aneurysm indicated by the arrow."
"ImageCLEFmedical_Caption_2026_valid_709","Posteroanterior chest X-ray showing normal lung fields, heart shadow, and rib cage with no obvious pathologies."
"ImageCLEFmedical_Caption_2026_valid_710","Axial brain MRI showing cerebellar and brainstem structures with no immediate focal lesions visible."
"ImageCLEFmedical_Caption_2026_valid_711","Ophthalmic ultrasound image showing vitreous, retina, and optic nerve with ONSD measurement of 0.35cm and 0.48cm."
"ImageCLEFmedical_Caption_2026_valid_712","Ultrasound image showing a hypoechoic lesion with a blue arrow indicating a focal area of interest within the pelvic region."
"ImageCLEFmedical_Caption_2026_valid_713","Ultrasound image showing a tubular structure with a blue arrow indicating a focal area of interest."
"ImageCLEFmedical_Caption_2026_valid_714","Axial CT scan showing bilateral cerebellar hypodensity with periventricular edema and midline shift."
"ImageCLEFmedical_Caption_2026_valid_715","Post-contrast brain MRI showing midline shift and abnormal signal intensity in the brainstem and cerebellum."
"ImageCLEFmedical_Caption_2026_valid_716","Brain CT scan showing a small hypodense lesion in the right cerebral hemisphere."
"ImageCLEFmedical_Caption_2026_valid_717","CT scan showing a mass in the right parotid gland area."
"ImageCLEFmedical_Caption_2026_valid_718","Chest X-ray showing enlarged cardiac silhouette with no obvious lung pathology or pneumothorax."
"ImageCLEFmedical_Caption_2026_valid_719","Thoracic CT scan showing bilateral lung fields with visible mediastinum and vertebral body."
"ImageCLEFmedical_Caption_2026_valid_720","MRI scan showing nasal cavity with arrow indicating nasal septal deviation"
"ImageCLEFmedical_Caption_2026_valid_721","Coronal MRI showing enlarged right orbital structure with arrow indicating lesion."
"ImageCLEFmedical_Caption_2026_valid_722","CT scan showing a pulmonary nodule in the right upper lobe indicated by a red arrow."
"ImageCLEFmedical_Caption_2026_valid_723","AP chest X-ray showing multiple pulmonary infiltrates and a central line catheter."
"ImageCLEFmedical_Caption_2026_valid_724","MRI showing brain with arrow indicating lesion in cerebellum region"
"ImageCLEFmedical_Caption_2026_valid_725","Brain MRI showing bilateral cerebellar lesions indicated by arrows."
"ImageCLEFmedical_Caption_2026_valid_726","MRI showing bilateral cerebellar lesions indicated by arrows."
"ImageCLEFmedical_Caption_2026_valid_727","Pelvic X-ray showing hip bones and spinal alignment with measurement markers."
"ImageCLEFmedical_Caption_2026_valid_728","X-ray image showing a flexible endoscope and a guide wire in the cervical spine region, with vertebral bodies and surrounding structures visible."
"ImageCLEFmedical_Caption_2026_valid_729","Arrow indicates a radiopaque foreign body in the gastrointestinal tract."
"ImageCLEFmedical_Caption_2026_valid_730","CT scan showing a large mass in the right lung field with a black arrow pointing to it."
"ImageCLEFmedical_Caption_2026_valid_731","CT scan showing a large left-sided lung mass with mediastinal shift."
"ImageCLEFmedical_Caption_2026_valid_732","CT scan showing multiple pulmonary nodules in the left lung field, indicated by arrows."
"ImageCLEFmedical_Caption_2026_valid_733","Right shoulder radiograph showing a large, well-defined, radiopaque mass in the proximal humerus region, consistent with a benign or malignant lesion."
"ImageCLEFmedical_Caption_2026_valid_734","Abdominal CT scan showing liver with arrow indicating lesion and spinal column with arrow indicating vertebral body."
"ImageCLEFmedical_Caption_2026_valid_735","Ultrasound image of abdomen showing a hypoechoic structure with a white arrow pointing to a region of interest and a triangle indicating a specific area."
"ImageCLEFmedical_Caption_2026_valid_736","MRI showing shoulder joint with red arrows indicating areas of abnormal signal intensity in the rotator cuff region."
"ImageCLEFmedical_Caption_2026_valid_737","Shoulder X-ray showing joint space narrowing and bone remodeling consistent with osteoarthritis."
"ImageCLEFmedical_Caption_2026_valid_738","Bifurcation of the ureter on radiographic imaging"
"ImageCLEFmedical_Caption_2026_valid_739","Radiographic image showing two pancreatic duct branches: a functional branch and a blind-ending branch."
"ImageCLEFmedical_Caption_2026_valid_740","CT scan showing duplicated ureter with a blind-ending branch."
"ImageCLEFmedical_Caption_2026_valid_741","Axial CT chest image showing pulmonary embolism with right lower lobe opacification and mediastinal shift."
"ImageCLEFmedical_Caption_2026_valid_742","MRI scan showing liver with measured dimension of 75.29mm."
"ImageCLEFmedical_Caption_2026_valid_743","CT scan showing a large hepatic lesion with arrow indicating area of interest."
"ImageCLEFmedical_Caption_2026_valid_744","Right lower lobe consolidation on chest X-ray."
"ImageCLEFmedical_Caption_2026_valid_745","Radiograph showing shoulder joint with arrows indicating bone abnormalities."
"ImageCLEFmedical_Caption_2026_valid_746","CT scan showing renal artery with arrow indicating possible stenosis or obstruction."
"ImageCLEFmedical_Caption_2026_valid_747","Cranial radiograph showing multiple intracranial lesions indicated by green arrows."
"ImageCLEFmedical_Caption_2026_valid_748","Fluoroscopic image showing catheter positioning during cardiac procedure."
"ImageCLEFmedical_Caption_2026_valid_749","X-ray showing a double-lumen tube with a red arrow indicating a complication or position."
"ImageCLEFmedical_Caption_2026_valid_750","Abdominal X-ray showing dilated bowel loops and air-fluid levels consistent with intestinal obstruction."
"ImageCLEFmedical_Caption_2026_valid_751","CT scan showing a metallic foreign body in the upper abdomen, indicated by arrows."
"ImageCLEFmedical_Caption_2026_valid_752","CT scan showing a liver lesion with a red arrow indicating a focal area of interest."
"ImageCLEFmedical_Caption_2026_valid_753","AP chest radiograph showing bilateral lower lung field opacities with arrows indicating areas of consolidation or infiltrates."
"ImageCLEFmedical_Caption_2026_valid_754","Echocardiogram showing multiple large intracardiac thrombi in the left atrium."
"ImageCLEFmedical_Caption_2026_valid_755","Radiograph of the right lower leg showing normal bone structure with no visible fractures or abnormalities."
"ImageCLEFmedical_Caption_2026_valid_756","Radiograph of the right knee joint showing normal bone alignment and joint space."
"ImageCLEFmedical_Caption_2026_valid_757","Posterior cervical spine with surgical instrumentation and hardware in place."
"ImageCLEFmedical_Caption_2026_valid_758","Echocardiogram showing right atrial mass with heart rate of 65 bpm."
"ImageCLEFmedical_Caption_2026_valid_759","CT scan showing right atrial mass in thoracic cross-section."
"ImageCLEFmedical_Caption_2026_valid_760","Echocardiogram showing a right atrial mass with measurement markers."
"ImageCLEFmedical_Caption_2026_valid_761","Pelvic X-ray showing spinal anomaly in the lumbar region."
"ImageCLEFmedical_Caption_2026_valid_762","CT scan showing a mass in the oral cavity with a 19 cm measurement indicated."
"ImageCLEFmedical_Caption_2026_valid_763","CT scan showing a mass in the oral cavity region."
"ImageCLEFmedical_Caption_2026_valid_764","Ultrasound image of left breast showing a hypoechoic lesion with internal vascularity indicated by color Doppler flow."
"ImageCLEFmedical_Caption_2026_valid_765","Mammogram showing a small calcification cluster indicated by the arrow."
"ImageCLEFmedical_Caption_2026_valid_766","Ultrasound image showing intimal flap and vertebral body shadow."
"ImageCLEFmedical_Caption_2026_valid_767","Ultrasound image showing a cardiac structure with a red arrow indicating a specific region of interest."
"ImageCLEFmedical_Caption_2026_valid_768","Echocardiogram showing a large pericardial effusion with a red arrow indicating fluid accumulation around the heart."
"ImageCLEFmedical_Caption_2026_valid_769","Brain MRI showing a lesion in the basal ganglia region indicated by a red arrow."
"ImageCLEFmedical_Caption_2026_valid_770","Brain MRI showing a bright lesion in the left hemisphere indicated by a red arrow."
"ImageCLEFmedical_Caption_2026_valid_771","Upper gastrointestinal radiograph showing contrast-filled esophagus and stomach with a catheter in place."
"ImageCLEFmedical_Caption_2026_valid_772","CT scan showing pelvic region with yellow arrow indicating a mass or lesion in the lower abdomen."
"ImageCLEFmedical_Caption_2026_valid_773","Chest X-ray showing enlarged cardiac silhouette with no visible pneumothorax or lung consolidation."
"ImageCLEFmedical_Caption_2026_valid_774","Radiograph showing a tooth with a large radiopaque filling material and visible root canals."
"ImageCLEFmedical_Caption_2026_valid_775","Radiograph showing dental structures with visible roots and surrounding bone tissue."
"ImageCLEFmedical_Caption_2026_valid_776","Dental radiograph showing multiple teeth with visible root canals and surrounding bone structure."
"ImageCLEFmedical_Caption_2026_valid_777","Radiograph showing dental root canal treatment with visible root fill material and surrounding bone structure."
"ImageCLEFmedical_Caption_2026_valid_778","Ultrasound image showing a fetal structure with a red arrow indicating a specific anatomical feature."
"ImageCLEFmedical_Caption_2026_valid_779","Panoramic radiograph showing dental arch with orthodontic braces and visible root structures."
"ImageCLEFmedical_Caption_2026_valid_780","Brain MRI showing a lesion in the cerebellum indicated by arrow."
"ImageCLEFmedical_Caption_2026_valid_781","Abdominal X-ray showing bowel gas patterns with annotated landmarks."
"ImageCLEFmedical_Caption_2026_valid_782","CT scan showing bilateral lung fields with central airway and mediastinal structures visible."
"ImageCLEFmedical_Caption_2026_valid_783","CT scan showing dilated left ureter above and compressed left ureter below the bladder, with left kidney visible."
"ImageCLEFmedical_Caption_2026_valid_784","MRI of heart showing RVOT, RA, LA, RV, and PV with green arrow indicating a structure."
"ImageCLEFmedical_Caption_2026_valid_785","Pulmonary infiltrates with diffuse opacities and a central tube visible on chest X-ray."
"ImageCLEFmedical_Caption_2026_valid_786","Chest X-ray showing diffuse pulmonary opacities consistent with pneumonia."
"ImageCLEFmedical_Caption_2026_valid_787","Pediatric chest X-ray showing diffuse lung opacities and central line placement."
"ImageCLEFmedical_Caption_2026_valid_788","Pulmonary infiltrates with bilateral opacities and central line in thoracic radiograph."
"ImageCLEFmedical_Caption_2026_valid_789","Posteroanterior chest radiograph showing symmetrical lung fields with visible ribs and vertebral column, marked with left lateral indicator."
"ImageCLEFmedical_Caption_2026_valid_790","Pneumonia with bilateral infiltrates and air trapping on chest radiograph."
"ImageCLEFmedical_Caption_2026_valid_791","Chest X-ray showing bilateral pulmonary infiltrates and a central endotracheal tube."
"ImageCLEFmedical_Caption_2026_valid_792","Radiograph showing a pediatric chest with visible rib cage and spinal alignment, no apparent abnormalities noted."
"ImageCLEFmedical_Caption_2026_valid_793","Radiograph showing diffuse bilateral lung opacities consistent with pneumonia in a pediatric patient."
"ImageCLEFmedical_Caption_2026_valid_794","Lateral radiograph of the left humerus showing a lytic lesion at the proximal end."
"ImageCLEFmedical_Caption_2026_valid_795","Angiogram showing LMCA and RCA coronary arteries with visible branching patterns."
"ImageCLEFmedical_Caption_2026_valid_796","Coronary angiogram showing LMCA and RCA with detailed vascular branching."
"ImageCLEFmedical_Caption_2026_valid_797","Coronary artery CT scan highlighting the left circumflex artery (LCx) with arrow indication."
"ImageCLEFmedical_Caption_2026_valid_798","Coronary artery imaging showing RCA with arrow indication"
"ImageCLEFmedical_Caption_2026_valid_799","Echocardiogram showing hypokinetic mid inferoseptal and anterolateral apex with hyperkinetic base."
"ImageCLEFmedical_Caption_2026_valid_800","CT scan showing two large intraluminal masses in the pelvic region, indicated by red arrows."
"ImageCLEFmedical_Caption_2026_valid_801","CT scan showing enlarged lymph nodes with arrows indicating lymphadenopathy."
"ImageCLEFmedical_Caption_2026_valid_802","CT scan showing a lesion with a red arrow pointing to a region of interest within the abdominal cavity."
"ImageCLEFmedical_Caption_2026_valid_803","MRI showing ramus meningeus recurs and arteria lacrimalis within the brain region"
"ImageCLEFmedical_Caption_2026_valid_804","Ultrasound image showing two red arrows pointing to hypoechoic structures in the neck region."
"ImageCLEFmedical_Caption_2026_valid_805","Ultrasound image showing three red arrows pointing to a curved, hypoechoic structure in the upper region of the scan."
"ImageCLEFmedical_Caption_2026_valid_806","Whole-body PET scan showing metabolic activity with 35 cm scale indicator"
"ImageCLEFmedical_Caption_2026_valid_807","Echocardiogram showing mitral inflow with labeled left ventricle (LV), mitral valve (MV), and left atrium (LA)"
"ImageCLEFmedical_Caption_2026_valid_808","Posteroanterior chest X-ray showing cardiac silhouette with visible mediastinal structures and bilateral lung fields."
"ImageCLEFmedical_Caption_2026_valid_809","Esophageal radiograph showing contrast medium passage through the esophagus with visible vertebral column and upper gastrointestinal structures."
"ImageCLEFmedical_Caption_2026_valid_810","Barium swallow study showing esophageal and gastric outline with a foreign body or device in the lower esophagus."
"ImageCLEFmedical_Caption_2026_valid_811","Ultrasound image of spleen showing size measurement of 17.79 cm."
"ImageCLEFmedical_Caption_2026_valid_812","Spleen ultrasound showing Doppler flow with color mapping of blood vessels."
"ImageCLEFmedical_Caption_2026_valid_813","Chest X-ray showing enlarged heart shadow and increased lung markings."
"ImageCLEFmedical_Caption_2026_valid_814","Catheter positioned in the left atrium during cardiac catheterization."
"ImageCLEFmedical_Caption_2026_valid_815","CT scan showing cardiac and mediastinal structures with arrows indicating specific anatomical regions."
"ImageCLEFmedical_Caption_2026_valid_816","Portable AP chest X-ray showing a central venous catheter with a white arrow indicating its position."
"ImageCLEFmedical_Caption_2026_valid_817","occluded left vertebral artery with collateral circulation indicated"
"ImageCLEFmedical_Caption_2026_valid_818","high-grade stenosis of the right vertebral artery"
"ImageCLEFmedical_Caption_2026_valid_819","occluded left vertebral artery with collateral circulation indicated"
"ImageCLEFmedical_Caption_2026_valid_820","Radiograph showing a thoracic view with a white arrow pointing to a region of interest in the left upper lung field."
"ImageCLEFmedical_Caption_2026_valid_821","Coronal right ultrasound image showing fetal heart with arrows indicating structures."
"ImageCLEFmedical_Caption_2026_valid_822","Post-occipital ultrasound image showing fetal head with measurements 3.78 cm and 2.37 cm, displaying Doppler flow data and imaging parameters."
"ImageCLEFmedical_Caption_2026_valid_823","Portable chest X-ray showing bilateral lung opacities and cardiac silhouette."
"ImageCLEFmedical_Caption_2026_valid_824","Thoracic X-ray showing bilateral lung opacities with mediastinal shift and diaphragmatic elevation."
"ImageCLEFmedical_Caption_2026_valid_825","Thoracic CT scan showing bilateral pulmonary infiltrates with airway opacification and central mediastinal shadow."
"ImageCLEFmedical_Caption_2026_valid_826","Chest X-ray showing bilateral pulmonary opacities with marked cardiomegaly and mediastinal shift."
"ImageCLEFmedical_Caption_2026_valid_827","Chest X-ray showing bilateral pulmonary nodules marked with asterisks."
"ImageCLEFmedical_Caption_2026_valid_828","Coronal CT scan of the head showing nasal and paranasal sinus anatomy with no evident acute pathology."
"ImageCLEFmedical_Caption_2026_valid_829","Lateral radiograph showing cervical spine and upper thoracic region with visible vertebral alignment and surrounding soft tissue structures."
"ImageCLEFmedical_Caption_2026_valid_830","Angiogram showing hepatic artery with multiple arrow-marked lesions or vascular abnormalities."
"ImageCLEFmedical_Caption_2026_valid_831","Abdominal radiograph showing intestinal obstruction with distended loops and air-fluid levels."
"ImageCLEFmedical_Caption_2026_valid_832","Abdominal radiograph showing a large bowel obstruction with air-fluid levels and a small bowel obstruction indicated by arrows."
"ImageCLEFmedical_Caption_2026_valid_833","Radiographic image showing a tooth with a red line and arrows indicating specific anatomical landmarks or measurements."
"ImageCLEFmedical_Caption_2026_valid_834","Liver with focal lesion indicated by red arrow on CT scan."
"ImageCLEFmedical_Caption_2026_valid_835","Intraoperative radiograph showing a catheter and guidewire in the thoracic region with contrast media outlining vascular structures."
"ImageCLEFmedical_Caption_2026_valid_836","CT scan showing bilateral orbital masses with arrows indicating lesions."
"ImageCLEFmedical_Caption_2026_valid_837","Liver with focal lesion indicated by arrow."
"ImageCLEFmedical_Caption_2026_valid_838","MRI of cervical spine showing normal vertebral alignment and spinal cord morphology."
"ImageCLEFmedical_Caption_2026_valid_839","Abdominal CT scan showing a large, well-defined mass in the retroperitoneal space, indicated by the red arrow."
"ImageCLEFmedical_Caption_2026_valid_840","CT scan showing a renal mass with arrow indicating lesion in the right kidney."
"ImageCLEFmedical_Caption_2026_valid_841","CT scan showing cervical spine with yellow arrow indicating a lesion or abnormality in the cervical region."
"ImageCLEFmedical_Caption_2026_valid_842","MRI scan showing cervical spine with highlighted lesion in cervical region."
"ImageCLEFmedical_Caption_2026_valid_843","Panoramic radiograph showing dental arch with missing teeth and a dental implant in the lower right quadrant."
"ImageCLEFmedical_Caption_2026_valid_844","Ultrasound image showing the bladder (BS), genitalia (G), and labeled structures (L) in a pelvic view."
"ImageCLEFmedical_Caption_2026_valid_845","Ultrasound image showing gallbladder (G), gallstones (GS), and adjacent structures (AS)"
"ImageCLEFmedical_Caption_2026_valid_846","CT scan showing a mass in the mediastinum with arrow indicating lesion."
"ImageCLEFmedical_Caption_2026_valid_847","Cardiomegaly with prominent cardiac silhouette and mediastinal widening on chest radiograph."
"ImageCLEFmedical_Caption_2026_valid_848","Lateral spinal X-ray showing vertebral alignment and intervertebral disc spaces."
"ImageCLEFmedical_Caption_2026_valid_849","CT scan showing mediastinal mass with arrows indicating enlarged lymph nodes and potential vascular involvement."
"ImageCLEFmedical_Caption_2026_valid_850","Panoramic radiograph showing full dental arch with visible orthodontic bracket and adjacent teeth."
"ImageCLEFmedical_Caption_2026_valid_851","Panoramic dental radiograph showing full dental arch with visible teeth and jawbone structure."
"ImageCLEFmedical_Caption_2026_valid_852","MRI scan showing a lesion in the cervical spine region indicated by the arrow."
"ImageCLEFmedical_Caption_2026_valid_853","Thyroid ultrasound showing heterogeneous parenchyma with calcifications and nodular lesions."
"ImageCLEFmedical_Caption_2026_valid_854","Thyroid ultrasound showing a hypoechoic nodule with color Doppler flow signal and a large anechoic region adjacent to it."
"ImageCLEFmedical_Caption_2026_valid_855","CT scan showing a soft tissue mass with a central air-filled structure, indicated by the arrow."
"ImageCLEFmedical_Caption_2026_valid_856","CT scan showing a femoral shaft fracture with a black arrow indicating the break."
"ImageCLEFmedical_Caption_2026_valid_857","Mammogram showing dense breast tissue with a blue arrow indicating a region of interest."
"ImageCLEFmedical_Caption_2026_valid_858","PET-CT scan showing metabolically active lesion in right upper quadrant with arrow indicating area of concern."
"ImageCLEFmedical_Caption_2026_valid_859","Panoramic dental radiograph showing maxillary and mandibular teeth with a prominent radiopaque object in the mandibular region."
"ImageCLEFmedical_Caption_2026_valid_860","Panoramic radiograph showing dental arch with visible roots, crowns, and a radiopaque filling in the maxillary anterior region."
"ImageCLEFmedical_Caption_2026_valid_861","MRI scan showing a large, well-defined, bright lesion in the pelvic region, indicated by a red arrow."
"ImageCLEFmedical_Caption_2026_valid_862","MRI scan showing a mass in the pelvic region with an arrow indicating the lesion."
"ImageCLEFmedical_Caption_2026_valid_863","Echocardiogram showing enlarged cardiac chambers with multiple cross markers indicating structural abnormalities."
"ImageCLEFmedical_Caption_2026_valid_864","CT scan showing a large bowel obstruction with a marked dilated segment indicated by the arrow."
"ImageCLEFmedical_Caption_2026_valid_865","Ultrasound image showing a large fluid-filled structure with multiple small echogenic foci within, possibly a cystic lesion or fetal structure."
"ImageCLEFmedical_Caption_2026_valid_866","CT scan showing abdominal aorta with two highlighted areas indicating possible aneurysms or vascular abnormalities."
"ImageCLEFmedical_Caption_2026_valid_867","CT scan showing pelvic region with marked area indicating potential lesion or abnormality."
"ImageCLEFmedical_Caption_2026_valid_868","MRI showing intracranial lesion with red arrow markers"
"ImageCLEFmedical_Caption_2026_valid_869","CT scan showing a dilated colon with a red arrow indicating a possible obstruction or abnormality in the lower bowel."
"ImageCLEFmedical_Caption_2026_valid_870","Abdominal CT scan showing a large, well-defined, hypoattenuating lesion in the right upper quadrant with surrounding fat stranding and mild bowel displacement."
"ImageCLEFmedical_Caption_2026_valid_871","Panoramic radiograph showing dental arch with visible teeth, jawbone, and surrounding structures."
"ImageCLEFmedical_Caption_2026_valid_872","MRI showing a small lesion in the brain with a red arrow pointing to it."
"ImageCLEFmedical_Caption_2026_valid_873","Chest X-ray showing cardiomegaly and a radiopaque object in the right lower lung field."
"ImageCLEFmedical_Caption_2026_valid_874","CT scan showing a 13.2 mm lesion in the cervical region."
"ImageCLEFmedical_Caption_2026_valid_875","CT scan showing cervical spine with vertebral alignment and surrounding anatomical structures."
"ImageCLEFmedical_Caption_2026_valid_876","MRI scan of cervical spine showing vertebral body with measured dimensions of 21.9 mm and 32.6 mm."
"ImageCLEFmedical_Caption_2026_valid_877","Coronary angiogram showing a stenotic lesion with contrast opacification and a distal vessel branch."
"ImageCLEFmedical_Caption_2026_valid_878","Coronary angiogram showing a stenotic lesion in the left main coronary artery, indicated by the red arrow, with a distal filling defect noted by the black arrow."
"ImageCLEFmedical_Caption_2026_valid_879","Coronary angiogram showing a stenotic lesion in the left main coronary artery indicated by the arrow."
"ImageCLEFmedical_Caption_2026_valid_880","Chest X-ray showing a pacemaker with labeled primary and secondary leads and an alternate pathway indicated."
"ImageCLEFmedical_Caption_2026_valid_881","X-ray showing a triangular plate fixation device in the wrist joint."
"ImageCLEFmedical_Caption_2026_valid_882","CT scan showing enlarged lymph nodes in the neck with arrows indicating pathological regions."
"ImageCLEFmedical_Caption_2026_valid_883","Ultrasound image showing a fetal structure with measurements and a white arrow indicating a specific area of interest."
"ImageCLEFmedical_Caption_2026_valid_884","Echocardiogram showing cardiac structure with ECG trace below."
"ImageCLEFmedical_Caption_2026_valid_885","Panoramic dental radiograph showing full dental arch with visible implants and natural teeth."
"ImageCLEFmedical_Caption_2026_valid_886","Abdominal CT scan showing kidneys, spine, and surrounding abdominal structures."
"ImageCLEFmedical_Caption_2026_valid_887","MRI showing cervical spine with arrow indicating spinal cord compression."
"ImageCLEFmedical_Caption_2026_valid_888","Brain MRI showing a lesion in the cerebellum indicated by arrow."
"ImageCLEFmedical_Caption_2026_valid_889","MRI showing cerebellar lesion with arrow indicating abnormality."
"ImageCLEFmedical_Caption_2026_valid_890","Arrow indicates cerebellar lesion on axial MRI scan."
"ImageCLEFmedical_Caption_2026_valid_891","Color Doppler ultrasound image showing blood flow patterns around a central dark structure, likely a heart valve or atrial region."
"ImageCLEFmedical_Caption_2026_valid_892","Right leg X-ray showing knee joint with blue arrow indicating potential pathology or alignment issue."
"ImageCLEFmedical_Caption_2026_valid_893","X-ray showing a knee with surgical fixation devices including screws and a plate."
"ImageCLEFmedical_Caption_2026_valid_894","Intraoperative X-ray showing a fractured bone with multiple screws and a curved surgical instrument."
"ImageCLEFmedical_Caption_2026_valid_895","Radiograph of right hip with anatomical landmarks including Line A, Line B, Line D, Point P, Angle α, Arc C, and CCD indicated for clinical measurement."
"ImageCLEFmedical_Caption_2026_valid_896","X-ray of knee joint showing a metal fixation device."
"ImageCLEFmedical_Caption_2026_valid_897","Mammogram showing a small, well-circumscribed, radiopaque lesion in the upper outer quadrant of the breast."
"ImageCLEFmedical_Caption_2026_valid_898","CT scan showing enlarged spleen and gastric dilatation with arrow indicators."
"ImageCLEFmedical_Caption_2026_valid_899","CT scan showing a large hepatic lesion with a red arrow indicating the area of concern."
"ImageCLEFmedical_Caption_2026_valid_900","Lateral orthopantomogram of the skull with anatomical landmarks and measurement lines indicated."
"ImageCLEFmedical_Caption_2026_valid_901","Cerebral hemorrhage with intraventricular extension and mass effect on axial CT scan."
"ImageCLEFmedical_Caption_2026_valid_902","Brain CT scan showing a large intracerebral hemorrhage with mass effect and midline shift."
"ImageCLEFmedical_Caption_2026_valid_903","Brain MRI showing normal anatomical structures with no obvious lesions or abnormalities."
"ImageCLEFmedical_Caption_2026_valid_904","MRI showing pelvic region with arrows indicating abnormalities in the pelvic organs."
"ImageCLEFmedical_Caption_2026_valid_905","Ultrasound image showing IVC, CBD, MPD, PV, tumor, and cyst."
"ImageCLEFmedical_Caption_2026_valid_906","Abdominal CT scan showing a mass in the pancreatic region with a red arrow indicating the lesion."
"ImageCLEFmedical_Caption_2026_valid_907","Ultrasound image showing a hypoechoic structure with a yellow arrow indicating a focal area of interest."
"ImageCLEFmedical_Caption_2026_valid_908","Scoliosis with vertebral body deformity indicated by arrow."
"ImageCLEFmedical_Caption_2026_valid_909","MRI showing spinal cord lesion at T12 level with red arrow indication."
"ImageCLEFmedical_Caption_2026_valid_910","CT scan showing abdominal aorta with calcified plaque and surrounding vascular structures."
"ImageCLEFmedical_Caption_2026_valid_911","CT scan showing abdominal aorta and surrounding vascular structures with marked contrast enhancement."
"ImageCLEFmedical_Caption_2026_valid_912","MRI showing a dilated common bile duct with surrounding hepatic and pancreatic structures."
"ImageCLEFmedical_Caption_2026_valid_913","CT scan showing intestinal loops with arrow markers indicating potential abnormalities or regions of interest."
"ImageCLEFmedical_Caption_2026_valid_914","Abdominal MRI showing three white arrow markers indicating a central structure amidst intestinal loops and surrounding tissues."
"ImageCLEFmedical_Caption_2026_valid_915","Abdominal MRI showing gastric dilatation with arrows indicating distended stomach."
"ImageCLEFmedical_Caption_2026_valid_916","CT scan showing multiple dilated loops of bowel with air-fluid levels and surrounding fat stranding."
"ImageCLEFmedical_Caption_2026_valid_917","CT scan showing a large bowel obstruction with distended loops of intestine and air-fluid levels."
"ImageCLEFmedical_Caption_2026_valid_918","MRI showing pelvic region with arrows indicating abnormal soft tissue mass."
"ImageCLEFmedical_Caption_2026_valid_919","MRI showing a bright signal intensity structure in the abdominal region, indicated by a yellow arrow."
"ImageCLEFmedical_Caption_2026_valid_920","CT scan showing liver with arrow indicating lesion."
"ImageCLEFmedical_Caption_2026_valid_921","Ultrasound image showing two arrow-marked structures in the abdominal region."
"ImageCLEFmedical_Caption_2026_valid_922","Color Doppler ultrasound showing blood flow with blue and red signals indicating direction of flow within a vascular structure."
"ImageCLEFmedical_Caption_2026_valid_923","Ultrasound image showing a dark, fluid-filled structure with a yellow arrow indicating a potential cyst or lumen within the abdominal region."
"ImageCLEFmedical_Caption_2026_valid_924","Anterior and posterior radiographs of the left knee joint showing joint space and alignment."
"ImageCLEFmedical_Caption_2026_valid_925","Lateral spinal X-ray showing a prominent lumbar lordotic curve with visible vertebral alignment and soft tissue shadows."
"ImageCLEFmedical_Caption_2026_valid_926","Brain CT scan showing symmetrical cerebral hemispheres with no apparent acute abnormalities."
"ImageCLEFmedical_Caption_2026_valid_927","CT scan showing bilateral pulmonary nodules with arrows indicating lesions in both lungs."
"ImageCLEFmedical_Caption_2026_valid_928","Chest CT scan showing bilateral pulmonary nodules and airspace opacities."
"ImageCLEFmedical_Caption_2026_valid_929","Anterior view MRI of cervical spine with highlighted parotid glands and surrounding musculature."
"ImageCLEFmedical_Caption_2026_valid_930","Abdominal CT scan showing a large, well-defined, low-attenuation lesion in the mid-abdomen, with a black arrow indicating the area of interest."
"ImageCLEFmedical_Caption_2026_valid_931","Abdominal CT scan showing multiple adrenal masses with arrows indicating lesions."
"ImageCLEFmedical_Caption_2026_valid_932","Panoramic radiograph showing dental arch with visible roots and surrounding bone structure."
"ImageCLEFmedical_Caption_2026_valid_933","Abdominal CT scan showing contrast-enhanced arterial phase with highlighted liver and renal structures."
"ImageCLEFmedical_Caption_2026_valid_934","CT scan showing bilateral lung parenchyma with arrow indicating areas of increased opacity or consolidation."
"ImageCLEFmedical_Caption_2026_valid_935","MRI scan showing spinal anatomy with labeled structures including PCS, RDP, DCS, AS, and REXP."
"ImageCLEFmedical_Caption_2026_valid_936","Lung CT scan showing diffuse small nodules and reticular opacities consistent with interstitial lung disease."
"ImageCLEFmedical_Caption_2026_valid_937","Chest CT scan showing bilateral pulmonary nodules with central airway obstruction and mediastinal shift."
"ImageCLEFmedical_Caption_2026_valid_938","Thoracic CT scan showing lungs, heart, and mediastinum without apparent pathology."
"ImageCLEFmedical_Caption_2026_valid_939","CT scan showing a large mass in the oral cavity region, highlighted by a red circle."
"ImageCLEFmedical_Caption_2026_valid_940","PET scan showing a highly metabolically active lesion in the mediastinum, indicated by the yellow arrow."
"ImageCLEFmedical_Caption_2026_valid_941","CT scan showing a large mediastinal mass with a blue arrow indicating the lesion."
"ImageCLEFmedical_Caption_2026_valid_942","CT scan showing a mass in the right upper lobe of the lung, indicated by the blue arrow."
"ImageCLEFmedical_Caption_2026_valid_943","Arrow indicates a vascular structure in the neck region."
"ImageCLEFmedical_Caption_2026_valid_944","Liver with focal lesion indicated by arrow on CT scan."
"ImageCLEFmedical_Caption_2026_valid_945","Liver CT scan showing a focal lesion with arrow indication."
"ImageCLEFmedical_Caption_2026_valid_946","CT scan showing liver with focal lesion indicated by arrow."
"ImageCLEFmedical_Caption_2026_valid_947","Thoracic CT scan showing a large right-sided pleural effusion with a focal area of consolidation near the superior mediastinum."
"ImageCLEFmedical_Caption_2026_valid_948","PET scan showing high metabolic activity in liver region with color scale indicating uptake intensity."
"ImageCLEFmedical_Caption_2026_valid_949","Hip X-ray showing bilateral acetabular abnormalities with arrows indicating potential osteoarthritis or developmental dysplasia."
"ImageCLEFmedical_Caption_2026_valid_950","CT scan showing a mass at the superior mediastinum indicated by the arrow."
"ImageCLEFmedical_Caption_2026_valid_951","CT scan showing a pulmonary nodule at the superior right lung field."
"ImageCLEFmedical_Caption_2026_valid_952","CT scan showing a mass at the superior mediastinum."
"ImageCLEFmedical_Caption_2026_valid_953","Pulmonary consolidation with air bronchogram in right lower lobe."
"ImageCLEFmedical_Caption_2026_valid_954","Radiograph showing a fracture in the distal radius with visible cortical disruption and periarticular swelling."
"ImageCLEFmedical_Caption_2026_valid_955","Pneumothorax with visible air collection in the right lung field."
"ImageCLEFmedical_Caption_2026_valid_956","CT scan showing enlarged cervical lymph nodes with arrows indicating pathological lymphadenopathy."
"ImageCLEFmedical_Caption_2026_valid_957","CT scan of the abdomen showing a large mass in the pelvic region with contrast enhancement."
"ImageCLEFmedical_Caption_2026_valid_958","Ultrasound image showing abdominal structures with color Doppler flow mapping and measurement annotations."
"ImageCLEFmedical_Caption_2026_valid_959","CT scan showing multiple bowel loops with yellow arrows indicating dilated segments and red arrow pointing to a possible obstruction or mass."
"ImageCLEFmedical_Caption_2026_valid_960","CT scan showing a large, heterogeneous mass in the left upper quadrant with a white arrow indicating the lesion."
"ImageCLEFmedical_Caption_2026_valid_961","CT scan showing a large mass in the upper abdomen with arrow indicating the lesion."
"ImageCLEFmedical_Caption_2026_valid_962","CT scan showing enlarged bowel loops with arrows indicating dilated segments."
"ImageCLEFmedical_Caption_2026_valid_963","CT scan showing enlarged liver with arrow indicating focal lesion."
"ImageCLEFmedical_Caption_2026_valid_964","CT scan showing a mass in the upper abdomen with arrow indicating lesion."
"ImageCLEFmedical_Caption_2026_valid_965","Pelvic MRI showing central pelvic structure with surrounding soft tissue and bony landmarks."
"ImageCLEFmedical_Caption_2026_valid_966","MRI scan showing a bright, well-defined lesion in the pelvic region."
"ImageCLEFmedical_Caption_2026_valid_967","Axial MRI of the pelvis showing symmetrical hip joints and central spinal anatomy."
"ImageCLEFmedical_Caption_2026_valid_968","Pelvic MRI showing symmetrical hip joints and surrounding soft tissues with no obvious abnormalities."
"ImageCLEFmedical_Caption_2026_valid_969","Pelvic MRI showing uterus with surrounding pelvic structures and bowel loops."
"ImageCLEFmedical_Caption_2026_valid_970","Pelvic MRI showing symmetrical hip joints and central pelvic structures with no obvious abnormalities."
"ImageCLEFmedical_Caption_2026_valid_971","CT scan showing thoracic cross-section with measured dimensions of 78.08mm and 112.66mm."
"ImageCLEFmedical_Caption_2026_valid_972","Shoulder X-ray showing multiple fractures and dislocations with indicated areas of injury."
"ImageCLEFmedical_Caption_2026_valid_973","Ultrasound image showing a hypoechoic lesion with a well-defined border, indicated by the blue arrow, and a white arrow pointing to the lower region of the image."
"ImageCLEFmedical_Caption_2026_valid_974","Ultrasound image showing a hypoechoic lesion with a blue arrow pointing to a region of interest and a white arrow indicating a structure at the lower part of the image."
"ImageCLEFmedical_Caption_2026_valid_975","Shoulder X-ray showing normal anatomical alignment with no evident fractures or dislocations."
"ImageCLEFmedical_Caption_2026_valid_976","Shoulder X-ray showing joint space and bone alignment with annotated arrows pointing to specific anatomical landmarks."
"ImageCLEFmedical_Caption_2026_valid_977","MRI scan showing spinal cord with visible structural anomaly."
"ImageCLEFmedical_Caption_2026_valid_978","CT scan showing pelvic bones and soft tissues with arrows indicating specific anatomical regions."
"ImageCLEFmedical_Caption_2026_valid_979","CT scan showing enlarged liver with arrow and pelvic region circled in red."
"ImageCLEFmedical_Caption_2026_valid_980","CT scan showing a pelvic mass with a red arrow indicating a lesion in the left pelvic region."
"ImageCLEFmedical_Caption_2026_valid_981","Thoracic CT scan showing bilateral pulmonary consolidation with central mediastinal shift."
"ImageCLEFmedical_Caption_2026_valid_982","CT scan showing pelvic anatomy with bright areas indicating contrast-enhanced structures."
"ImageCLEFmedical_Caption_2026_valid_983","CT scan showing a large abdominal mass with measurements of 30.7 mm and 30.6 mm indicated by arrows."
"ImageCLEFmedical_Caption_2026_valid_984","Ultrasound image showing fetal heart structure with distinct chambers and surrounding tissue."
"ImageCLEFmedical_Caption_2026_valid_985","AP sitting expiration radiograph showing a focal area of increased opacity in the left upper lobe, indicated by the arrow."
"ImageCLEFmedical_Caption_2026_valid_986","CT scan showing a large left-sided pneumothorax with a prominent air collection in the pleural space, indicated by the arrow."
"ImageCLEFmedical_Caption_2026_valid_987","CT scan showing a large lung lesion with a central air space, indicated by the arrow."
"ImageCLEFmedical_Caption_2026_valid_988","CT scan showing a pulmonary nodule with an arrow pointing to the lesion in the left lung field."
"ImageCLEFmedical_Caption_2026_valid_989","Radiograph showing a child in semisitting position with an arrow pointing to a region of increased opacity in the left upper lung field."
"ImageCLEFmedical_Caption_2026_valid_990","CT scan showing a pulmonary nodule in the right upper lobe indicated by an arrow."
"ImageCLEFmedical_Caption_2026_valid_991","Right lung field with arrow indicating focal opacity."
"ImageCLEFmedical_Caption_2026_valid_992","Abdominal radiograph showing a foreign body in the gastrointestinal tract with a ring-shaped object and a disc-shaped object indicated by arrows."
"ImageCLEFmedical_Caption_2026_valid_993","CT scan showing lung collapse with air trapping in the right lung field."
"ImageCLEFmedical_Caption_2026_valid_994","CT scan showing liver with two red arrows indicating areas of concern."
"ImageCLEFmedical_Caption_2026_valid_995","Ultrasound image showing the right common femoral vein with labeled landmarks."
"ImageCLEFmedical_Caption_2026_valid_996","CT scan showing cervical spine with red arrow indicating a vertebral body fracture."
"ImageCLEFmedical_Caption_2026_valid_997","Pneumothorax with visible lung collapse and mediastinal shift on radiograph."
"ImageCLEFmedical_Caption_2026_valid_998","Ultrasound image showing adductor longus, adductor brevis, and adductor magnus muscles with directional indicators."
"ImageCLEFmedical_Caption_2026_valid_999","CT scan showing a skull fracture near the temporal region with arrows indicating the site of injury."
"ImageCLEFmedical_Caption_2026_valid_1000","Intraoperative radiograph showing contrast-filled biliary tree and endoscopic instrument in the hepatobiliary region."
"ImageCLEFmedical_Caption_2026_valid_1001","X-ray showing a catheter positioned in the esophagus with a visible loop, labeled ""Rechts"" indicating right side."
"ImageCLEFmedical_Caption_2026_valid_1002","X-ray showing a broken PTBD catheter with visible fracture point."
"ImageCLEFmedical_Caption_2026_valid_1003","X-ray showing 10F Münchner drainage in situ with contrast medium outlining the tract."
"ImageCLEFmedical_Caption_2026_valid_1004","Chest X-ray showing enlarged heart shadow with clear lung fields and no evident pneumothorax or pleural effusion."
"ImageCLEFmedical_Caption_2026_valid_1005","Liver with focal lesion indicated by arrow."
"ImageCLEFmedical_Caption_2026_valid_1006","CT scan showing liver with multiple cystic lesions indicated by arrows."
"ImageCLEFmedical_Caption_2026_valid_1007","Ultrasound image showing layered tissue structures with arrows indicating anatomical landmarks from inside to outside."
"ImageCLEFmedical_Caption_2026_valid_1008","Coronal MRI of the brain showing symmetrical ventricles and cerebral structures with no apparent abnormalities."
"ImageCLEFmedical_Caption_2026_valid_1009","Echocardiogram showing valvular measurements with distances and areas indicated."
"ImageCLEFmedical_Caption_2026_valid_1010","Pulmonary infiltrates with bilateral interstitial opacities and reduced lung volume suggestive of interstitial lung disease."
"ImageCLEFmedical_Caption_2026_valid_1011","CT scan showing enlarged heart with arrows indicating cardiac enlargement."
"ImageCLEFmedical_Caption_2026_valid_1012","CT scan showing pelvic anatomy with measurement of 5.61 mm indicated."
"ImageCLEFmedical_Caption_2026_valid_1013","Chest X-ray showing bilateral pulmonary infiltrates with visible medical devices including pacemaker leads and a central line."
"ImageCLEFmedical_Caption_2026_valid_1014","Ultrasound image showing a pelvic organ with heterogeneous texture and fluid-filled structures."
"ImageCLEFmedical_Caption_2026_valid_1015","Portable X-ray of a pediatric abdomen showing intestinal gas pattern with a central arrow indicating a specific area of interest."
"ImageCLEFmedical_Caption_2026_valid_1016","Portable X-ray of a child showing intestinal gas pattern with a yellow arrow pointing to the abdomen."
"ImageCLEFmedical_Caption_2026_valid_1017","Chest X-ray showing bilateral pulmonary infiltrates with arrows indicating areas of consolidation and a central chest tube with measured length of 31.1 mm."
"ImageCLEFmedical_Caption_2026_valid_1018","Brain CT scan showing symmetrical cerebral hemispheres with normal ventricular size and no obvious mass or hemorrhage."
"ImageCLEFmedical_Caption_2026_valid_1019","Axial CT scan showing bilateral orbital and paranasal sinus structures with no obvious acute abnormalities."
"ImageCLEFmedical_Caption_2026_valid_1020","MRI scan showing cervical spine with visible vertebral bodies and spinal canal."
"ImageCLEFmedical_Caption_2026_valid_1021","Abdominal MRI showing large heterogeneous mass with multiple arrows indicating regions of interest."
"ImageCLEFmedical_Caption_2026_valid_1022","MRI showing hip joint with red arrows indicating pathology in the acetabulum and surrounding structures."
"ImageCLEFmedical_Caption_2026_valid_1023","MRI showing pelvic mass with arrows indicating regions of interest."
"ImageCLEFmedical_Caption_2026_valid_1024","CT scan showing a cervical spine lesion indicated by a red arrow."
"ImageCLEFmedical_Caption_2026_valid_1025","Ultrasound image showing thyroid gland with marked nodules and surrounding tissue."
"ImageCLEFmedical_Caption_2026_valid_1026","CT scan showing a pelvic mass indicated by the arrow."
"ImageCLEFmedical_Caption_2026_valid_1027","Angiogram showing left renal artery with a catheter and contrast medium highlighting vascular structures."
"ImageCLEFmedical_Caption_2026_valid_1028","CT scan showing a spinal lesion with a yellow arrow indicating the abnormality along the vertebral column."
"ImageCLEFmedical_Caption_2026_valid_1029","CT scan showing liver with arrow indicating lesion."
"ImageCLEFmedical_Caption_2026_valid_1030","Panoramic radiograph showing dental implants with abutments and crowns in the mandible."
"ImageCLEFmedical_Caption_2026_valid_1031","CT scan showing bilateral pulmonary consolidation with air trapping and bronchial airway dilation in the lungs."
"ImageCLEFmedical_Caption_2026_valid_1032","CT scan showing bilateral pulmonary infiltrates and nodules with air trapping and reduced lung volume."
"ImageCLEFmedical_Caption_2026_valid_1033","CT scan showing bilateral pulmonary infiltrates with ground-glass opacities and consolidation in both lungs."
"ImageCLEFmedical_Caption_2026_valid_1034","Thoracic CT scan showing bilateral lung fields with visible bronchial structures and mediastinal contour."
"ImageCLEFmedical_Caption_2026_valid_1035","Ultrasound image showing a hypoechoic lesion with posterior acoustic shadowing and two marked crosshairs indicating regions of interest."
"ImageCLEFmedical_Caption_2026_valid_1036","Brain MRI showing a circumscribed lesion in the left hemisphere."
"ImageCLEFmedical_Caption_2026_valid_1037","Brain MRI showing ventricular enlargement and periventricular signal changes."
"ImageCLEFmedical_Caption_2026_valid_1038","Decubito Dorsal X-ray showing spinal alignment and thoracic structure"
"ImageCLEFmedical_Caption_2026_valid_1039","Knee MRI showing a triangular marker indicating a specific anatomical or pathological feature."
"ImageCLEFmedical_Caption_2026_valid_1040","Cardiac silhouette with prominent mediastinal shadow and obscured cardiac borders."
"ImageCLEFmedical_Caption_2026_valid_1041","Echocardiogram showing cardiac structure with visible chambers and valves."
"ImageCLEFmedical_Caption_2026_valid_1042","Axial MRI showing bilateral optic nerve enhancement with arrows indicating pathology."
"ImageCLEFmedical_Caption_2026_valid_1043","CT scan showing a large abdominal mass with arrow indicating lesion location."
"ImageCLEFmedical_Caption_2026_valid_1044","Echocardiogram showing multiple bright echoes within the left ventricle, indicated by red arrows."
"ImageCLEFmedical_Caption_2026_valid_1045","CT scan showing enlarged liver with multiple focal lesions and a prominent vascular structure."
"ImageCLEFmedical_Caption_2026_valid_1046","Anterior view MRI of knee joint with 90-degree angle measurement and 81 mm distance annotation."
"ImageCLEFmedical_Caption_2026_valid_1047","MRI scan of knee joint showing anatomical landmarks and labeled structures."
"ImageCLEFmedical_Caption_2026_valid_1048","Chest X-ray showing cardiac enlargement with a pacemaker in place."
"ImageCLEFmedical_Caption_2026_valid_1049","Chest X-ray showing cardiomegaly with enlarged cardiac silhouette and no evident pneumothorax or consolidation."
"ImageCLEFmedical_Caption_2026_valid_1050","Chest X-ray showing a patient with a central venous catheter in the right upper chest region."
"ImageCLEFmedical_Caption_2026_valid_1051","Chest X-ray showing bilateral pacemaker leads with no evident pneumothorax or consolidation."
"ImageCLEFmedical_Caption_2026_valid_1052","Ultrasound image showing right testicle with a labeled mass."
"ImageCLEFmedical_Caption_2026_valid_1053","MRI scan showing a structure with diameter 23.2 mm and a 3.2 mm measurement indicated."
"ImageCLEFmedical_Caption_2026_valid_1054","Spinal MRI showing intervertebral disc herniation at L4-L5 level with adjacent spinal canal narrowing."
"ImageCLEFmedical_Caption_2026_valid_1055","Echocardiogram showing cardiac function with Doppler waveform tracing and real-time ultrasound image."
"ImageCLEFmedical_Caption_2026_valid_1056","CT scan showing mediastinal lymphadenopathy with red arrows indicating enlarged lymph nodes."
"ImageCLEFmedical_Caption_2026_valid_1057","Panoramic radiograph showing dental implants and natural teeth in the mandible and maxilla."
"ImageCLEFmedical_Caption_2026_valid_1058","Panoramic radiograph showing full dental arch with visible teeth, jawbone, and surrounding structures."
"ImageCLEFmedical_Caption_2026_valid_1059","Abdominal CT scan showing pelvic organs with apparent mass and surrounding structures."
"ImageCLEFmedical_Caption_2026_valid_1060","Axial CT scan showing spinal vertebra with surrounding soft tissues and adjacent structures."
"ImageCLEFmedical_Caption_2026_valid_1061","Angiogram showing a curved vessel with an arrow indicating a region of interest."
"ImageCLEFmedical_Caption_2026_valid_1062","Angiogram showing coronary artery with arrow indicating a region of interest."
"ImageCLEFmedical_Caption_2026_valid_1063","Ultrasound image showing iPACK block near femur with PA and PV labeled."
"ImageCLEFmedical_Caption_2026_valid_1064","Ultrasound image showing sartorius muscle, adductor longus muscle, FA, and SN."
"ImageCLEFmedical_Caption_2026_valid_1065","Ultrasound image showing a dark, hypoechoic region with a measured distance of 2.34cm between two markers, labeled CD."
"ImageCLEFmedical_Caption_2026_valid_1066","Pelvic X-ray showing bone structure and surrounding soft tissue density."
"ImageCLEFmedical_Caption_2026_valid_1067","CT scan showing abdominal cross-section with visible liver, spine, and intestinal gas patterns."
"ImageCLEFmedical_Caption_2026_valid_1068","Brain CT scan showing a 9.6 mm (2D) midline shift."
"ImageCLEFmedical_Caption_2026_valid_1069","Radiograph showing shoulder joint with arrow indicating a foreign body within the joint space."
"ImageCLEFmedical_Caption_2026_valid_1070","CT scan showing pelvic region with visible bone structures and soft tissue contrast."
"ImageCLEFmedical_Caption_2026_valid_1071","Chest X-ray showing bilateral lung fields with visible cardiac silhouette and mediastinal contour."
"ImageCLEFmedical_Caption_2026_valid_1072","CT scan showing a renal stone in the left kidney, indicated by the white arrow."
"ImageCLEFmedical_Caption_2026_valid_1073","Abdominal CT scan showing liver, spleen, right kidney, and left kidney with anatomical landmarks labeled."
"ImageCLEFmedical_Caption_2026_valid_1074","PET scan showing high metabolic activity in the cervical region, indicating potential pathological lesion."
"ImageCLEFmedical_Caption_2026_valid_1075","CT scan showing enlarged cervical lymph nodes in the neck region."
"ImageCLEFmedical_Caption_2026_valid_1076","Axial MRI of the head showing symmetrical brain structures with prominent optic nerves and nasal cavity."
"ImageCLEFmedical_Caption_2026_valid_1077","MRI showing spinal cord with three arrows indicating lesions or abnormalities along the cervical and thoracic regions."
"ImageCLEFmedical_Caption_2026_valid_1078","Axial MRI showing symmetrical hyperintense signal in the cerebral hemispheres with arrows indicating abnormal signal intensity."
"ImageCLEFmedical_Caption_2026_valid_1079","Axial MRI showing cervical spine with arrow indicating disc herniation at C6-C7 level."
"ImageCLEFmedical_Caption_2026_valid_1080","MRI showing spinal cord lesion with arrow indicating abnormal signal intensity."
"ImageCLEFmedical_Caption_2026_valid_1081","MRI of thoracic spine showing T8 and T9 vertebrae"
"ImageCLEFmedical_Caption_2026_valid_1082","CT scan showing a central spinal lesion highlighted by a red circle."
"ImageCLEFmedical_Caption_2026_valid_1083","CT scan showing pelvic organs with arrows indicating abnormal findings in the pelvic region."
"ImageCLEFmedical_Caption_2026_valid_1084","CT scan showing abdominal organs with a marked lesion in the pelvic region."
"ImageCLEFmedical_Caption_2026_valid_1085","CT scan showing pelvic organs with red and blue arrows indicating areas of interest."
"ImageCLEFmedical_Caption_2026_valid_1086","Chest X-ray showing multiple arrow markings pointing to areas of increased opacity in the right lung field."
"ImageCLEFmedical_Caption_2026_valid_1087","Posterior tibial stress fracture with screw fixation."
"ImageCLEFmedical_Caption_2026_valid_1088","Posterior tibial plateau fracture with screw fixation."
"ImageCLEFmedical_Caption_2026_valid_1089","CT scan showing cervical region with highlighted lymph node and tracheal region"
"ImageCLEFmedical_Caption_2026_valid_1090","CT scan showing a large cervical lymph node on the right side of the neck, highlighted by a yellow circle."
"ImageCLEFmedical_Caption_2026_valid_1091","Axial brain MRI showing symmetrical cerebral hemispheres with normal gyri and sulci, no evident mass or lesion."
"ImageCLEFmedical_Caption_2026_valid_1092","Axial brain MRI showing normal cerebral structure with symmetrical ventricles and intact cortical and subcortical gray matter."
"ImageCLEFmedical_Caption_2026_valid_1093","Echocardiogram showing left ventricular and right ventricular structures with annotated arrows indicating cardiac structures."
"ImageCLEFmedical_Caption_2026_valid_1094","Cardiomegaly with mediastinal widening and pulmonary congestion indicated by arrows."
"ImageCLEFmedical_Caption_2026_valid_1095","X-ray of knee joint showing total knee replacement prosthesis with intact alignment and no visible loosening or fracture."
"ImageCLEFmedical_Caption_2026_valid_1096","Posterior cruciate retaining total knee arthroplasty with implant alignment confirmed on radiograph."
"ImageCLEFmedical_Caption_2026_valid_1097","Hip replacement with screws and implant visible on radiograph."
"ImageCLEFmedical_Caption_2026_valid_1098","Posterior approach total hip arthroplasty with cemented stem and acetabular component in situ."
"ImageCLEFmedical_Caption_2026_valid_1099","CT scan showing a cervical spine with a noted lesion in the cervical region."
"ImageCLEFmedical_Caption_2026_valid_1100","Brain radiation dose heatmap showing 7593.5 cGy coverage with color-coded intensity gradient."
"ImageCLEFmedical_Caption_2026_valid_1101","CT scan showing bilateral pulmonary consolidation with air bronchogram and ground-glass opacities."
"ImageCLEFmedical_Caption_2026_valid_1102","CT scan showing liver with focal lesions indicated by arrows."
"ImageCLEFmedical_Caption_2026_valid_1103","CT scan showing a mass in the upper abdomen near the spine."
"ImageCLEFmedical_Caption_2026_valid_1104","CT scan showing liver with arrow indicating focal lesion and yellow arrow pointing to portal vein region"
"ImageCLEFmedical_Caption_2026_valid_1105","CT scan showing liver with focal lesion indicated by arrow."
"ImageCLEFmedical_Caption_2026_valid_1106","CT scan showing large hepatic mass with arrow indicating lesion location."
"ImageCLEFmedical_Caption_2026_valid_1107","Hip joint radiographs showing a total hip replacement with implant positioning and alignment."
"ImageCLEFmedical_Caption_2026_valid_1108","MRI brain showing multiple small foci of hyperintensity in the cerebral cortex and subcortical white matter, indicative of possible small vessel ischemic changes or early leukoencephalopathy."
"ImageCLEFmedical_Caption_2026_valid_1109","Cerebral CT scan showing multiple intracranial hemorrhages indicated by arrows."
"ImageCLEFmedical_Caption_2026_valid_1110","CT scan showing cervical spine and surrounding soft tissues with no obvious fractures or dislocations."
"ImageCLEFmedical_Caption_2026_valid_1111","CT scan of the head showing symmetrical nasal and sinus structures with no evident abnormalities."
"ImageCLEFmedical_Caption_2026_valid_1112","Thoracic MRI slice showing heart and major vessels at midline with 10 cm scale marker."
"ImageCLEFmedical_Caption_2026_valid_1113","MRI scan showing thoracic region with T2W TSE SENSE multi coil imaging."
"ImageCLEFmedical_Caption_2026_valid_1114","Radiograph showing a foreign body in the cervical region, indicated by the red arrow."
"ImageCLEFmedical_Caption_2026_valid_1115","Head CT scan showing frontal sinus opacity with arrow indication"
"ImageCLEFmedical_Caption_2026_valid_1116","CT scan of head showing intracranial lesion with arrow indicating area of interest."
"ImageCLEFmedical_Caption_2026_valid_1117","CT scan showing pulmonary nodules indicated by arrows."
"ImageCLEFmedical_Caption_2026_valid_1118","Radiograph showing right-sided chest with multiple central lines and a circular object in the lower thorax."
"ImageCLEFmedical_Caption_2026_valid_1119","PET scan showing multiple metabolic hotspots in the thoracic and abdominal regions with orientation markers and 3.0° rotation indicated."
"ImageCLEFmedical_Caption_2026_valid_1120","MRI showing nasal sinus inflammation with green arrow indicating lesion."
"ImageCLEFmedical_Caption_2026_valid_1121","Head CT showing a focal area of bone destruction with adjacent soft tissue density, indicated by the red arrow."
"ImageCLEFmedical_Caption_2026_valid_1122","CT scan showing intracranial hemorrhage at the right parietal region."
"ImageCLEFmedical_Caption_2026_valid_1123","Spinal MRI showing vertebral body lesions with red arrows indicating abnormal signal intensity."
"ImageCLEFmedical_Caption_2026_valid_1124","Panoramic radiograph showing full dental arch with visible roots, crowns, and surrounding alveolar bone structure."
"ImageCLEFmedical_Caption_2026_valid_1125","Ultrasound image showing fetal development in utero with visible gestational sac and embryonic structures."
"ImageCLEFmedical_Caption_2026_valid_1126","Axial CT scan showing pelvic bones and central abdominal structures."
"ImageCLEFmedical_Caption_2026_valid_1127","CT scan showing multiple pulmonary nodules in both lungs."
"ImageCLEFmedical_Caption_2026_valid_1128","Chest X-ray showing multiple areas of consolidation in the lungs indicated by arrows."
"ImageCLEFmedical_Caption_2026_valid_1129","CT scan showing cervical lymphadenopathy with arrows indicating enlarged lymph nodes."
"ImageCLEFmedical_Caption_2026_valid_1130","CT scan showing a large mass in the right upper lobe of the lung, indicated by the arrow."
"ImageCLEFmedical_Caption_2026_valid_1131","Transabdominal ultrasound image showing bilateral testicular structures with measurement annotation."
"ImageCLEFmedical_Caption_2026_valid_1132","MRI scan showing heart and surrounding structures with annotated measurements."
"ImageCLEFmedical_Caption_2026_valid_1133","Lateral cephalogram showing skull, cervical spine, and dental arch with orthodontic appliances."
"ImageCLEFmedical_Caption_2026_valid_1134","Panoramic dental radiograph showing full dental arch with visible teeth, roots, and surrounding bone structure."
"ImageCLEFmedical_Caption_2026_valid_1135","Panoramic dental radiograph showing full dental arch with visible teeth, jawbone, and surrounding structures."
"ImageCLEFmedical_Caption_2026_valid_1136","Lateral skull radiograph showing cervical spine, facial bones, and dental structures with visible dental implant."
"ImageCLEFmedical_Caption_2026_valid_1137","Brain MRI showing a bright lesion in the right parietal lobe."
"ImageCLEFmedical_Caption_2026_valid_1138","MRI of knee joint showing meniscocapsular complex and tibia with arrow indicating meniscocapsular complex"
"ImageCLEFmedical_Caption_2026_valid_1139","CT scan showing a pericardial effusion with a red arrow indicating fluid collection around the heart."
"ImageCLEFmedical_Caption_2026_valid_1140","Radiograph showing a long bone with a visible fracture line indicated by the red arrow."
"ImageCLEFmedical_Caption_2026_valid_1141","CT scan showing liver with arrow indicating focal lesion."
"ImageCLEFmedical_Caption_2026_valid_1142","Radiograph showing a pediatric tibia with a suspected fracture indicated by the red arrow."
"ImageCLEFmedical_Caption_2026_valid_1143","CT scan showing a mass in the right lung field with a red arrow indicating the lesion."
"ImageCLEFmedical_Caption_2026_valid_1144","CT scan showing pseudoaneurysm of the mitral-atrial intervalvular fibrosa with labeled heart chambers: RV, RA, LV, LA."
"ImageCLEFmedical_Caption_2026_valid_1145","MRI showing cervical spine with vertebral body and intervertebral disc abnormalities indicated by arrows."
"ImageCLEFmedical_Caption_2026_valid_1146","Ultrasound image showing a structure with a measured diameter of 18.26 mm."
"ImageCLEFmedical_Caption_2026_valid_1147","X-ray showing skeletal alignment with multiple pins or wires for stabilization."
"ImageCLEFmedical_Caption_2026_valid_1148","Chest X-ray showing bilateral lung opacities and cardiomegaly."
"ImageCLEFmedical_Caption_2026_valid_1149","CT scan showing liver with highlighted lesion."
"ImageCLEFmedical_Caption_2026_valid_1150","Brain CT scan showing a focal area of increased density in the right parietal lobe, indicated by the arrow."
"ImageCLEFmedical_Caption_2026_valid_1151","Chest X-ray showing bilateral lung opacity with mediastinal shift and central line placement."
"ImageCLEFmedical_Caption_2026_valid_1152","CT scan showing a pulmonary nodule in the left lung field, indicated by the red arrow."
"ImageCLEFmedical_Caption_2026_valid_1153","CT scan showing a pulmonary nodule in the right lower lobe with a red arrow indicating the lesion."
"ImageCLEFmedical_Caption_2026_valid_1154","Panoramic dental radiograph showing full dental arch with visible teeth, jawbone, and surrounding structures."
"ImageCLEFmedical_Caption_2026_valid_1155","Arrow indicates a region of suspected intracranial hemorrhage or abnormal density in the brain parenchyma."
"ImageCLEFmedical_Caption_2026_valid_1156","MRI scan showing cervical spine and surrounding soft tissue structures."
"ImageCLEFmedical_Caption_2026_valid_1157","Ultrasound image showing a dark, fluid-filled structure with measurement markers indicating distances of 11.3 cm and 11.5 cm."
"ImageCLEFmedical_Caption_2026_valid_1158","Ultrasound image of a 24-week pregnant woman showing fetal profile with visible fetal structures."
"ImageCLEFmedical_Caption_2026_valid_1159","24-week gestational ultrasound showing fetal profile with visible limb and head structures."
"ImageCLEFmedical_Caption_2026_valid_1160","Ultrasound image of a 24-week pregnant woman showing fetal profile with measurements indicated."
"ImageCLEFmedical_Caption_2026_valid_1161","Dental radiograph showing a tooth with a visible root canal filling and adjacent teeth."
"ImageCLEFmedical_Caption_2026_valid_1162","Echocardiogram showing cardiac structures with labeled ventricle (VE), atrium (AE), and aortic root (AO)."
"ImageCLEFmedical_Caption_2026_valid_1163","Echocardiogram showing ventricular and atrial chambers with labeled structures."
"ImageCLEFmedical_Caption_2026_valid_1164","AP chest X-ray showing bilateral infiltrates with arrows indicating areas of consolidation, consistent with pneumonia."
"ImageCLEFmedical_Caption_2026_valid_1165","PET-CT scan showing high metabolic activity in the liver and surrounding areas, indicated by red arrows."
"ImageCLEFmedical_Caption_2026_valid_1166","PET scan showing increased metabolic activity in the right lung region indicated by arrows."
"ImageCLEFmedical_Caption_2026_valid_1167","Renal pelvis and ureter with contrast medium, showing dilatation and obstruction at the ureteropelvic junction."
"ImageCLEFmedical_Caption_2026_valid_1168","Panoramic dental radiograph showing full dental arch with labeled right and left sides."
"ImageCLEFmedical_Caption_2026_valid_1169","CT scan showing a large pulmonary cyst with a yellow arrow indicating the lesion."
"ImageCLEFmedical_Caption_2026_valid_1170","Ultrasound image showing multiple hypoechoic lesions with posterior acoustic shadowing in the thyroid gland."
"ImageCLEFmedical_Caption_2026_valid_1171","Pediatric chest X-ray showing bilateral lung opacities and increased interstitial markings consistent with pneumonia."
"ImageCLEFmedical_Caption_2026_valid_1172","CT scan showing pelvic bones with a white arrow indicating a lesion or abnormality in the right pelvic bone."
"ImageCLEFmedical_Caption_2026_valid_1173","Ultrasound image showing a fetal structure with measurement markers indicating distances of 7.47 cm and 6.89 cm, with a total depth of 11.2 cm."
"ImageCLEFmedical_Caption_2026_valid_1174","Transvaginal ultrasound image showing sagittal view of uterus with measured dimensions and marked anatomical landmarks."
"ImageCLEFmedical_Caption_2026_valid_1175","Posteroanterior chest radiograph showing normal lung fields, heart size, and bony thorax with no obvious pathologies."
"ImageCLEFmedical_Caption_2026_valid_1176","Thoracic CT scan showing heart, lungs, and vertebral column at mid-level."
"ImageCLEFmedical_Caption_2026_valid_1177","Chest X-ray showing bilateral infiltrates consistent with pneumonia, with visible medical devices including a central line and endotracheal tube."
"ImageCLEFmedical_Caption_2026_valid_1178","Pregnancy ultrasound showing fetal heart activity in first trimester with Doppler flow imaging."
"ImageCLEFmedical_Caption_2026_valid_1179","Echocardiogram showing cardiac structure with measurement marker indicating dimension."
"ImageCLEFmedical_Caption_2026_valid_1180","Ultrasound image showing a dark, centrally located structure with surrounding echogenic tissue."
"ImageCLEFmedical_Caption_2026_valid_1181","Panoramic dental radiograph showing both upper and lower dental arches with visible teeth and jawbone structure."
"ImageCLEFmedical_Caption_2026_valid_1182","MRI of cervical spine showing vertebral bodies and spinal canal with labeled anatomical orientation."
"ImageCLEFmedical_Caption_2026_valid_1183","CT scan showing a fracture at the distal end of the tibia, indicated by the arrow."
"ImageCLEFmedical_Caption_2026_valid_1184","CT scan showing ankle joint with red arrow indicating a fracture."
"ImageCLEFmedical_Caption_2026_valid_1185","Angiogram showing bilateral iliac and femoral arteries with visible branching and patent lumen."
"ImageCLEFmedical_Caption_2026_valid_1186","Angiogram showing bilateral iliac artery with normal branching and no visible stenosis or occlusion."
"ImageCLEFmedical_Caption_2026_valid_1187","Angiographic image showing bilateral iliac artery branches with contrast medium highlighting vascular structures."
"ImageCLEFmedical_Caption_2026_valid_1188","CT scan showing nasal cavity with arrow indicating orbital fat or soft tissue abnormality."
"ImageCLEFmedical_Caption_2026_valid_1189","CT scan showing a small lesion in the left maxillary sinus region."
"ImageCLEFmedical_Caption_2026_valid_1190","CT scan showing nasal cavity with arrow indicating lesion in left nasal cavity."
"ImageCLEFmedical_Caption_2026_valid_1191","Ultrasound images showing two measurements of a dark, circular structure: 2.57 cm in Figure 1A and 1.34 cm by 1.95 cm in Figure 1B."
"ImageCLEFmedical_Caption_2026_valid_1192","PET scan showing increased metabolic activity in the right pelvic region, indicated by the yellow arrow."
"ImageCLEFmedical_Caption_2026_valid_1193","PET scan showing a metabolically active lesion in the pelvic region, indicated by the yellow arrow."
"ImageCLEFmedical_Caption_2026_valid_1194","Ultrasound image showing a fetal structure with labeled distances A and B measuring 54.8mm and 42.2mm respectively."
"ImageCLEFmedical_Caption_2026_valid_1195","Abdominal CT scan showing liver with focal lesion, surrounding vascular structures, and adjacent organs."
"ImageCLEFmedical_Caption_2026_valid_1196","Radiographic image showing a contrast-filled gastrointestinal tract with a visible foreign body or device in the lumen."
"ImageCLEFmedical_Caption_2026_valid_1197","Barium enema showing colon with irregularities and possible obstruction"
"ImageCLEFmedical_Caption_2026_valid_1198","Intraoperative radiograph showing a dilated ureter with a catheter and guidewire in place."
"ImageCLEFmedical_Caption_2026_valid_1199","Hand X-ray showing detailed bone structure of all five fingers and wrist joints."
"ImageCLEFmedical_Caption_2026_valid_1200","Radiograph of a human hand showing all five fingers with visible phalanges, metacarpals, and carpal bones."
"ImageCLEFmedical_Caption_2026_valid_1201","Root canal treatment with obturation material visible in the canal."
"ImageCLEFmedical_Caption_2026_valid_1202","Root canal radiograph showing extruded gutta-percha, apical radiolucency, separated file in mid-length of palatal root, and missed distobuccal canal."
"ImageCLEFmedical_Caption_2026_valid_1203","Root canal radiograph showing multiple teeth with visible root canals and surrounding bone structure."
"ImageCLEFmedical_Caption_2026_valid_1204","Radiograph showing dental root canal treatment with visible filling material and adjacent tooth structures."
"ImageCLEFmedical_Caption_2026_valid_1205","Brain MRI showing normal anatomical structures with no evident pathology."
"ImageCLEFmedical_Caption_2026_valid_1206","CT scan showing abdominal cross-section with highlighted intestinal loop and vertebral column."
"ImageCLEFmedical_Caption_2026_valid_1207","CT scan showing a highlighted abdominal mass with surrounding anatomical structures."
"ImageCLEFmedical_Caption_2026_valid_1208","CT scan showing abdominal cross-section with arrow indicating a lesion near the spine."
"ImageCLEFmedical_Caption_2026_valid_1209","CT scan showing bilateral pulmonary nodules with arrows indicating focal opacities in the lungs."
"ImageCLEFmedical_Caption_2026_valid_1210","Brain CT scan showing a small area of increased density in the right parietal lobe indicated by a green arrow."
"ImageCLEFmedical_Caption_2026_valid_1211","Axial MRI of the abdomen showing liver, spleen, and surrounding structures with no obvious focal lesions."
"ImageCLEFmedical_Caption_2026_valid_1212","CT scan showing enlarged liver with heterogeneous texture and a large focal lesion."
"ImageCLEFmedical_Caption_2026_valid_1213","MRI scan showing a 13.9 mm lesion with 31.3 mm diameter in the shoulder region."
"ImageCLEFmedical_Caption_2026_valid_1214","Ultrasound image showing a fetal structure with a white arrow indicating a specific anatomical feature."
"ImageCLEFmedical_Caption_2026_valid_1215","CT scan showing a large intraluminal mass in the esophagus, indicated by the arrow."
"ImageCLEFmedical_Caption_2026_valid_1216","CT scan showing a large abdominal aortic aneurysm with a white arrow indicating the site of the aneurysm."
"ImageCLEFmedical_Caption_2026_valid_1217","CT scan showing pelvic region with arrow indicating a vascular structure."
"ImageCLEFmedical_Caption_2026_valid_1218","Ultrasound image showing a circular structure with a hypoechoic center and hyperechoic surrounding tissue, enclosed within a yellow square."
"ImageCLEFmedical_Caption_2026_valid_1219","X-ray showing cervical spine with yellow lines indicating alignment or pathology."
"ImageCLEFmedical_Caption_2026_valid_1220","Spinal X-ray showing vertebral alignment with yellow lines indicating potential deformity or misalignment."
"ImageCLEFmedical_Caption_2026_valid_1221","CT scan showing cerebral hemorrhage with arrows indicating intracranial bleeding and mass effect."
"ImageCLEFmedical_Caption_2026_valid_1222","Brain MRI showing a large lesion in the left parietal lobe with surrounding edema and mass effect."
"ImageCLEFmedical_Caption_2026_valid_1223","Brain MRI showing a lesion in the right parietal lobe."
"ImageCLEFmedical_Caption_2026_valid_1224","Pneumothorax with visible air collection in the left lung field indicated by arrow."
"ImageCLEFmedical_Caption_2026_valid_1225","Chest X-ray showing clear lung fields with visible rib cage and heart shadow, no obvious pneumothorax or consolidation."
"ImageCLEFmedical_Caption_2026_valid_1226","Maxillary dental radiograph showing tooth 42, 41, 31, and 32 with arrows indicating areas of interest."
"ImageCLEFmedical_Caption_2026_valid_1227","MRI showing cerebral hemisphere with three red arrows indicating abnormal signal intensity in the cortical region."
"ImageCLEFmedical_Caption_2026_valid_1228","MRI showing cerebral hemisphere with two red arrows indicating abnormal signal intensity in the cortical region."
"ImageCLEFmedical_Caption_2026_valid_1229","Spinal cord imaging showing abnormal signal intensity in the thoracic region indicated by arrows."
"ImageCLEFmedical_Caption_2026_valid_1230","Fetal ultrasound image showing embryo in utero with visible cardiac silhouette and surrounding amniotic fluid."
"ImageCLEFmedical_Caption_2026_valid_1231","Brain MRI showing a focal lesion in the left hemisphere indicated by a blue arrow."
"ImageCLEFmedical_Caption_2026_valid_1232","X-ray showing multiple joint spaces with arrows indicating osteoarthritic changes in the feet."
"ImageCLEFmedical_Caption_2026_valid_1233","MRI scan showing multiple lesions in the liver with arrows indicating areas of abnormal signal intensity."
"ImageCLEFmedical_Caption_2026_valid_1234","Hip joint radiograph showing right side with total hip replacement prosthesis."
"ImageCLEFmedical_Caption_2026_valid_1235","Pelvic X-ray showing hip fracture with surgical fixation using a long rod and screws."
"ImageCLEFmedical_Caption_2026_valid_1236","CT scan showing bilateral renal masses with arrows indicating abnormal lesions in the kidneys."
"ImageCLEFmedical_Caption_2026_valid_1237","Cardiac silhouette with prominent left ventricular enlargement and blurred lung fields."
"ImageCLEFmedical_Caption_2026_valid_1238","CT scan showing a large hepatic lesion with a white arrow indicating the area of interest."
"ImageCLEFmedical_Caption_2026_valid_1239","CT scan showing a white arrow pointing to a structure in the abdominal region."
"ImageCLEFmedical_Caption_2026_valid_1240","Brain CT scan showing intracranial hemorrhage with mass effect and midline shift."
"ImageCLEFmedical_Caption_2026_valid_1241","CT scan showing a renal mass with arrow indicating lesion."
"ImageCLEFmedical_Caption_2026_valid_1242","MRI scan showing a pelvic mass with arrow indicating lesion."
"ImageCLEFmedical_Caption_2026_valid_1243","Brain CT scan showing intracranial hemorrhage with red arrow indicators."
"ImageCLEFmedical_Caption_2026_valid_1244","Brain MRI showing bilateral basal ganglia lesions with arrows indicating symmetric hyperintense foci."
"ImageCLEFmedical_Caption_2026_valid_1245","Cerebral hemorrhage in the brainstem region indicated by arrow."
"ImageCLEFmedical_Caption_2026_valid_1246","CT scan showing a large mass in the left upper quadrant of the abdomen, indicated by the red arrow."
"ImageCLEFmedical_Caption_2026_valid_1247","Portable chest X-ray showing a patient in sitting position with a red arrow pointing to a cardiac silhouette."
"ImageCLEFmedical_Caption_2026_valid_1248","CT scan showing esophageal obstruction with a red arrow indicating a mass or obstruction in the esophagus."
"ImageCLEFmedical_Caption_2026_valid_1249","CT scan showing multiple subcutaneous gas pockets along the lateral abdominal wall."
"ImageCLEFmedical_Caption_2026_valid_1250","Echocardiogram showing a large pericardial effusion indicated by the yellow arrow."
"ImageCLEFmedical_Caption_2026_valid_1251","Echocardiogram showing a large mass in the left atrium, indicated by the yellow arrow."
"ImageCLEFmedical_Caption_2026_valid_1252","CT scan showing a large mass in the right upper quadrant of the abdomen, indicated by the yellow arrow."
"ImageCLEFmedical_Caption_2026_valid_1253","CT scan showing a mass in the left lower quadrant of the abdomen, indicated by the yellow arrow."
"ImageCLEFmedical_Caption_2026_valid_1254","Abdominal X-ray showing gastric air-fluid levels and NGT in place."
"ImageCLEFmedical_Caption_2026_valid_1255","MRI showing cerebellar lesion with red arrow indicating abnormality."
"ImageCLEFmedical_Caption_2026_valid_1256","Chest X-ray showing cardiomegaly with prominent cardiac silhouette and bilateral pulmonary opacities."
"ImageCLEFmedical_Caption_2026_valid_1257","Echocardiogram showing left atrial strain with measurements and R-wave strain graph."
"ImageCLEFmedical_Caption_2026_valid_1258","Anterior-posterior radiograph of a child's abdomen showing air-filled bowel loops and no obvious obstruction or abnormality."
"ImageCLEFmedical_Caption_2026_valid_1259","MRI showing uterine mass with arrows indicating abnormal tissue and possible invasion into surrounding structures."
"ImageCLEFmedical_Caption_2026_valid_1260","MRI showing pelvic structures with arrows indicating abnormalities in the lower abdomen region."
"ImageCLEFmedical_Caption_2026_valid_1261","Thoracic CT scan showing cardiac silhouette and surrounding thoracic structures."
"ImageCLEFmedical_Caption_2026_valid_1262","Brain CT scan showing symmetrical cerebral hemispheres with normal ventricular size and no obvious mass or hemorrhage."
"ImageCLEFmedical_Caption_2026_valid_1263","Abdominal X-ray showing multiple air-fluid levels and a foreign body in the bowel."
"ImageCLEFmedical_Caption_2026_valid_1264","Abdominal X-ray showing a contrast-filled catheter in the upper abdomen with a visible tip near the lower pole of the liver."
"ImageCLEFmedical_Caption_2026_valid_1265","Abdominal X-ray showing multiple air-filled loops of bowel with arrows indicating distended segments and a large gas-filled structure in the left upper quadrant."
"ImageCLEFmedical_Caption_2026_valid_1266","MRI showing a 5.52 cm renal mass with arrow indicating lesion location."
"ImageCLEFmedical_Caption_2026_valid_1267","CT abdomen showing pelvic mass with arrow indicating lesion."
"ImageCLEFmedical_Caption_2026_valid_1268","Radiograph of a bird showing skeletal structure with visible implants on the legs."
"ImageCLEFmedical_Caption_2026_valid_1269","Chest X-ray showing bilateral lung opacities and mediastinal shift suggestive of pulmonary edema or infection."
"ImageCLEFmedical_Caption_2026_valid_1270","Chest X-ray showing bilateral pulmonary opacities with no visible signs of pneumothorax or significant pleural effusion."
"ImageCLEFmedical_Caption_2026_valid_1271","Thoracic X-ray showing a large, well-defined, radiolucent mass in the left hemithorax, consistent with a pneumothorax or air-filled space, with no evident lung collapse or mediastinal shift."
"ImageCLEFmedical_Caption_2026_valid_1272","Chest X-ray showing bilateral lung infiltrates and cardiomegaly."
"ImageCLEFmedical_Caption_2026_valid_1273","X-ray of a pediatric foot showing normal bone alignment and development."
"ImageCLEFmedical_Caption_2026_valid_1274","Chest X-ray showing bilateral pulmonary infiltrates with arrows indicating areas of consolidation."
"ImageCLEFmedical_Caption_2026_valid_1275","CT scan showing a large pelvic mass with surrounding bowel and vascular structures."
"ImageCLEFmedical_Caption_2026_valid_1276","CT scan showing abdominal aorta and intestinal loops with marked dilation and obstruction."
"ImageCLEFmedical_Caption_2026_valid_1277","Brain CT scan showing a large intracranial lesion with surrounding edema and midline shift."
"ImageCLEFmedical_Caption_2026_valid_1278","Brain CT showing intracranial hemorrhage indicated by blue arrow."
"ImageCLEFmedical_Caption_2026_valid_1279","Arrow indicates area of abnormal signal intensity in the cerebral hemisphere."
"ImageCLEFmedical_Caption_2026_valid_1280","Echocardiogram showing aortic valve with yellow arrow indicating potential stenosis or regurgitation."
"ImageCLEFmedical_Caption_2026_valid_1281","CT scan showing spinal alignment and detailed vertebral anatomy."
"ImageCLEFmedical_Caption_2026_valid_1282","Chest X-ray showing enlarged cardiac silhouette with possible pulmonary congestion and reduced lung volume."
"ImageCLEFmedical_Caption_2026_valid_1283","Left lower lobe pulmonary consolidation with associated pleural effusion."
"ImageCLEFmedical_Caption_2026_valid_1284","Ultrasound image showing a central hypoechoic structure with surrounding hyperechoic areas, marked by blue stars and a red cross."
"ImageCLEFmedical_Caption_2026_valid_1285","Echocardiogram showing left ventricular (LV) and right ventricular (RV) chambers with arrow indicating a structural anomaly."
"ImageCLEFmedical_Caption_2026_valid_1286","Chest X-ray showing cardiac silhouette with multiple intracardiac pacing leads visible."
"ImageCLEFmedical_Caption_2026_valid_1287","Ultrasound image showing fetal structure with arrow indicating specific anatomical feature."
"ImageCLEFmedical_Caption_2026_valid_1288","CT scan showing a cardiac implant with a red arrow indicating a specific area of interest."
"ImageCLEFmedical_Caption_2026_valid_1289","Echocardiogram showing a large, hypoechoic mass in the left atrium, indicated by the red arrow."
"ImageCLEFmedical_Caption_2026_valid_1290","CT scan showing cervical spine with measured distances of 10.26 cm and 9.62 cm between marked points."
"ImageCLEFmedical_Caption_2026_valid_1291","Pulmonary infiltrates with multiple nodular opacities in both lungs."
"ImageCLEFmedical_Caption_2026_valid_1292","CT scan showing bilateral pulmonary nodules indicated by arrows."
"ImageCLEFmedical_Caption_2026_valid_1293","Brain CT scan showing intracranial hemorrhage with focal hyperdensity in the cerebral hemisphere."
"ImageCLEFmedical_Caption_2026_valid_1294","CT scan showing multiple areas of cerebral edema indicated by arrows."
"ImageCLEFmedical_Caption_2026_valid_1295","Brain CT scan showing intracranial hemorrhage with a hypodense area and a small bright focus indicating potential bleed or clot."
"ImageCLEFmedical_Caption_2026_valid_1296","Head CT showing intracranial hemorrhage with a hyperdense focus in the left hemisphere indicated by yellow arrow and a red arrow pointing to a region of abnormal density."
"ImageCLEFmedical_Caption_2026_valid_1297","CT scan showing bilateral cerebral hemorrhages indicated by arrows."
"ImageCLEFmedical_Caption_2026_valid_1298","PET scan showing increased radiotracer uptake in thoracic and abdominal regions, with prominent lesions in the mediastinum and lower abdomen."
"ImageCLEFmedical_Caption_2026_valid_1299","Echocardiogram showing left ventricular dimensions with measurements: length 8.16 cm, area 48.1 cm², end-diastolic volume 226 ml, and end-systolic volume 226 ml. Heart rate 114 bpm."
"ImageCLEFmedical_Caption_2026_valid_1300","Cardiac MRI showing a focal region of increased signal intensity in the left ventricle, indicated by the arrow."
"ImageCLEFmedical_Caption_2026_valid_1301","Echocardiogram showing mitral valve prolapse with arrows indicating valve leaflet displacement."
"ImageCLEFmedical_Caption_2026_valid_1302","Axial CT scan showing cerebral structures with a marked hypodense lesion in the left cerebellar hemisphere."
"ImageCLEFmedical_Caption_2026_valid_1303","CT scan showing pelvic region with arrow indicating a mass or lesion in the pelvic cavity."
"ImageCLEFmedical_Caption_2026_valid_1304","CT scan showing cerebral vasculature with arrow indicating a small vascular lesion or abnormality."
"ImageCLEFmedical_Caption_2026_valid_1305","CT scan showing enlarged lymph nodes in the neck region."
"ImageCLEFmedical_Caption_2026_valid_1306","CT scan showing intracranial mass with midline shift and brain edema."
"ImageCLEFmedical_Caption_2026_valid_1307","Echocardiogram showing left ventricular and atrial structures with dimensional measurements displayed."
"ImageCLEFmedical_Caption_2026_valid_1308","CT scan showing a large mass in the mediastinum with a red arrow pointing to the lesion and a star indicating the area of interest."
"ImageCLEFmedical_Caption_2026_valid_1309","CT scan showing a large cardiac mass with a red arrow indicating the lesion."
"ImageCLEFmedical_Caption_2026_valid_1310","CT scan showing a large mass in the right lower lobe of the lung, indicated by the red arrow."
"ImageCLEFmedical_Caption_2026_valid_1311","Echocardiogram showing left ventricle (LV), left atrium (LA), and aortic root (Ao) with a marked structure indicated by an asterisk."
"ImageCLEFmedical_Caption_2026_valid_1312","MRI showing a bright signal lesion in the medial knee joint, indicated by the arrow."
"ImageCLEFmedical_Caption_2026_valid_1313","Chest X-ray showing a pacemaker in the upper left chest area with visible leads extending into the heart region."
"ImageCLEFmedical_Caption_2026_valid_1314","Axial MRI scan showing pelvic organs with heterogeneous signal intensity and surrounding adipose tissue."
"ImageCLEFmedical_Caption_2026_valid_1315","Shoulder X-ray showing a dislocated humerus with visible fracture and displacement of the joint."
"ImageCLEFmedical_Caption_2026_valid_1316","CT scan showing a dislocated shoulder with evident joint disruption and surrounding soft tissue changes."
"ImageCLEFmedical_Caption_2026_valid_1317","Shoulder X-ray showing normal joint alignment with no evident fractures or dislocations."
"ImageCLEFmedical_Caption_2026_valid_1318","Anterior shoulder radiograph showing normal bony anatomy with no evident fractures or dislocations."
"ImageCLEFmedical_Caption_2026_valid_1319","MRI showing bilateral cerebellar lesions indicated by red arrows."
"ImageCLEFmedical_Caption_2026_valid_1320","Brain MRI showing symmetrical hyperintense lesions in the cerebellar hemispheres."
"ImageCLEFmedical_Caption_2026_valid_1321","X-ray of ankle showing a fracture at the distal tibia and fibula region indicated by the arrow."
"ImageCLEFmedical_Caption_2026_valid_1322","X-ray of ankle with screw fixation device visible in the tibia and fibula region."
"ImageCLEFmedical_Caption_2026_valid_1323","Arrow indicates a fracture in the distal femur."
"ImageCLEFmedical_Caption_2026_valid_1324","X-ray of ankle with surgical fixation device in place"
"ImageCLEFmedical_Caption_2026_valid_1325","Axial CT scan of the head showing sinus and orbital structures with no obvious acute pathology."
"ImageCLEFmedical_Caption_2026_valid_1326","MRI scan showing joint with bright signal indicating inflammation or fluid accumulation."
"ImageCLEFmedical_Caption_2026_valid_1327","Abdominal CT scan showing normal anatomical structures including liver, kidneys, spine, and bowel loops."
"ImageCLEFmedical_Caption_2026_valid_1328","Abdominal CT scan showing liver, kidneys, and surrounding structures with no obvious acute abnormalities."
"ImageCLEFmedical_Caption_2026_valid_1329","CT scan showing a 9 mm lesion in the pelvic region."
"ImageCLEFmedical_Caption_2026_valid_1330","Abdominal X-ray showing intestinal obstruction with distended loops and a central air-fluid level, with a nasogastric tube in place."
"ImageCLEFmedical_Caption_2026_valid_1331","CT scan axial view showing mediastinal structures with a marked lesion indicated by asterisk."
"ImageCLEFmedical_Caption_2026_valid_1332","Angiographic image showing a stent deployed within a coronary artery, with contrast medium outlining the vessel lumen and stent struts."
"ImageCLEFmedical_Caption_2026_valid_1333","MRI scan showing potential patient mix alert in the head region"
"ImageCLEFmedical_Caption_2026_valid_1334","Chest X-ray showing pacemaker with leads in place."
"ImageCLEFmedical_Caption_2026_valid_1335","Chest X-ray showing cardiac pacemaker with lead in place."
"ImageCLEFmedical_Caption_2026_valid_1336","Radiographic image of a cardiac pacemaker with lead wires visible within the thoracic cavity."
"ImageCLEFmedical_Caption_2026_valid_1337","CT scan showing a renal stone indicated by the red arrow."
"ImageCLEFmedical_Caption_2026_valid_1338","Pelvic CT scan showing bladder, uterus, and surrounding pelvic structures."
"ImageCLEFmedical_Caption_2026_valid_1339","Abdominal CT scan showing liver, kidneys, and surrounding structures with no immediate abnormalities visible."
"ImageCLEFmedical_Caption_2026_valid_1340","MRI showing cervical spinal cord with marked signal intensity at level of asterisk and arrow."
"ImageCLEFmedical_Caption_2026_valid_1341","Lateral view of the right leg showing vascular anatomy with contrast medium highlighting major veins and arteries."
"ImageCLEFmedical_Caption_2026_valid_1342","Venous imaging showing prominent vein structures with PRONE-R and L markers indicating right and left sides."
"ImageCLEFmedical_Caption_2026_valid_1343","Lateral stress view of vascular anatomy with catheter in position."
"ImageCLEFmedical_Caption_2026_valid_1344","Pelvic X-ray showing bilateral hip joint alignment and acetabular morphology with no evident fractures or dislocations."
"ImageCLEFmedical_Caption_2026_valid_1345","Pelvic and lower limb radiograph showing hip joint and femoral alignment."
"ImageCLEFmedical_Caption_2026_valid_1346","Coronal MRI of the cervical spine showing vertebral bodies, intervertebral discs, and spinal canal."
"ImageCLEFmedical_Caption_2026_valid_1347","Pelvic MRI showing uterine and adnexal structures with heterogeneous signal intensity and possible ovarian masses."
"ImageCLEFmedical_Caption_2026_valid_1348","CT scan showing a large pelvic mass indicated by a red arrow."
"ImageCLEFmedical_Caption_2026_valid_1349","Ultrasound image showing muscles and femur with labeled structures including Sartorius m., Vastus medialis m., Rectus femoris m., and Femur."
"ImageCLEFmedical_Caption_2026_valid_1350","Ultrasound image showing dye solution within the femoral artery (FA) between the sartorius muscle (SM) and the popliteal muscle (PM), with the vastus medialis and rectus femoris muscles visible."
"ImageCLEFmedical_Caption_2026_valid_1351","Pulmonary consolidation with arrow indicating area of increased opacity in left upper lobe."
"ImageCLEFmedical_Caption_2026_valid_1352","CT scan showing a pulmonary nodule in the left lung field, indicated by the arrow."
"ImageCLEFmedical_Caption_2026_valid_1353","Abdominal CT scan showing liver, kidneys, and surrounding structures with marked areas A and B."
"ImageCLEFmedical_Caption_2026_valid_1354","CT scan showing a large intestinal loop with a red arrow indicating a suspected obstruction or mass."
"ImageCLEFmedical_Caption_2026_valid_1355","Radiograph showing a tooth with visible root canal filling material extending from the crown to the apex."
"ImageCLEFmedical_Caption_2026_valid_1356","CT scan showing thoracic cross-section with liver, heart, and vertebral column visible."
"ImageCLEFmedical_Caption_2026_valid_1357","Abdominal radiograph showing a radiopaque object near the umbilicus, marked with an asterisk."
"ImageCLEFmedical_Caption_2026_valid_1358","Contrast agent in the cavity via the dual drainage tube"
"ImageCLEFmedical_Caption_2026_valid_1359","Barium study showing narrowing at the esophagogastric junction with three yellow arrows indicating the site of obstruction."
"ImageCLEFmedical_Caption_2026_valid_1360","CT scan showing symmetrical cervical lymphadenopathy with arrows indicating enlarged lymph nodes."
"ImageCLEFmedical_Caption_2026_valid_1361","CT scan showing bilateral salivary gland enlargement with arrows indicating regions of interest."
"ImageCLEFmedical_Caption_2026_valid_1362","Posteroanterior skull radiograph showing bilateral dental implants and radiopaque markers."
"ImageCLEFmedical_Caption_2026_valid_1363","CT scan showing bilateral renal calculi with red and blue arrows indicating stones in the left and right kidneys respectively."
"ImageCLEFmedical_Caption_2026_valid_1364","CT scan showing a pulmonary nodule in the left lung field indicated by a yellow arrow."
"ImageCLEFmedical_Caption_2026_valid_1365","MRI of ankle joint with overlaid measurement lines indicating anatomical landmarks."
"ImageCLEFmedical_Caption_2026_valid_1366","MRI showing joint with arrows indicating possible ligament or tendon abnormalities."
"ImageCLEFmedical_Caption_2026_valid_1367","CT scan showing multiple bowel loops with arrows indicating areas of suspected obstruction or distension."
"ImageCLEFmedical_Caption_2026_valid_1368","MRI scan showing a spinal cord lesion at the cervical level, indicated by the red arrow."
"ImageCLEFmedical_Caption_2026_valid_1369","Ultrasound image showing a large hypoechoic mass with two arrows indicating areas of interest."
"ImageCLEFmedical_Caption_2026_valid_1370","Echocardiogram showing mitral valve with arrow indicating valve leaflet."
"ImageCLEFmedical_Caption_2026_valid_1371","CT scan showing a renal mass indicated by the arrow."
"ImageCLEFmedical_Caption_2026_valid_1372","CT scan showing a circular lesion in the mediastinum near the heart."
"ImageCLEFmedical_Caption_2026_valid_1373","Chest X-ray showing bilateral pulmonary infiltrates indicated by arrows."
"ImageCLEFmedical_Caption_2026_valid_1374","CT scan showing vertebral body with red arrows indicating possible lesion or abnormality."
"ImageCLEFmedical_Caption_2026_valid_1375","Panoramic radiograph showing dental arch with visible teeth, roots, and surrounding bone structure."
"ImageCLEFmedical_Caption_2026_valid_1376","Panoramic radiograph showing dental arch with visible teeth and implant restoration."
"ImageCLEFmedical_Caption_2026_valid_1377","Thoracic CT scan showing bilateral pulmonary consolidation with air bronchograms and mediastinal shift."
"ImageCLEFmedical_Caption_2026_valid_1378","CT scan showing liver with focal lesion and surrounding vascular structures."
"ImageCLEFmedical_Caption_2026_valid_1379","CT scan showing spinal column with labeled structures S and I."
"ImageCLEFmedical_Caption_2026_valid_1380","Posterior view radiograph showing two dental implants with screws and bridges in the maxillary arch."
"ImageCLEFmedical_Caption_2026_valid_1381","Maxillary and mandibular panoramic radiograph showing dental structures with measurement scale."
"ImageCLEFmedical_Caption_2026_valid_1382","Axial brain MRI showing symmetrical cerebral hemispheres with normal ventricular size and no obvious mass or lesion."
"ImageCLEFmedical_Caption_2026_valid_1383","Coronal CT scan of the nasal cavity showing sinus anatomy with marked landmarks."
"ImageCLEFmedical_Caption_2026_valid_1384","CT scan showing nasal cavity with highlighted sinus region"
"ImageCLEFmedical_Caption_2026_valid_1385","Coronal CT scan showing nasal cavity with measured lengths of 8.745 mm and 8.550 mm."
"ImageCLEFmedical_Caption_2026_valid_1386","Echocardiogram showing a large, mobile mass within the left atrium, indicated by the blue arrow."
"ImageCLEFmedical_Caption_2026_valid_1387","CT scan showing cardiac silhouette with crosshair overlay indicating central anatomical landmark."
"ImageCLEFmedical_Caption_2026_valid_1388","Chest X-ray showing bilateral pulmonary nodules with arrows indicating lesions in the lung fields."
"ImageCLEFmedical_Caption_2026_valid_1389","Ultrasound image showing a 8.0 mm structure with arrows indicating key features."
"ImageCLEFmedical_Caption_2026_valid_1390","CT scan showing a large mass in the right lower quadrant with an arrow indicating the lesion."
"ImageCLEFmedical_Caption_2026_valid_1391","Ultrasound image showing a dark, fluid-filled structure with a white arrow indicating a specific area of interest."
"ImageCLEFmedical_Caption_2026_valid_1392","Axial MRI showing symmetrical cervical lymphadenopathy with arrows indicating enlarged lymph nodes."
"ImageCLEFmedical_Caption_2026_valid_1393","CT scan showing bilateral cervical lymphadenopathy with arrows indicating enlarged lymph nodes."
"ImageCLEFmedical_Caption_2026_valid_1394","CT scan showing enlarged cervical lymph nodes indicated by red arrows."
"ImageCLEFmedical_Caption_2026_valid_1395","MRI showing cervical spine with arrows indicating lymph node enlargement"
"ImageCLEFmedical_Caption_2026_valid_1396","Transvaginal ultrasound image showing a uterine cavity with a visible gestational sac and fetal pole, indicating early pregnancy."
"ImageCLEFmedical_Caption_2026_valid_1397","Ultrasound image with measured dimensions: 2.2±0.4 mm, 3.1±0.5 mm, 3.2±0.5 mm, 3.0±0.5 mm, and 5.4±0.7 mm."
"ImageCLEFmedical_Caption_2026_valid_1398","Echocardiogram showing color Doppler flow with mixed blue and red signals indicating bidirectional shunting."
"ImageCLEFmedical_Caption_2026_valid_1399","Catheter positioned within vascular structure during interventional procedure."
"ImageCLEFmedical_Caption_2026_valid_1400","Abdominal MRI showing multiple fluid-filled cysts with red, green, and blue arrows indicating different cystic structures."
"ImageCLEFmedical_Caption_2026_valid_1401","X-ray showing a radiopaque catheter with indicated puncture point and guide wire placement"
"ImageCLEFmedical_Caption_2026_valid_1402","Arrow indicates a cardiac structure with abnormal signal intensity."
"ImageCLEFmedical_Caption_2026_valid_1403","Brain MRI showing a small lesion in the ventral midbrain region, indicated by the arrow."
"ImageCLEFmedical_Caption_2026_valid_1404","MRI scan of the head showing labeled anatomical regions with diagnostic lines."
"ImageCLEFmedical_Caption_2026_valid_1405","CT scan showing thoracic cross-section with labeled anatomical structures including lungs, heart, and mediastinum."
"ImageCLEFmedical_Caption_2026_valid_1406","CT scan showing abdominal aorta with a highlighted region near the renal arteries."
"ImageCLEFmedical_Caption_2026_valid_1407","CT scan showing bilateral renal masses with red circle annotations."
"ImageCLEFmedical_Caption_2026_valid_1408","Pseudoaneurysm of suprascapular artery on angiogram"
"ImageCLEFmedical_Caption_2026_valid_1409","Coil embolization and resolution of pseudoaneurysm"
"ImageCLEFmedical_Caption_2026_valid_1410","CT scan showing enlarged liver with arrow indicating focal lesion."
"ImageCLEFmedical_Caption_2026_valid_1411","Chest X-ray showing enlarged heart shadow with clear lung fields and visible rib cage."
"ImageCLEFmedical_Caption_2026_valid_1412","Chest X-ray showing clear lung fields, visible rib cage, and heart shadow with no apparent abnormalities."
"ImageCLEFmedical_Caption_2026_valid_1413","Brain MRI showing symmetrical cerebral hemispheres with normal gyral pattern and no obvious lesions or structural abnormalities."
"ImageCLEFmedical_Caption_2026_valid_1414","Lumbar spine X-ray showing vertebral alignment and disc space narrowing."
"ImageCLEFmedical_Caption_2026_valid_1415","Pelvic X-ray showing a large, dark, irregularly shaped mass within the pelvic cavity, with surrounding bony structures visible."
"ImageCLEFmedical_Caption_2026_valid_1416","Radiograph showing lumbar spine with visible vertebral bodies and intervertebral spaces."
"ImageCLEFmedical_Caption_2026_valid_1417","Lateral spinal radiograph showing vertebral alignment and adjacent soft tissue density."
"ImageCLEFmedical_Caption_2026_valid_1418","Pelvic X-ray showing bladder and surrounding bony structures"
"ImageCLEFmedical_Caption_2026_valid_1419","Thyroid ultrasound showing a large hypoechoic lesion with defined borders and associated lymph node enlargement."
"ImageCLEFmedical_Caption_2026_valid_1420","SPECT scan showing thyroid uptake with labeled anatomical landmarks and imaging parameters."
"ImageCLEFmedical_Caption_2026_valid_1421","Coronal MRI showing bilateral renal abnormalities with heterogeneous signal intensity and possible cystic or solid lesions."
"ImageCLEFmedical_Caption_2026_valid_1422","Chest X-ray showing enlarged heart with visible mediastinal structures and rib cage outline."
"ImageCLEFmedical_Caption_2026_valid_1423","Echocardiogram showing cardiac structures with labeled right pulmonary artery (RPA) and aortic root (AO)."
"ImageCLEFmedical_Caption_2026_valid_1424","Anterior-posterior radiograph of the hip joint showing normal alignment of the femoral head and acetabulum with no visible fractures or dislocations."
"ImageCLEFmedical_Caption_2026_valid_1425","X-ray showing spinal curvature and abdominal contents"
"ImageCLEFmedical_Caption_2026_valid_1426","Skull X-ray showing a foreign object in the right side of the skull."
"ImageCLEFmedical_Caption_2026_valid_1427","Pelvic X-ray showing hip joints and surrounding bone structures."
"ImageCLEFmedical_Caption_2026_valid_1428","Cervical spine MRI showing a central disc herniation at the cervical vertebra level indicated by the arrow."
"ImageCLEFmedical_Caption_2026_valid_1429","Spinal MRI showing vertebral bodies and spinal cord with arrow indicators."
"ImageCLEFmedical_Caption_2026_valid_1430","CT scan showing a pulmonary nodule in the left upper lobe."
"ImageCLEFmedical_Caption_2026_valid_1431","CT scan showing cervical spine with yellow arrow indicating lesion in cervical region."
"ImageCLEFmedical_Caption_2026_valid_1432","Abdominal CT scan showing enlarged kidneys and surrounding structures with visible contrast enhancement."
"ImageCLEFmedical_Caption_2026_valid_1433","Anterior view of a total hip replacement with well-positioned acetabular and femoral components."
"ImageCLEFmedical_Caption_2026_valid_1434","Hip joint radiograph showing total hip replacement prosthesis with acetabular and femoral components."
"ImageCLEFmedical_Caption_2026_valid_1435","Echocardiogram showing binary appearance of mitral valve with arrows indicating valve leaflet fusion."
"ImageCLEFmedical_Caption_2026_valid_1436","PA chest X-ray showing bilateral lung opacities and enlarged cardiac silhouette."
"ImageCLEFmedical_Caption_2026_valid_1437","CT scan showing cross-sectional view of skull and cervical spine with visible bone structures and surrounding soft tissues."
"ImageCLEFmedical_Caption_2026_valid_1438","CT scan showing abdominal organs with visible bowel loops and contrast-filled structures."
"ImageCLEFmedical_Caption_2026_valid_1439","Abdominal X-ray showing air-fluid levels and a surgical chain in the lower abdomen."
"ImageCLEFmedical_Caption_2026_valid_1440","Chest X-ray showing bilateral lung fields with visible rib cage and spinal column, no apparent acute abnormalities."
"ImageCLEFmedical_Caption_2026_valid_1441","Panoramic radiograph showing dental implants with arrow indicating an implant site."
"ImageCLEFmedical_Caption_2026_valid_1442","CT scan showing a pulmonary nodule in the left lower lobe indicated by a red arrow."
"ImageCLEFmedical_Caption_2026_valid_1443","CT scan showing lung consolidation in the left lower lobe indicated by arrow."
"ImageCLEFmedical_Caption_2026_valid_1444","CT scan showing spinal column with red circle highlighting vertebral region."
"ImageCLEFmedical_Caption_2026_valid_1445","Panoramic radiograph showing dental implants with angle annotation 213.45°."
"ImageCLEFmedical_Caption_2026_valid_1446","CT scan showing a mass in the mediastinum with surrounding lymph node enlargement."
"ImageCLEFmedical_Caption_2026_valid_1447","MRI showing bilateral orbital masses indicated by arrows."
"ImageCLEFmedical_Caption_2026_valid_1448","Brain MRI showing cerebellar atrophy with arrow indicating volume loss."
"ImageCLEFmedical_Caption_2026_valid_1449","Axial MRI showing orbital lesion with associated brain parenchymal abnormality."
"ImageCLEFmedical_Caption_2026_valid_1450","CT scan showing pelvic region with arrow indicating potential pathology in lower abdomen."
"ImageCLEFmedical_Caption_2026_valid_1451","CT scan showing abdominal organs with a highlighted region in the lower abdomen."
"ImageCLEFmedical_Caption_2026_valid_1452","Ultrasound image showing abdominal organ with heterogeneous texture and hypoechoic region."
"ImageCLEFmedical_Caption_2026_valid_1453","Ultrasound image showing a hypoechoic lesion with a white arrow pointing to it."
"ImageCLEFmedical_Caption_2026_valid_1454","Ultrasound image showing a heterogeneous mass with multiple arrows indicating areas of interest."
"ImageCLEFmedical_Caption_2026_valid_1455","Ultrasound image showing a circular structure with a central dark area, marked by a green circle, within a heterogeneous tissue field."
"ImageCLEFmedical_Caption_2026_valid_1456","Transvaginal ultrasound image showing uterine cavity with measured distance of 0.820 cm between markers."
"ImageCLEFmedical_Caption_2026_valid_1457","X-ray showing shoulder with surgical fixation device in place."
"ImageCLEFmedical_Caption_2026_valid_1458","Echocardiogram showing彩色血流图 with arrow indicating regurgitant jet, heart rate 91 bpm."
"ImageCLEFmedical_Caption_2026_valid_1459","Radiograph of infant showing abdominal structures with arrow indicating a specific anatomical feature."
"ImageCLEFmedical_Caption_2026_valid_1460","CT scan showing a mass in the left upper lobe of the lung."
"ImageCLEFmedical_Caption_2026_valid_1461","CT scan showing a liver lesion with a red arrow indicating a focal area of interest."
"ImageCLEFmedical_Caption_2026_valid_1462","X-ray of foot showing bone alignment with measured intertarsal width of 8 mm."
"ImageCLEFmedical_Caption_2026_valid_1463","Ultrasound image showing a hypoechoic lesion with irregular borders and internal echoes, indicated by a red arrow."
"ImageCLEFmedical_Caption_2026_valid_1464","Radiographic image showing a contrast-filled gastrointestinal tract with a long catheter or endoscope visible within the lumen."
"ImageCLEFmedical_Caption_2026_valid_1465","CT scan showing liver with arrow indicating lesion and metallic implant."
"ImageCLEFmedical_Caption_2026_valid_1466","CT scan showing nasal cavity with highlighted sinus region"
"ImageCLEFmedical_Caption_2026_valid_1467","Brain MRI showing a small lesion in the right cerebral hemisphere."
"ImageCLEFmedical_Caption_2026_valid_1468","Chest X-ray showing cardiomegaly with mediastinal shift and pleural effusion."
"ImageCLEFmedical_Caption_2026_valid_1469","Cranial radiograph showing skull with arrows indicating areas of interest."
"ImageCLEFmedical_Caption_2026_valid_1470","CT scan showing cervical lymphadenopathy with arrows indicating enlarged lymph nodes."
"ImageCLEFmedical_Caption_2026_valid_1471","CT scan showing multiple rib fractures and a vertebral body fracture with a liver lesion indicated."
"ImageCLEFmedical_Caption_2026_valid_1472","Radiographic image showing dental arch with green contour overlay and 9 landmark points, area measurement 641.7 mm²."
"ImageCLEFmedical_Caption_2026_valid_1473","Ultrasound image showing labeled anatomical structures including R, TA, EO, IO, Cr, and Cd."
"ImageCLEFmedical_Caption_2026_valid_1474","Doppler ultrasound image showing blood flow velocity profile with velocity scale in cm/s."
"ImageCLEFmedical_Caption_2026_valid_1475","X-ray showing a tibial fracture with an arrow indicating the fracture site."
"ImageCLEFmedical_Caption_2026_valid_1476","Echocardiogram showing color Doppler flow patterns in the heart."
"ImageCLEFmedical_Caption_2026_valid_1477","Echocardiogram showing cardiac structure with crosshairs for orientation."
"ImageCLEFmedical_Caption_2026_valid_1478","Cervical spine X-ray showing a cervical spine fusion with a visible fusion device at the indicated level."
"ImageCLEFmedical_Caption_2026_valid_1479","MRI showing cervical spine with red arrows indicating disc space narrowing and possible spinal cord compression."
"ImageCLEFmedical_Caption_2026_valid_1480","Abdominal X-ray showing multiple air-fluid levels and bowel obstruction with arrows indicating dilated loops of intestine."
"ImageCLEFmedical_Caption_2026_valid_1481","MRI showing a bright signal lesion in the thoracic region, indicated by the red arrow."
"ImageCLEFmedical_Caption_2026_valid_1482","PET-CT scan showing a bright focal lesion in the thoracic region with high metabolic activity, indicative of potential tumor presence."
"ImageCLEFmedical_Caption_2026_valid_1483","Angiographic image showing a curved catheter within a vascular structure."
"ImageCLEFmedical_Caption_2026_valid_1484","Echocardiogram showing a cardiac structure with a red marker indicating a specific region of interest."
"ImageCLEFmedical_Caption_2026_valid_1485","Echocardiogram showing a cardiac structure with a red asterisk indicating a specific area of interest, accompanied by diagnostic parameters and a heart rate trace."
"ImageCLEFmedical_Caption_2026_valid_1486","Coronary artery computed tomography angiogram showing normal vascular anatomy with no significant stenosis."
"ImageCLEFmedical_Caption_2026_valid_1487","Coronary angiogram showing stenotic lesion with contrast dye injection indicated by asterisk and star markers."
"ImageCLEFmedical_Caption_2026_valid_1488","Echocardiogram showing a cardiac structure with a marked region indicated by a red asterisk."
"ImageCLEFmedical_Caption_2026_valid_1489","Echocardiogram showing a large, well-defined mass in the left atrium, outlined by a white circle."
"ImageCLEFmedical_Caption_2026_valid_1490","Cardiac MRI showing enlarged heart with arrow indicating regional thickening or abnormality."
"ImageCLEFmedical_Caption_2026_valid_1491","Chest X-ray showing cardiac enlargement with arrows indicating increased cardiac silhouette."
"ImageCLEFmedical_Caption_2026_valid_1492","Chest X-ray showing enlarged cardiac silhouette with bilateral lung field opacity and diaphragmatic elevation."
"ImageCLEFmedical_Caption_2026_valid_1493","MRI showing pelvic mass with arrow indicating lesion."
"ImageCLEFmedical_Caption_2026_valid_1494","Abdominal CT scan showing a renal mass indicated by the arrow."
"ImageCLEFmedical_Caption_2026_valid_1495","CT scan showing a large pelvic mass indicated by the arrow."
"ImageCLEFmedical_Caption_2026_valid_1496","Axial CT scan showing symmetrical brain parenchyma with no visible mass or hemorrhage."
"ImageCLEFmedical_Caption_2026_valid_1497","Abdominal X-ray showing a foreign object in the pelvic region, indicated by a blue arrow."
"ImageCLEFmedical_Caption_2026_valid_1498","Ultrasound image showing thoracolumbar fascia with anterior and posterior QL and TP structures labeled."
"ImageCLEFmedical_Caption_2026_valid_1499","Ultrasound image showing labeled anatomical structures including AIIS, LA, IPE, PT, and FA."
"ImageCLEFmedical_Caption_2026_valid_1500","PET scan showing metabolic activity in thoracic and abdominal organs with prominent uptake in liver and surrounding structures."
"ImageCLEFmedical_Caption_2026_valid_1501","Brain MRI showing a lesion in the left cerebral hemisphere indicated by a red arrow."
"ImageCLEFmedical_Caption_2026_valid_1502","Axial CT scan showing spinal vertebra with surrounding soft tissue and vascular structures."
"ImageCLEFmedical_Caption_2026_valid_1503","Axial CT scan showing spinal vertebra with surrounding soft tissue structures."
"ImageCLEFmedical_Caption_2026_valid_1504","CT scan showing spinal column with adjacent soft tissue structures and vascular elements."
"ImageCLEFmedical_Caption_2026_valid_1505","Angiographic image showing a stent deployed within a vessel, with contrast medium highlighting the vessel walls and surrounding anatomy."
"ImageCLEFmedical_Caption_2026_valid_1506","Angiographic view showing a stent implanted in a cerebral artery with visible contrast medium flow."
"ImageCLEFmedical_Caption_2026_valid_1507","CT scan showing enlarged liver with surrounding vascular structures and adjacent organs."
"ImageCLEFmedical_Caption_2026_valid_1508","Angiographic view showing catheter placement and vascular anatomy with contrast medium highlighting arterial structures."
"ImageCLEFmedical_Caption_2026_valid_1509","Intravascular radiograph showing stent placement with labeled sizes: 4mm (2x), Nester 2mm (2x), and 2mm."
"ImageCLEFmedical_Caption_2026_valid_1510","X-ray showing spinal alignment with arrow indicating structural anomaly."
"ImageCLEFmedical_Caption_2026_valid_1511","Dental radiograph showing periodontal bone loss and tooth root morphology."
"ImageCLEFmedical_Caption_2026_valid_1512","CT scan showing liver with red arrow indicating lesion."
"ImageCLEFmedical_Caption_2026_valid_1513","CT scan showing a large hepatic lesion indicated by the red arrow."
"ImageCLEFmedical_Caption_2026_valid_1514","Pneumothorax with visible air collection in the right lung field."
"ImageCLEFmedical_Caption_2026_valid_1515","Abdominal CT scan showing liver, spleen, and spinal vertebrae with surrounding soft tissues and bowel loops."
"ImageCLEFmedical_Caption_2026_valid_1516","Barium swallow study showing esophageal and gastric anatomy with contrast medium."
"ImageCLEFmedical_Caption_2026_valid_1517","Ultrasound image showing a cross-sectional view of a pelvic organ with two measurement markers indicating dimensions."
"ImageCLEFmedical_Caption_2026_valid_1518","Pleural effusion with bilateral lung opacity on chest X-ray."
"ImageCLEFmedical_Caption_2026_valid_1519","Axial CT scan showing thoracic cross-section with heart, lungs, and vertebral body in view."
"ImageCLEFmedical_Caption_2026_valid_1520","CT scan showing three arrows pointing to areas of pulmonary consolidation in the lungs."
"ImageCLEFmedical_Caption_2026_valid_1521","Pneumothorax with visible air collection in the pleural space indicated by arrows."
"ImageCLEFmedical_Caption_2026_valid_1522","Chest X-ray showing bilateral pulmonary infiltrates and cardiomegaly with visible radiopaque implants."
"ImageCLEFmedical_Caption_2026_valid_1523","Posterior-anterior chest X-ray showing symmetrical lung fields with no obvious opacities or pneumothorax. Heart size within normal limits. Diaphragm appears intact. No visible fractures or foreign bodies."
"ImageCLEFmedical_Caption_2026_valid_1524","Pneumothorax with visible air pocket in the right lung field."
"ImageCLEFmedical_Caption_2026_valid_1525","Pleural effusion on the right side with lung compression and mediastinal shift."
"ImageCLEFmedical_Caption_2026_valid_1526","Barium swallow showing esophageal stricture and possible beak sign at the esophagogastric junction."
"ImageCLEFmedical_Caption_2026_valid_1527","Posteroanterior chest X-ray showing cardiomegaly with increased cardiac silhouette and normal lung fields."
"ImageCLEFmedical_Caption_2026_valid_1528","Abdominal X-ray showing air-fluid levels and bowel obstruction with marked distension and presence of gas in the intestines."
"ImageCLEFmedical_Caption_2026_valid_1529","Abdominal X-ray showing a central catheter with arrow indicators pointing to the catheter tip and surrounding structures."
"ImageCLEFmedical_Caption_2026_valid_1530","CT scan showing multiple bowel loops with yellow arrows indicating possible dilated segments or abnormalities."
"ImageCLEFmedical_Caption_2026_valid_1531","CT scan showing multiple bowel loops with arrows indicating potential obstruction or dilation."
"ImageCLEFmedical_Caption_2026_valid_1532","Whole body PET scan showing metabolic activity with prominent uptake in kidneys and heart."
"ImageCLEFmedical_Caption_2026_valid_1533","Lateral cervical spine X-ray showing vertebral bodies labeled C1 through C6."
"ImageCLEFmedical_Caption_2026_valid_1534","CT scan showing a large pneumothorax with air collection in the right pleural space."
"ImageCLEFmedical_Caption_2026_valid_1535","CT scan showing aortic dissection with blue arrows indicating the intimal flap and true lumen."
"ImageCLEFmedical_Caption_2026_valid_1536","Spinal radiograph showing vertebral alignment with measured spinal curvature parameters."
"ImageCLEFmedical_Caption_2026_valid_1537","Post-surgical spinal radiograph showing vertebral alignment with corrective instrumentation and measured spinal curvature angles."
"ImageCLEFmedical_Caption_2026_valid_1538","Spinal X-ray with vertebral alignment analysis and surgical hardware placement."
"ImageCLEFmedical_Caption_2026_valid_1539","Spinal radiograph with vertebral segmentation and sagittal alignment analysis indicated by red lines and numerical measurements."
"ImageCLEFmedical_Caption_2026_valid_1540","Thoracic spine X-ray showing spinal alignment with measured angle of 43.1° between vertebral segments."
"ImageCLEFmedical_Caption_2026_valid_1541","Spinal X-ray showing vertebral alignment with measured angles of 46.6° and 25.5°, and spinal fixation devices."
"ImageCLEFmedical_Caption_2026_valid_1542","Spinal radiograph showing vertebral alignment with green contour and red measurement lines indicating spinal curvature and angles."
"ImageCLEFmedical_Caption_2026_valid_1543","Spinal alignment analysis with vertebral segmentation and curvature measurement indicated."
"ImageCLEFmedical_Caption_2026_valid_1544","Thoracic spine X-ray showing vertebral alignment with 33.0° angle measurement indicated."
"ImageCLEFmedical_Caption_2026_valid_1545","CT scan showing saddle pulmonary embolism with right and left pulmonary artery thrombi."
"ImageCLEFmedical_Caption_2026_valid_1546","CT scan showing enlarged cardiac silhouette with arrow indicating possible cardiomegaly."
"ImageCLEFmedical_Caption_2026_valid_1547","Echocardiogram showing mitral valve with annotations indicating valve structure and orientation."
"ImageCLEFmedical_Caption_2026_valid_1548","CT scan showing aortic dissection with yellow arrow indicating the tear site."
"ImageCLEFmedical_Caption_2026_valid_1549","Ultrasound showing enlarged bladder with keyhole sign and oligohydramnios due to minimal amniotic fluid."
"ImageCLEFmedical_Caption_2026_valid_1550","Ultrasound image showing renal pelviccal dilation and amniotic fluid with measurement data."
"ImageCLEFmedical_Caption_2026_valid_1551","Ultrasound image showing an enlarged bladder indicated by an arrow."
"ImageCLEFmedical_Caption_2026_valid_1552","Right adnexal mass on CT scan"
"ImageCLEFmedical_Caption_2026_valid_1553","Ultrasound image showing a hypoechoic mass with color Doppler flow signals, indicated by a red arrow."
"ImageCLEFmedical_Caption_2026_valid_1554","CT scan showing a large pelvic mass with a red arrow indicating the lesion."
"ImageCLEFmedical_Caption_2026_valid_1555","CT scan showing abdominal cross-section with green outline highlighting the abdominal cavity and surrounding structures."
"ImageCLEFmedical_Caption_2026_valid_1556","CT scan showing abdominal cross-section with green outline indicating pelvic region, including spinal column and surrounding organs."
"ImageCLEFmedical_Caption_2026_valid_1557","Angiogram showing coronary artery with two highlighted regions indicating stenotic or obstructed segments."
"ImageCLEFmedical_Caption_2026_valid_1558","Angiogram showing broken wire in left circumflex artery and ramus intermedius."
"ImageCLEFmedical_Caption_2026_valid_1559","Radiograph of the elbow joint showing normal bony anatomy with no obvious fractures or dislocations."
"ImageCLEFmedical_Caption_2026_valid_1560","Ultrasound image showing a hypoechoic lesion with a yellow star marker and a red arrow indicating a nearby structure."
"ImageCLEFmedical_Caption_2026_valid_1561","CT scan showing pelvic region with visible bone structure and soft tissue contrast."
"ImageCLEFmedical_Caption_2026_valid_1562","Panoramic dental X-ray showing full dental arch with teeth, jawbone, and surrounding structures."
"ImageCLEFmedical_Caption_2026_valid_1563","Panoramic dental radiograph showing full dental arch with visible teeth, jawbone, and surrounding structures."
"ImageCLEFmedical_Caption_2026_valid_1564","Panoramic dental X-ray showing full dentition and jawbone structure."
"ImageCLEFmedical_Caption_2026_valid_1565","CT scan showing nasal cavity with marked mucosal thickening and possible obstruction indicated by arrow."
"ImageCLEFmedical_Caption_2026_valid_1566","CT scan showing orbital mass with bony erosion and optic nerve involvement."
"ImageCLEFmedical_Caption_2026_valid_1567","Cerebral MRI showing a bright lesion in the brainstem region indicated by a red arrow."
"ImageCLEFmedical_Caption_2026_valid_1568","Brain MRI showing a lesion in the putamen region."
"ImageCLEFmedical_Caption_2026_valid_1569","Radiograph showing bilateral subclavian air collections indicated by red arrows."
"ImageCLEFmedical_Caption_2026_valid_1570","Ultrasound image of the eye showing labeled anatomical structures including SEA, GCA, and PCA with directional indicators."
"ImageCLEFmedical_Caption_2026_valid_1571","Thoracic CT scan showing bilateral lung fields with central tracheal and mediastinal structures."
"ImageCLEFmedical_Caption_2026_valid_1572","Thoracic CT scan showing bilateral lung fields with visible bronchial tree and mediastinal structures."
"ImageCLEFmedical_Caption_2026_valid_1573","Cerebral angiogram showing a large intracranial aneurysm with surrounding vascular structures."
"ImageCLEFmedical_Caption_2026_valid_1574","CT scan showing a large abdominal mass indicated by a red arrow."
"ImageCLEFmedical_Caption_2026_valid_1575","X-ray showing a catheter in the abdominal region with visible spinal column in the background."
"ImageCLEFmedical_Caption_2026_valid_1576","AP port upright chest X-ray showing left MRT with visible cardiac silhouette and mediastinal structures."
"ImageCLEFmedical_Caption_2026_valid_1577","Thoracic CT scan showing bilateral pulmonary consolidation with air bronchogram and mediastinal shift."
"ImageCLEFmedical_Caption_2026_valid_1578","Echocardiogram showing left ventricle with left atrium and coronary artery annotations."
"ImageCLEFmedical_Caption_2026_valid_1579","Echocardiogram image showing heart structure with measurement annotations indicating dimensions of 4.32 cm and 2.82 cm."
"ImageCLEFmedical_Caption_2026_valid_1580","Transverse ultrasound image showing a fetal structure with measurements 4.70 cm and 3.90 cm indicated."
"ImageCLEFmedical_Caption_2026_valid_1581","Knee X-ray showing joint space narrowing and osteophyte formation at the medial tibiofemoral joint."
"ImageCLEFmedical_Caption_2026_valid_1582","Abdominal CT scan showing liver, kidneys, and surrounding structures with a scale indicator of 10 cm."
"ImageCLEFmedical_Caption_2026_valid_1583","Abdominal MRI showing liver, gallbladder, and surrounding structures with no apparent acute pathology."
"ImageCLEFmedical_Caption_2026_valid_1584","Brain MRI showing activated regions in the cerebral cortex with color-coded hotspots indicating functional activity."
"ImageCLEFmedical_Caption_2026_valid_1585","MRI scan showing hip joint with arrow indicating lesion or abnormality in the acetabular region."
"ImageCLEFmedical_Caption_2026_valid_1586","Radiograph of the tibia showing a periosteal reaction at the distal end, indicated by the arrow."
"ImageCLEFmedical_Caption_2026_valid_1587","MRI showing a joint with an arrow indicating a specific lesion or abnormality."
"ImageCLEFmedical_Caption_2026_valid_1588","MRI showing pelvic mass with arrows indicating areas of interest."
"ImageCLEFmedical_Caption_2026_valid_1589","MRI showing uterine mass with surrounding pelvic structures."
"ImageCLEFmedical_Caption_2026_valid_1590","Post-angioplasty and stenting coronary angiogram showing restored vessel lumen."
"ImageCLEFmedical_Caption_2026_valid_1591","Echocardiogram showing a vegetation on the heart valve."
"ImageCLEFmedical_Caption_2026_valid_1592","PET scan showing hypermetabolic lesions in cervical region with arrows indicating areas of increased radiotracer uptake."
"ImageCLEFmedical_Caption_2026_valid_1593","PET scan showing increased metabolic activity in cervical lymph nodes indicated by arrow."
"ImageCLEFmedical_Caption_2026_valid_1594","Transesophageal echocardiogram showing left atrium and left ventricle with measurement markers and heart rate display."
"ImageCLEFmedical_Caption_2026_valid_1595","Thoracic MRI showing a large mass in the mediastinum with a blue arrow indicating the lesion."
"ImageCLEFmedical_Caption_2026_valid_1596","CT scan showing a large hepatic lesion with arrow indicating a mass in the right liver lobe."
"ImageCLEFmedical_Caption_2026_valid_1597","CT scan showing pelvic anatomy with arrow indicating a structure in the lower abdomen."
"ImageCLEFmedical_Caption_2026_valid_1598","CT scan showing cervical spine with arrow indicating vertebral body lesion."
"ImageCLEFmedical_Caption_2026_valid_1599","Spinal X-ray showing a vertebral body with a prominent posterior protrusion indicated by the arrow."
"ImageCLEFmedical_Caption_2026_valid_1600","Chest X-ray showing a central line with a white arrow indicating its placement along the midline of the thoracic region."
"ImageCLEFmedical_Caption_2026_valid_1601","Intravenous line in place with arrow indicating placement near pelvic region."
"ImageCLEFmedical_Caption_2026_valid_1602","Chest X-ray showing bilateral lung opacities with mediastinal shift and reduced lung volume on the right side."
"ImageCLEFmedical_Caption_2026_valid_1603","CT scan showing a renal mass marked with a yellow arrow."
"ImageCLEFmedical_Caption_2026_valid_1604","CT scan showing a renal stone in the right kidney, indicated by the yellow arrow."
"ImageCLEFmedical_Caption_2026_valid_1605","CT scan showing a renal mass in the right kidney, indicated by the yellow arrow."
"ImageCLEFmedical_Caption_2026_valid_1606","Radiograph showing a tooth with a white arrow indicating a radiopaque lesion or restoration."
"ImageCLEFmedical_Caption_2026_valid_1607","MRI scan showing enlarged optic nerves with arrow indicating abnormality."
"ImageCLEFmedical_Caption_2026_valid_1608","Posterior-anterior upright chest X-ray showing bilateral lung fields with visible rib cage and spine, no apparent pneumothorax or significant opacities."
"ImageCLEFmedical_Caption_2026_valid_1609","Chest X-ray showing a circumscribed area of increased opacity in the left lower lung field, consistent with a pulmonary nodule or consolidation."
"ImageCLEFmedical_Caption_2026_valid_1610","CT scan showing cervical spine and surrounding structures at the level of the upper thoracic vertebrae."
"ImageCLEFmedical_Caption_2026_valid_1611","Cranial CT scan showing brain and skull anatomy with no apparent acute abnormalities."
"ImageCLEFmedical_Caption_2026_valid_1612","CT scan showing enlarged lymph node in cervical region indicated by green arrow."
"ImageCLEFmedical_Caption_2026_valid_1613","CT scan showing a large renal mass with a green arrow indicating the lesion."
"ImageCLEFmedical_Caption_2026_valid_1614","Axial CT scan showing bilateral subclavian lymphadenopathy with green arrows indicating enlarged lymph nodes."
"ImageCLEFmedical_Caption_2026_valid_1615","CT scan showing enlarged cervical lymph node indicated by green arrow."
"ImageCLEFmedical_Caption_2026_valid_1616","PET-CT scan showing multiple hotspots indicative of metabolic activity in thoracic and abdominal regions."
"ImageCLEFmedical_Caption_2026_valid_1617","Ultrasound image showing a hypoechoic mass with internal echogenicity, indicated by blue arrows."
"ImageCLEFmedical_Caption_2026_valid_1618","Lumbar spine lateral radiograph with 63.2° angle measurement indicated."
"ImageCLEFmedical_Caption_2026_valid_1619","Spinal curvature analysis with measured angles and anatomical landmarks indicated on radiograph."
"ImageCLEFmedical_Caption_2026_valid_1620","Spinal MRI showing disc herniation at L4-L5 level indicated by arrows."
"ImageCLEFmedical_Caption_2026_valid_1621","MRI showing cervical spine with red arrows indicating vertebral alignment or pathology."
"ImageCLEFmedical_Caption_2026_valid_1622","Brain MRI showing a lesion in the right frontal lobe indicated by a red arrow."
"ImageCLEFmedical_Caption_2026_valid_1623","Brain MRI showing symmetrical cerebral hemispheres with normal ventricular size and no obvious mass lesions or structural abnormalities."
"ImageCLEFmedical_Caption_2026_valid_1624","Pediatric PET scan showing increased radiotracer uptake in the abdominal region, with marked focal accumulation at the level of the bladder."
"ImageCLEFmedical_Caption_2026_valid_1625","Renal pelvis with hydronephrosis and dilated calyces on radiographic imaging."
"ImageCLEFmedical_Caption_2026_valid_1626","Abdominal CT scan showing kidneys, spine, and surrounding abdominal structures."
"ImageCLEFmedical_Caption_2026_valid_1627","Pelvic MRI showing uterine and surrounding pelvic structures with notable lesion or mass in the uterine cavity."
"ImageCLEFmedical_Caption_2026_valid_1628","MRI scan showing pelvic anatomy with uterine and surrounding structures in cross-section."
"ImageCLEFmedical_Caption_2026_valid_1629","Sagittal MRI showing pelvic structures with arrow indicating lesion near cervix."
"ImageCLEFmedical_Caption_2026_valid_1630","Coronal MRI of pelvic region showing urinary bladder with arrow indicating abnormality."
"ImageCLEFmedical_Caption_2026_valid_1631","Transesophageal echocardiogram showing a structure with a blue arrow pointing to a region of interest."
"ImageCLEFmedical_Caption_2026_valid_1632","MRI showing cerebral hemisphere with arrow indicating structural abnormality"
"ImageCLEFmedical_Caption_2026_valid_1633","MRI showing cerebellar atrophy with reduced brain volume and signal changes indicated by arrows."
"ImageCLEFmedical_Caption_2026_valid_1634","Axial MRI showing intracranial lesion with arrow indicating abnormality"
"ImageCLEFmedical_Caption_2026_valid_1635","MRI showing brain with arrow pointing to sellar region and small asterisk indicating frontal lobe area"
"ImageCLEFmedical_Caption_2026_valid_1636","CT scan showing a large pericardial effusion with fluid surrounding the heart."
"ImageCLEFmedical_Caption_2026_valid_1637","Echocardiogram showing left ventricle (LV) and right ventricle (RV) with a focal structure indicated by an asterisk."
"ImageCLEFmedical_Caption_2026_valid_1638","Cranial radiograph showing a radiopaque lesion in the right parietal region."
"ImageCLEFmedical_Caption_2026_valid_1639","Right parietal skull fracture with adjacent bone displacement."
"ImageCLEFmedical_Caption_2026_valid_1640","CT scan showing liver with multiple lesions indicated by red arrows, a central vascular structure marked by green arrow, and a large abdominal mass highlighted by yellow arrow."
"ImageCLEFmedical_Caption_2026_valid_1641","Renal artery angiogram showing vascular structures and renal parenchyma."
"ImageCLEFmedical_Caption_2026_valid_1642","Ultrasound image showing a fetal profile with visible gestational sac and embryonic structures."
"ImageCLEFmedical_Caption_2026_valid_1643","Echocardiogram showing left atrial appendage with color Doppler flow indicating blood flow from right lower pulmonary vein to left atrium."
"ImageCLEFmedical_Caption_2026_valid_1644","Echocardiogram showing left atrium (LA) with color Doppler flow indicating blood flow through right pulmonary veins (RUPV and RLPV)."
"ImageCLEFmedical_Caption_2026_valid_1645","Echocardiogram showing left atrium (LA) with red and blue color flow signals indicating blood flow through right and left pulmonary veins (RUPV, RLPV)."
"ImageCLEFmedical_Caption_2026_valid_1646","CT scan showing liver with focal lesions indicated by arrows."
"ImageCLEFmedical_Caption_2026_valid_1647","CT scan showing bilateral pulmonary consolidation with arrows indicating areas of interest."
"ImageCLEFmedical_Caption_2026_valid_1648","CT scan showing bilateral pulmonary opacities with ST indicating superior mediastinum, GG denoting gastric air bubble, and AT pointing to an atelectatic region."
"ImageCLEFmedical_Caption_2026_valid_1649","CT scan showing pulmonary vasculature and mediastinal structures with indicated regions A and C."
"ImageCLEFmedical_Caption_2026_valid_1650","Ultrasound image showing anatomical structures labeled Cephalad and Caudal with regions A, B, and C indicated."
"ImageCLEFmedical_Caption_2026_valid_1651","Brain MRI showing symmetrical hyperintense lesions in the basal ganglia and thalami."
"ImageCLEFmedical_Caption_2026_valid_1652","Brain MRI showing symmetric hyperintense lesions in basal ganglia and thalamic regions."
"ImageCLEFmedical_Caption_2026_valid_1653","Brain MRI showing symmetrical cortical and subcortical structures with no apparent focal lesions or abnormalities."
"ImageCLEFmedical_Caption_2026_valid_1654","Brain CT scan showing normal cerebral anatomy with no apparent abnormalities."
"ImageCLEFmedical_Caption_2026_valid_1655","Balloon catheter and stent deployed in coronary artery during angiography."
"ImageCLEFmedical_Caption_2026_valid_1656","Abdominal CT scan showing a 3.52 cm and 3.28 cm lesion in the liver region with measurement markers."
"ImageCLEFmedical_Caption_2026_valid_1657","Abdominal MRI showing liver lesion with measurements 3.17 cm and 3.36 cm."
"ImageCLEFmedical_Caption_2026_valid_1658","Abdominal MRI showing a renal mass with measured dimensions of 3.18 cm, 2.20 cm, and 0.89 cm."
"ImageCLEFmedical_Caption_2026_valid_1659","Abdominal MRI showing a large mass with measured dimensions of 14.97 cm and 9.35 cm."
"ImageCLEFmedical_Caption_2026_valid_1660","Echocardiogram showing mitral valve prolapse with red arrows indicating valve leaflet abnormalities."
"ImageCLEFmedical_Caption_2026_valid_1661","Coronal CT scan showing bilateral pulmonary consolidation and nodular opacities with air trapping in the lungs."
"ImageCLEFmedical_Caption_2026_valid_1662","MRI showing thyroid gland with arrow indicating lesion."
"ImageCLEFmedical_Caption_2026_valid_1663","Radiograph showing hip joint with intramedullary nail fixation, annotated with measurements A and B."
"ImageCLEFmedical_Caption_2026_valid_1664","X-ray of hip with intramedullary nail showing measurements A, B, and C."
"ImageCLEFmedical_Caption_2026_valid_1665","Coronary angiogram showing normal vascular anatomy with arrow indicating a specific region of interest."
"ImageCLEFmedical_Caption_2026_valid_1666","CT scan showing cervical spine with color-coded cGy radiation dose overlay indicating treatment areas."
"ImageCLEFmedical_Caption_2026_valid_1667","Coronal CT scan showing abdominal organs and pelvis with no immediate abnormalities visible."
"ImageCLEFmedical_Caption_2026_valid_1668","CT scan showing cervical and upper thoracic region with visible airway, cervical spine, and surrounding soft tissue structures."
"ImageCLEFmedical_Caption_2026_valid_1669","CT scan showing cervical spine and surrounding structures at the level of the upper thoracic vertebrae."
"ImageCLEFmedical_Caption_2026_valid_1670","Skeletal radiograph showing focal areas of increased radiotracer uptake, including a prominent lesion at the pelvic level and a smaller lesion at the cranial region indicated by the arrow."
"ImageCLEFmedical_Caption_2026_valid_1671","CT scan showing a linear area of bone discontinuity along the parietal bone, indicated by the arrow."
"ImageCLEFmedical_Caption_2026_valid_1672","CT scan showing pulmonary nodules with arrow indicating lesion in right lower lobe."
"ImageCLEFmedical_Caption_2026_valid_1673","Thoracic CT scan showing a mass in the mediastinum, indicated by the red arrow."
"ImageCLEFmedical_Caption_2026_valid_1674","CT scan showing pelvic bones with a white arrow indicating a lesion or abnormality in the right iliac region."
"ImageCLEFmedical_Caption_2026_valid_1675","Pelvic X-ray showing hip joint with arrows indicating suspected fracture or dislocation."
"ImageCLEFmedical_Caption_2026_valid_1676","Hip joint with arrow indicating possible fracture or dislocation."
"ImageCLEFmedical_Caption_2026_valid_1677","Hip replacement with implant alignment indicated by arrow."
"ImageCLEFmedical_Caption_2026_valid_1678","Hip replacement implant visible in pelvic X-ray."
"ImageCLEFmedical_Caption_2026_valid_1679","Coronary angiogram showing stent placement in left main coronary artery with contrast dye highlighting vessel lumen."
"ImageCLEFmedical_Caption_2026_valid_1680","CT scan showing pericardial effusion with cardiac enlargement and adjacent fluid collection indicated by arrows."
"ImageCLEFmedical_Caption_2026_valid_1681","CT scan showing cervical spine with labeled volumetric and statistical data overlay."
"ImageCLEFmedical_Caption_2026_valid_1682","Pelvic X-ray showing bilateral hip joints with arrows indicating right and left sides."
"ImageCLEFmedical_Caption_2026_valid_1683","Pelvic X-ray showing bilateral hip joint abnormalities with red arrows indicating affected areas."
"ImageCLEFmedical_Caption_2026_valid_1684","Pelvic X-ray showing bilateral hip joint abnormalities with arrows indicating suspected lesions or fractures."
"ImageCLEFmedical_Caption_2026_valid_1685","Pelvic X-ray showing bilateral hip joint abnormalities with arrows indicating suspected lesions or deformities."
"ImageCLEFmedical_Caption_2026_valid_1686","Panoramic radiograph highlighting a tooth in the lower right quadrant."
"ImageCLEFmedical_Caption_2026_valid_1687","Ultrasound image showing a fetal heart with visible cardiac structures and surrounding amniotic fluid."
"ImageCLEFmedical_Caption_2026_valid_1688","Ultrasound image showing a fetal structure with visible internal contours and surrounding fluid-filled space."
"ImageCLEFmedical_Caption_2026_valid_1689","Ultrasound image showing a fetal head with visible brain structures and surrounding amniotic fluid."
"ImageCLEFmedical_Caption_2026_valid_1690","Prenatal ultrasound image showing fetal head at 21 weeks 4 days gestation with measured crown-rump length of 10.5 mm."
"ImageCLEFmedical_Caption_2026_valid_1691","Arrow indicates a vascular anomaly or lesion in the abdominal region on angiographic imaging."
"ImageCLEFmedical_Caption_2026_valid_1692","MRI showing heart with red and yellow arrows indicating regions of interest."
"ImageCLEFmedical_Caption_2026_valid_1693","Radiograph showing cardiomegaly with arrow indicating enlarged cardiac silhouette."
"ImageCLEFmedical_Caption_2026_valid_1694","MRI scan showing a cardiac structure with a highlighted region indicating a potential lesion or abnormality."
"ImageCLEFmedical_Caption_2026_valid_1695","CT scan showing bilateral pulmonary infiltrates with arrows indicating areas of consolidation and interstitial changes."
"ImageCLEFmedical_Caption_2026_valid_1696","CT scan showing multiple pulmonary nodules with arrows indicating areas of consolidation and possible infection or malignancy."
"ImageCLEFmedical_Caption_2026_valid_1697","CT scan showing bilateral pulmonary nodules with arrows indicating areas of interest."
"ImageCLEFmedical_Caption_2026_valid_1698","Abdominal radiograph showing two distinct gas-filled structures with a measuring scale at the bottom."
"ImageCLEFmedical_Caption_2026_valid_1699","Barium swallow showing esophageal narrowing and gastric dilation with marked distension."
"ImageCLEFmedical_Caption_2026_valid_1700","Ultrasonic image showing a hypoechoic lesion with irregular borders within a pelvic organ."
"ImageCLEFmedical_Caption_2026_valid_1701","Echocardiogram showing a large pericardial effusion with a red arrow indicating the fluid collection around the heart."
"ImageCLEFmedical_Caption_2026_valid_1702","Chest X-ray showing cardiac silhouette with multiple wires and tubes, indicating recent medical intervention or monitoring."
"ImageCLEFmedical_Caption_2026_valid_1703","Ankle X-ray showing joint space and bone alignment with no obvious fractures or dislocations."
"ImageCLEFmedical_Caption_2026_valid_1704","X-ray of the ankle joint showing bone structure and a radiopaque marker."
"ImageCLEFmedical_Caption_2026_valid_1705","Hip joint MRI showing acetabular and femoral head structures with surrounding soft tissue contrast."
"ImageCLEFmedical_Caption_2026_valid_1706","X-ray of ankle joint showing bone structure and a foreign object, likely a screw or pin, within the joint space."
"ImageCLEFmedical_Caption_2026_valid_1707","MRI scan of the ankle joint showing joint space and surrounding soft tissues."
"ImageCLEFmedical_Caption_2026_valid_1708","X-ray of a lower limb with a plate and screws in place indicating a recent fracture repair."
"ImageCLEFmedical_Caption_2026_valid_1709","Post-operative radiograph of right lower limb showing intramedullary nail fixation."
"ImageCLEFmedical_Caption_2026_valid_1710","Angiographic image showing a central catheter with visible branching vessels and contrast medium distribution."
"ImageCLEFmedical_Caption_2026_valid_1711","CT scan showing cervical spine with labeled structures G and *"
"ImageCLEFmedical_Caption_2026_valid_1712","CT scan showing pelvic anatomy with labeled structures: asterisk indicates bladder, G denotes rectum."
"ImageCLEFmedical_Caption_2026_valid_1713","CT scan showing abdominal aorta with arrow indicating aortic aneurysm."
"ImageCLEFmedical_Caption_2026_valid_1714","Abdominal ultrasound image showing a hypoechoic structure with measurements of 1.47 cm and 1.50 cm."
"ImageCLEFmedical_Caption_2026_valid_1715","Echocardiogram showing atrial appendage with annotations indicating structural features."
"ImageCLEFmedical_Caption_2026_valid_1716","Echocardiogram showing a cardiac structure with a blue arrow indicating a specific region of interest."
"ImageCLEFmedical_Caption_2026_valid_1717","Echocardiogram showing cardiac structures with indicated regions for analysis."
"ImageCLEFmedical_Caption_2026_valid_1718","Pelvic X-ray showing bilateral hip joints with visible acetabular and femoral head alignment, labeled R for right side."
"ImageCLEFmedical_Caption_2026_valid_1719","Hip joint radiograph showing normal anatomical alignment and bone structure."
"ImageCLEFmedical_Caption_2026_valid_1720","Abdominal CT scan showing liver, kidneys, and spinal column with no immediate abnormalities visible."
"ImageCLEFmedical_Caption_2026_valid_1721","Transvaginal ultrasound image showing heterogeneous pelvic tissue with focal hypoechoic area."
"ImageCLEFmedical_Caption_2026_valid_1722","Abdominal CT scan showing liver, stomach, and spinal vertebrae with no apparent abnormalities."
"ImageCLEFmedical_Caption_2026_valid_1723","PET scan showing multiple metabolically active lesions across head, shoulders, abdomen, and pelvis."
"ImageCLEFmedical_Caption_2026_valid_1724","Abdominal CT scan showing liver, kidneys, and surrounding organs with no immediate abnormalities visible."
"ImageCLEFmedical_Caption_2026_valid_1725","CT scan showing liver with multiple small focal lesions and a large central structure likely representing the spine or vertebral body."
"ImageCLEFmedical_Caption_2026_valid_1726","Intravascular imaging showing a catheter positioned within a vascular structure."
"ImageCLEFmedical_Caption_2026_valid_1727","Pelvic CT scan showing abdominal and pelvic organs with contrast enhancement."
"ImageCLEFmedical_Caption_2026_valid_1728","Intravenous urogram showing renal pelvis and calyces with contrast medium distribution."
"ImageCLEFmedical_Caption_2026_valid_1729","Angiographic image showing a catheter positioned within a vascular structure, with contrast medium highlighting the surrounding vasculature."
"ImageCLEFmedical_Caption_2026_valid_1730","Chest X-ray showing enlarged cardiac silhouette with increased pulmonary vascular markings and mediastinal widening."
"ImageCLEFmedical_Caption_2026_valid_1731","CT scan showing liver with arrow pointing to a lesion."
"ImageCLEFmedical_Caption_2026_valid_1732","Thoracic CT scan showing heart and lungs with no apparent abnormalities."
"ImageCLEFmedical_Caption_2026_valid_1733","Ultrasound image showing a vertical measurement line with crosshairs indicating depth."
"ImageCLEFmedical_Caption_2026_valid_1734","CT scan showing a large pelvic mass with arrow indicating lesion."
"ImageCLEFmedical_Caption_2026_valid_1735","CT scan showing abdominal aortic aneurysm with calcified plaque and enlarged aorta."
"ImageCLEFmedical_Caption_2026_valid_1736","Arrow indicates a lesion in the breast tissue."
"ImageCLEFmedical_Caption_2026_valid_1737","PET scan showing high metabolic activity in the liver region with bright red and yellow areas indicating potential tumor or infection."
"ImageCLEFmedical_Caption_2026_valid_1738","MRI showing hip joint with white arrow indicating lesion or abnormality."
"ImageCLEFmedical_Caption_2026_valid_1739","Radiograph of the elbow joint showing a fracture at the distal end of the humerus indicated by the arrow."
"ImageCLEFmedical_Caption_2026_valid_1740","Liver CT scan showing a large hepatic lesion with a white arrow indicating the area of interest."
"ImageCLEFmedical_Caption_2026_valid_1741","Ultrasound image showing liver with multiple hyperechoic foci and a star marker indicating a specific region of interest."
"ImageCLEFmedical_Caption_2026_valid_1742","CT scan showing bilateral pulmonary infiltrates with air bronchogram and central mediastinal opacity."
"ImageCLEFmedical_Caption_2026_valid_1743","CT scan of the abdomen showing kidneys, liver, and spinal column with no immediate abnormalities noted."
"ImageCLEFmedical_Caption_2026_valid_1744","MRI showing intracranial hemorrhage with arrows indicating subdural collection."
"ImageCLEFmedical_Caption_2026_valid_1745","Abdominal CT scan showing kidneys, liver, and intestines with a focus on a small lesion in the bowel."
"ImageCLEFmedical_Caption_2026_valid_1746","Ultrasound image showing fetal structures in utero."
"ImageCLEFmedical_Caption_2026_valid_1747","MRI scan showing cardiac and thoracic structures with abnormal signal intensity in the myocardium and surrounding tissues."
"ImageCLEFmedical_Caption_2026_valid_1748","Brain MRI showing symmetrical hyperintense foci in the bilateral frontal lobes, indicated by arrows."
"ImageCLEFmedical_Caption_2026_valid_1749","CT scan showing multiple adrenal gland masses with arrows indicating enlarged adrenal glands and a blue arrow pointing to a central vascular structure."
"ImageCLEFmedical_Caption_2026_valid_1750","Portable chest X-ray showing cardiac silhouette with central line and tubing in place."
"ImageCLEFmedical_Caption_2026_valid_1751","Chest X-ray showing multiple arrows indicating areas of interest, with a central intravenous line and surrounding anatomical structures."
"ImageCLEFmedical_Caption_2026_valid_1752","MRI showing hip joint with arrow indicating lesion in the femoral head."
"ImageCLEFmedical_Caption_2026_valid_1753","CT scan showing bilateral pulmonary infiltrates with arrows indicating areas of consolidation."
"ImageCLEFmedical_Caption_2026_valid_1754","Liver CT scan showing a focal lesion in the right hepatic lobe."
"ImageCLEFmedical_Caption_2026_valid_1755","CT scan showing a pulmonary nodule in the right lung field."
"ImageCLEFmedical_Caption_2026_valid_1756","Chest X-ray showing enlarged heart shadow and bilateral lung opacities."
"ImageCLEFmedical_Caption_2026_valid_1757","Pneumothorax with visible air collection in the right lung field."
"ImageCLEFmedical_Caption_2026_valid_1758","Axial brain CT scan showing normal cerebral parenchyma with no evident hemorrhage or mass lesion."
"ImageCLEFmedical_Caption_2026_valid_1759","Ultrasound image showing a hypoechoic mass with irregular borders in the thyroid gland."
"ImageCLEFmedical_Caption_2026_valid_1760","CT scan showing abdominal cross-section with bowel loops, pelvic bones, and surrounding soft tissues."
"ImageCLEFmedical_Caption_2026_valid_1761","MRI showing a large, well-defined mass in the right upper quadrant with a green arrow indicating the lesion."
"ImageCLEFmedical_Caption_2026_valid_1762","MRI scan showing liver with a large, well-defined mass in the right lobe."
"ImageCLEFmedical_Caption_2026_valid_1763","MRI scan of knee joint showing bone, cartilage, and surrounding soft tissues with measurement markers."
"ImageCLEFmedical_Caption_2026_valid_1764","Chest X-ray showing cardiac pacemaker with leads in place, no obvious pneumothorax or consolidation."
"ImageCLEFmedical_Caption_2026_valid_1765","CT scan showing a large abdominal mass with a blue arrow indicating the lesion."
"ImageCLEFmedical_Caption_2026_valid_1766","Ultrasound image showing a hypoechoic structure with a curved arrow and asterisk indicating a possible lesion or abnormality."
"ImageCLEFmedical_Caption_2026_valid_1767","CT scan showing multiple pulmonary nodules, with one measuring 11mm."
"ImageCLEFmedical_Caption_2026_valid_1768","Aortic aneurysm with prominent dilation indicated by the arrow."
"ImageCLEFmedical_Caption_2026_valid_1769","Echocardiogram showing a large pericardial effusion with a prominent anechoic space surrounding the heart."
"ImageCLEFmedical_Caption_2026_valid_1770","AP upright chest X-ray showing a large right-sided pleural effusion with a red arrow indicating the area of fluid accumulation."
"ImageCLEFmedical_Caption_2026_valid_1771","CT scan showing mediastinal lymphadenopathy and pleural effusion."
"ImageCLEFmedical_Caption_2026_valid_1772","CT scan showing thoracic cross-section with heart, lungs, and vertebral column."
"ImageCLEFmedical_Caption_2026_valid_1773","Echocardiogram showing a large mass in the left atrium, indicated by the red arrow."
"ImageCLEFmedical_Caption_2026_valid_1774","PET scan showing a bright lesion in the right lung field indicating high metabolic activity."
"ImageCLEFmedical_Caption_2026_valid_1775","Axial CT scan showing mediastinal structures with prominent vascular and soft tissue contrast enhancement."
"ImageCLEFmedical_Caption_2026_valid_1776","Angiogram showing a fistula indicated by arrow."
"ImageCLEFmedical_Caption_2026_valid_1777","CT scan showing aortic dissection with arrow indicating intimal flap and tear site."
"ImageCLEFmedical_Caption_2026_valid_1778","Ultrasound image showing the liver and gallbladder with a highlighted region indicating the gallbladder."
"ImageCLEFmedical_Caption_2026_valid_1779","Ultrasound image showing liver and gallbladder cavity with annotations."
"ImageCLEFmedical_Caption_2026_valid_1780","Chest X-ray showing bilateral lung fields with visible cardiac silhouette and rib cage, marked with 'R' indicating right side."
"ImageCLEFmedical_Caption_2026_valid_1781","CT scan showing bilateral pulmonary infiltrates with arrows indicating areas of consolidation."
"ImageCLEFmedical_Caption_2026_valid_1782","CT scan showing pulmonary consolidation and pleural effusion with mediastinal shift."
"ImageCLEFmedical_Caption_2026_valid_1783","CT scan showing spinal alignment with arrows indicating potential vertebral anomalies or deformities."
"ImageCLEFmedical_Caption_2026_valid_1784","Head CT scan showing intracranial hemorrhage and skull fracture."
"ImageCLEFmedical_Caption_2026_valid_1785","CT scan showing abdominal aorta with multiple red arrows indicating possible aneurysms and yellow and blue arrows pointing to pelvic structures."
"ImageCLEFmedical_Caption_2026_valid_1786","CT scan showing pelvic anatomy with arrows indicating urinary tract abnormalities."
"ImageCLEFmedical_Caption_2026_valid_1787","CT scan showing pelvic anatomy with arrow indicating a structure within the pelvic cavity."
"ImageCLEFmedical_Caption_2026_valid_1788","Axial CT scan showing thoracic spine and surrounding soft tissues with no apparent abnormalities."
"ImageCLEFmedical_Caption_2026_valid_1789","Axial MRI slice showing vertebral CSA, psoas major CSA, and paravertebral muscle CSA."
"ImageCLEFmedical_Caption_2026_valid_1790","Echocardiogram showing cardiac structure with measurement indicators and heart rate display."
"ImageCLEFmedical_Caption_2026_valid_1791","Panoramic radiograph showing dental arch with labeled points R, D2, and ICI."
"ImageCLEFmedical_Caption_2026_valid_1792","Panoramic radiograph highlighting the condylar process (Co) and gonion (Gn) landmarks."
"ImageCLEFmedical_Caption_2026_valid_1793","Axial CT scan showing a pulmonary nodule in the right lower lobe marked by an arrow."
"ImageCLEFmedical_Caption_2026_valid_1794","Pneumothorax with visible lung collapse and mediastinal shift on the right side."
"ImageCLEFmedical_Caption_2026_valid_1795","CT scan showing left kidney with green arrow indicating abnormality"
"ImageCLEFmedical_Caption_2026_valid_1796","Liver MRI showing a focal lesion with a green arrow indicating the area of interest."
"ImageCLEFmedical_Caption_2026_valid_1797","Transvaginal ultrasound image showing a large, dark, fluid-filled structure with a measured distance of 92.7mm."
"ImageCLEFmedical_Caption_2026_valid_1798","CT scan showing a pulmonary nodule in the right lung field marked by a yellow arrow."
"ImageCLEFmedical_Caption_2026_valid_1799","MRI showing uterine mass with arrow indicating lesion and asterisk denoting adjacent structure"
"ImageCLEFmedical_Caption_2026_valid_1800","MRI scan showing pelvic region with annotated measurements of 57 mm and 55 mm."
"ImageCLEFmedical_Caption_2026_valid_1801","Radiograph showing a tooth with a red arrow indicating the root canal and the crown area."
"ImageCLEFmedical_Caption_2026_valid_1802","Radiograph showing a tooth with a file or instrument visible in the root canal, indicated by the red arrow."
"ImageCLEFmedical_Caption_2026_valid_1803","Chest X-ray showing diffuse lung opacities consistent with pneumonia."
"ImageCLEFmedical_Caption_2026_valid_1804","Radiograph of a pediatric patient showing chest and upper abdomen with visible medical tubing and measurement annotations."
"ImageCLEFmedical_Caption_2026_valid_1805","Supine chest X-ray showing pediatric patient with central line and tube, indicating potential respiratory or cardiac intervention."
"ImageCLEFmedical_Caption_2026_valid_1806","MRI scan showing shoulder joint with arrow indicating lesion or abnormality in the rotator cuff area."
"ImageCLEFmedical_Caption_2026_valid_1807","Left shoulder MRI showing joint effusion and muscle tear."
"ImageCLEFmedical_Caption_2026_valid_1808","Radiograph showing a cardiac silhouette with a black arrow pointing to a region of increased opacity in the left lower lung field."
"ImageCLEFmedical_Caption_2026_valid_1809","Chest X-ray showing increased lung opacity and mediastinal shift suggestive of pneumothorax."
"ImageCLEFmedical_Caption_2026_valid_1810","CT scan showing aortic dissection with green arrow indicating the tear site."
"ImageCLEFmedical_Caption_2026_valid_1811","Panoramic radiograph highlighting a tooth with arrow indicators and circular annotation."
"ImageCLEFmedical_Caption_2026_valid_1812","Echocardiogram showing cardiac structure with annotated measurements."
"ImageCLEFmedical_Caption_2026_valid_1813","CT scan showing a large abdominal mass with arrow indicating lesion location."
"ImageCLEFmedical_Caption_2026_valid_1814","CT scan showing a large abdominal mass with an arrow indicating a prominent lesion in the upper abdomen."
"ImageCLEFmedical_Caption_2026_valid_1815","Ultrasound image showing a hypoechoic structure with an arrow indicating a possible hepatic lesion or vascular structure."
"ImageCLEFmedical_Caption_2026_valid_1816","Ultrasound image showing renal structure with three marked points and measurement line."
"ImageCLEFmedical_Caption_2026_valid_1817","Ultrasound image showing liver with four marked points indicating lesion locations."
"ImageCLEFmedical_Caption_2026_valid_1818","PET-CT scan showing a focal area of increased metabolic activity in the mediastinum, indicated by the arrow."
"ImageCLEFmedical_Caption_2026_valid_1819","Echocardiogram showing heart structure with temperature readings: patient 37.0°C, sensor 37.8°C."
"ImageCLEFmedical_Caption_2026_valid_1820","Echocardiogram showing left ventricular dimensions with green arrows indicating sV and sJ measurements."
"ImageCLEFmedical_Caption_2026_valid_1821","CT scan showing a pelvic mass with a green arrow indicating a lesion in the right lower quadrant."
"ImageCLEFmedical_Caption_2026_valid_1822","MRI showing cerebellar vermis with arrow indicating hypoplasia or malformation"
"ImageCLEFmedical_Caption_2026_valid_1823","CT scan showing a hypodense lesion in the right orbital region, indicated by the red arrow."
"ImageCLEFmedical_Caption_2026_valid_1824","Brain MRI showing symmetrical hyperintense lesions in the basal ganglia region, indicated by arrows."
"ImageCLEFmedical_Caption_2026_valid_1825","Brain MRI showing symmetric hyperintense lesions in the basal ganglia region."
"ImageCLEFmedical_Caption_2026_valid_1826","Brain MRI showing symmetric hyperintense lesions in the cerebral hemispheres, indicated by arrows."
"ImageCLEFmedical_Caption_2026_valid_1827","Hip replacement implant with screw fixation visible on radiograph."
"ImageCLEFmedical_Caption_2026_valid_1828","CT scan showing a renal mass with a red arrow indicating the lesion."
"ImageCLEFmedical_Caption_2026_valid_1829","Radiograph of right foot showing enlarged proximal phalanx of the second toe with a red arrow indicating the abnormality."
"ImageCLEFmedical_Caption_2026_valid_1830","CT scan showing a renal lesion with arrow indicating abnormality in the right kidney."
"ImageCLEFmedical_Caption_2026_valid_1831","MRI showing spinal canal with red arrow indicating disc herniation at lumbar level."
"ImageCLEFmedical_Caption_2026_valid_1832","MRI showing hip joint with red arrow indicating a lesion or abnormality in the soft tissue or joint space."
"ImageCLEFmedical_Caption_2026_valid_1833","CT scan showing a large abdominal mass indicated by a green arrow."
"ImageCLEFmedical_Caption_2026_valid_1834","CT scan showing a large pelvic mass with a green arrow pointing to a region of interest within the pelvic cavity."
"ImageCLEFmedical_Caption_2026_valid_1835","Cardiac MRI showing a large intracardiac mass measuring 18.46 mm."
"ImageCLEFmedical_Caption_2026_valid_1836","CT scan showing pelvic structures with arrows indicating potential pathology in the pelvic region."
"ImageCLEFmedical_Caption_2026_valid_1837","Brain CT scan showing intracranial hemorrhage with mass effect and midline shift."
"ImageCLEFmedical_Caption_2026_valid_1838","MRI showing brain with arrows indicating cerebellar structures"
"ImageCLEFmedical_Caption_2026_valid_1839","Spinal MRI showing multiple intramedullary lesions indicated by arrows."
"ImageCLEFmedical_Caption_2026_valid_1840","Spinal cord MRI showing normal vertebral alignment and signal intensity."
"ImageCLEFmedical_Caption_2026_valid_1841","Spinal MRI showing vertebral alignment and surrounding soft tissue structures."
"ImageCLEFmedical_Caption_2026_valid_1842","CT scan showing a liver lesion with arrow indicating area of interest."
"ImageCLEFmedical_Caption_2026_valid_1843","CT scan showing pelvic region with arrow pointing to bladder and another arrow indicating surrounding structures."
"ImageCLEFmedical_Caption_2026_valid_1844","CT scan showing pelvic anatomy with highlighted structures indicating potential pathology or surgical site."
"ImageCLEFmedical_Caption_2026_valid_1845","Pelvis AP radiograph showing multiple fractures with surgical fixation devices in place."
"ImageCLEFmedical_Caption_2026_valid_1846","Brain MRI showing bright lesion in right cerebral hemisphere."
"ImageCLEFmedical_Caption_2026_valid_1847","X-ray of ankle joint showing a fracture at the lateral malleolus region."
"ImageCLEFmedical_Caption_2026_valid_1848","Arrow pointing to cardiac silhouette on chest X-ray."
"ImageCLEFmedical_Caption_2026_valid_1849","PET scan showing a large metabolically active tumor in the mediastinum with a prominent uptake area indicated by the arrow."
"ImageCLEFmedical_Caption_2026_valid_1850","Arrow indicates a mass in the left lower lobe of the lung."
"ImageCLEFmedical_Caption_2026_valid_1851","Chest X-ray showing enlarged cardiac silhouette with arrow indicating cardiomegaly."
"ImageCLEFmedical_Caption_2026_valid_1852","Inoue balloon catheter in position during cardiac procedure"
"ImageCLEFmedical_Caption_2026_valid_1853","Chest X-ray showing bilateral rib fractures and metallic implants in the thoracic region."
"ImageCLEFmedical_Caption_2026_valid_1854","CT scan showing bilateral pleural effusion more on right side with scattered ill-defined ground glass opacities."
"ImageCLEFmedical_Caption_2026_valid_1855","Hand MRI showing joint and soft tissue structures with visible abnormalities in the fingers and palm."
"ImageCLEFmedical_Caption_2026_valid_1856","Hand MRI showing joint spaces and soft tissue structures with no obvious acute pathology."
"ImageCLEFmedical_Caption_2026_valid_1857","Ultrasound image showing SCM, IJV, CCA, SG, LCM, and Right Thyroid Lobe with annotations."
"ImageCLEFmedical_Caption_2026_valid_1858","Pelvic CT scan showing bilateral renal masses with surrounding tissue infiltration."
"ImageCLEFmedical_Caption_2026_valid_1859","Cardiac MRI showing heart and adjacent structures with normal anatomical orientation."
"ImageCLEFmedical_Caption_2026_valid_1860","Ultrasound image of right thyroid showing two nodules measuring 2.15 cm and 2.11 cm respectively."
"ImageCLEFmedical_Caption_2026_valid_1861","CT scan showing cardiac enlargement with arrows indicating heart size increase."
"ImageCLEFmedical_Caption_2026_valid_1862","Radiograph showing two anterior teeth with visible root canals and surrounding periodontal structures."
"ImageCLEFmedical_Caption_2026_valid_1863","Radiographic image showing bilateral maxillary molars with visible root structures and surrounding alveolar bone."
"ImageCLEFmedical_Caption_2026_valid_1864","Radiograph showing three teeth with visible root structures and surrounding alveolar bone."
"ImageCLEFmedical_Caption_2026_valid_1865","Inverted view of a patient's lower gastrointestinal tract showing a central fissure with surrounding tissue folds."
"ImageCLEFmedical_Caption_2026_valid_1866","Left shoulder X-ray showing dislocated humerus with evident joint space and abnormal positioning of the proximal humerus relative to the glenoid cavity."
"ImageCLEFmedical_Caption_2026_valid_1867","Radiograph showing shoulder joint with visible implant or prosthesis, indicating recent surgical intervention."
"ImageCLEFmedical_Caption_2026_valid_1868","Ultrasound image showing brachioradialis muscle, superficial branch of radial nerve, radial bone, and flexor muscles with radial artery identified."
"ImageCLEFmedical_Caption_2026_valid_1869","Ultrasound image of the forearm showing the flexor muscles and median nerve with labeled structures including flexor carpi radialis, flexor digitorum superficialis, flexor pollicis longus, and flexor digitorum profundus."
"ImageCLEFmedical_Caption_2026_valid_1870","Anterior-posterior radiograph of a total hip replacement showing the acetabular cup and femoral stem within the pelvis."
"ImageCLEFmedical_Caption_2026_valid_1871","Panoramic radiograph showing dental implants and prosthesis in the mandible."
"ImageCLEFmedical_Caption_2026_valid_1872","Panoramic radiograph showing multiple dental implants and surrounding bone structure."
"ImageCLEFmedical_Caption_2026_valid_1873","Brain MRI showing symmetric hyperintense lesions in the basal ganglia region."
"ImageCLEFmedical_Caption_2026_valid_1874","X-ray of foot with two internal fixation screws in the metatarsal region."
"ImageCLEFmedical_Caption_2026_valid_1875","X-ray of a foot showing bone structure and alignment of toes, metatarsals, and tarsal bones."
"ImageCLEFmedical_Caption_2026_valid_1876","Pneumonia with consolidation in the left upper lobe indicated by the red arrow."
"ImageCLEFmedical_Caption_2026_valid_1877","CT scan showing heart with green contour highlighting cardiac structure."
"ImageCLEFmedical_Caption_2026_valid_1878","Chest X-ray showing bilateral lung fields with visible rib cage and spinal column."
"ImageCLEFmedical_Caption_2026_valid_1879","Angiogram showing vascular network with contrast medium highlighting arterial structures."
"ImageCLEFmedical_Caption_2026_valid_1880","Axial CT scan showing thoracic cavity with visible heart, great vessels, and vertebral column."
"ImageCLEFmedical_Caption_2026_valid_1881","Echocardiogram showing anteroseptal and inferolateral myocardial segments with MAD indicated by green arrows, alongside RV, AV, MV, and LA structures."
"ImageCLEFmedical_Caption_2026_valid_1882","Angiographic view showing catheter placement within vascular structure."
"ImageCLEFmedical_Caption_2026_valid_1883","CT scan showing abdominal cross-section with measured dimensions of 131 mm and 85.3 mm, indicating potential organ or lesion size."
"ImageCLEFmedical_Caption_2026_valid_1884","CT scan showing abdominal aorta with measured diameters of 52.8 mm and 198 mm."
"ImageCLEFmedical_Caption_2026_valid_1885","Spinal fusion with two pedicle screws in place."
"ImageCLEFmedical_Caption_2026_valid_1886","Ultrasound image showing two fetal profiles in a transverse view, with measurement data and patient information displayed on the screen."
"ImageCLEFmedical_Caption_2026_valid_1887","Cerebral hemorrhage in the left hemisphere indicated by arrow."
"ImageCLEFmedical_Caption_2026_valid_1888","AP chest X-ray showing a left-sided lung opacity with arrow indication."
"ImageCLEFmedical_Caption_2026_valid_1889","CT scan showing symmetrical paranasal sinuses with measured distance of 0.40 cm between marked points."
"ImageCLEFmedical_Caption_2026_valid_1890","Axial CT scan showing cervical spine with L3D2 measurement of 0.56 cm"
"ImageCLEFmedical_Caption_2026_valid_1891","CT scan showing cervical spine with arrow indicating cervical vertebrae"
"ImageCLEFmedical_Caption_2026_valid_1892","MRI showing prostate with arrows indicating lesion boundaries."
"ImageCLEFmedical_Caption_2026_valid_1893","Ultrasound image showing a fetal structure with color Doppler flow signals in blue and red, and arrows indicating a specific anatomical feature."
"ImageCLEFmedical_Caption_2026_valid_1894","Intravenous urography showing bilateral renal pelvis and ureteral dilation with two distinct urinary tract stones indicated by arrows."
"ImageCLEFmedical_Caption_2026_valid_1895","Inverted uterine cavity with bilateral arrow indications of abnormal uterine morphology."
"ImageCLEFmedical_Caption_2026_valid_1896","CT scan showing pelvic region with arrows indicating prostate and adjacent structures."
"ImageCLEFmedical_Caption_2026_valid_1897","MRI showing a 16.5 mm ovarian lesion with arrow indication."
"ImageCLEFmedical_Caption_2026_valid_1898","MRI showing uterine cavity with arrow indicating endometrial thickness of 38.2 mm and adjacent structures labeled S and A."
"ImageCLEFmedical_Caption_2026_valid_1899","CT scan showing liver with measured diameter of 28.4 cm."
"ImageCLEFmedical_Caption_2026_valid_1900","CT scan showing bilateral renal masses with central hypodense areas and surrounding tissue contrast."
"ImageCLEFmedical_Caption_2026_valid_1901","Axial CT scan showing bilateral renal masses with central calcifications and surrounding tissue contrast."
"ImageCLEFmedical_Caption_2026_valid_1902","Axial MRI scan showing pelvic anatomy with symmetrical hip joints and surrounding soft tissues."
"ImageCLEFmedical_Caption_2026_valid_1903","MRI showing joint with marked effusion and surrounding soft tissue swelling indicated by arrows and asterisk."
"ImageCLEFmedical_Caption_2026_valid_1904","Ultrasound image showing thyroid gland with color Doppler flow indicating vascular structures and blue and red color-coded blood flow."
"ImageCLEFmedical_Caption_2026_valid_1905","CT scan showing spinal alignment with arrow indicating a potential abnormality or deformity in the thoracic or lumbar region."
"ImageCLEFmedical_Caption_2026_valid_1906","MRI showing spinal cord and surrounding structures with indicated regions of interest."
"ImageCLEFmedical_Caption_2026_valid_1907","MRI showing pelvic mass with surrounding fluid and adjacent structures indicated by arrows and triangles."
"ImageCLEFmedical_Caption_2026_valid_1908","Axial MRI showing abdominal aorta with arrows indicating possible aneurysmal dilation and asterisk highlighting a nearby structure."
"ImageCLEFmedical_Caption_2026_valid_1909","Axial MRI showing pelvic anatomy with arrow indicating a lesion in the right pelvic region."
"ImageCLEFmedical_Caption_2026_valid_1910","Uterine myoma with associated cystic lesion and uterine wall thickening indicated by arrows."
"ImageCLEFmedical_Caption_2026_valid_1911","MRI scan showing a large, dark-filled structure with a white cross and red line indicating a specific region of interest."
"ImageCLEFmedical_Caption_2026_valid_1912","CT scan showing multiple bowel loops with arrows indicating potential obstruction or dilation."
"ImageCLEFmedical_Caption_2026_valid_1913","CT scan showing abdominal aorta and renal arteries with visible vascular structures and surrounding organs."
"ImageCLEFmedical_Caption_2026_valid_1914","Intraoperative radiograph showing a guidewire navigating through the biliary tract, with contrast medium outlining the ductal anatomy."
"ImageCLEFmedical_Caption_2026_valid_1915","Cardiac catheterization image showing a balloon catheter positioned within the heart."
"ImageCLEFmedical_Caption_2026_valid_1916","Angiographic image showing contrast-filled vascular structures with a central catheter and a small lesion or aneurysm indicated by a circular outline."
"ImageCLEFmedical_Caption_2026_valid_1917","Dental radiograph showing multiple teeth with labeled measurements indicating tooth size or spacing."
"ImageCLEFmedical_Caption_2026_valid_1918","Panoramic radiograph showing dental arch with visible teeth and jawbone structure."
"ImageCLEFmedical_Caption_2026_valid_1919","Posterior-anterior chest X-ray showing cardiac silhouette with visible metallic implants or devices in the thoracic region."
"ImageCLEFmedical_Caption_2026_valid_1920","Echocardiogram showing cardiac structure with ECG trace below."
"ImageCLEFmedical_Caption_2026_valid_1921","Panoramic radiograph showing dental arch with multiple implants and adjacent teeth."
"ImageCLEFmedical_Caption_2026_valid_1922","Panoramic radiograph showing dental arch with orthopedic plate fixation in lower jaw"
"ImageCLEFmedical_Caption_2026_valid_1923","Chest X-ray showing two pacemaker devices with a yellow arrow pointing to the device on the left side."
"ImageCLEFmedical_Caption_2026_valid_1924","CT scan showing bilateral pulmonary nodules with arrows indicating areas of interest."
"ImageCLEFmedical_Caption_2026_valid_1925","Radiograph showing shoulder joint with green line indicating humeral head displacement."
"ImageCLEFmedical_Caption_2026_valid_1926","Anterior shoulder X-ray showing humeral head and glenoid with measurement marker."
"ImageCLEFmedical_Caption_2026_valid_1927","Radiograph showing shoulder joint with green line indicating measured distance between bony landmarks."
"ImageCLEFmedical_Caption_2026_valid_1928","Radiograph showing shoulder joint with visible bone structures and joint space."
"ImageCLEFmedical_Caption_2026_valid_1929","CT scan showing a mass in the right upper quadrant of the abdomen, indicated by the yellow arrow."
"ImageCLEFmedical_Caption_2026_valid_1930","Intravascular ultrasound image showing vessel wall structure with central lumen and surrounding tissue layers."
"ImageCLEFmedical_Caption_2026_valid_1931","Endoscopic view with rotational motion artifact, Frame 322"
"ImageCLEFmedical_Caption_2026_valid_1932","Posteroanterior chest X-ray showing a large, well-defined mass in the right lung field, with mediastinal shift and visible air trapping in the left lung."
"ImageCLEFmedical_Caption_2026_valid_1933","CT scan showing a lesion with red and blue arrows indicating areas of interest in the thoracic region."
"ImageCLEFmedical_Caption_2026_valid_1934","Chest X-ray showing patient lying down with visible mediastinal shift and increased opacity in the right lung field."
"ImageCLEFmedical_Caption_2026_valid_1935","Intravenous catheter positioned in the thoracic region with visible trajectory along the spine."
"ImageCLEFmedical_Caption_2026_valid_1936","CT scan showing renal calculus with associated hydronephrosis and obstruction in the left kidney."
"ImageCLEFmedical_Caption_2026_valid_1937","Axial CT scan showing intact skull with no evident fractures or intracranial abnormalities."
"ImageCLEFmedical_Caption_2026_valid_1938","X-ray image of a shoulder joint with yellow lines indicating the humeral head and a labeled 'L' for the left side."
"ImageCLEFmedical_Caption_2026_valid_1939","Radiograph of shoulder joint with yellow alignment lines indicating anatomical orientation."
"ImageCLEFmedical_Caption_2026_valid_1940","Radiographic image of shoulder joint with yellow lines indicating joint space and potential impingement area."
"ImageCLEFmedical_Caption_2026_valid_1941","X-ray image showing a joint with a 0.3° angle measurement indicated by yellow lines."
"ImageCLEFmedical_Caption_2026_valid_1942","X-ray image showing knee joint with measured angle of 0.4 degrees indicated by yellow lines."
"ImageCLEFmedical_Caption_2026_valid_1943","Ultrasound image showing a renal artery with color Doppler flow mapping indicating blood flow."
"ImageCLEFmedical_Caption_2026_valid_1944","MRI showing arrow indicating brain structure anomaly"
"ImageCLEFmedical_Caption_2026_valid_1945","Panoramic dental X-ray showing full arch of teeth and jawbone structure."
"ImageCLEFmedical_Caption_2026_valid_1946","Panoramic radiograph showing full dental arch with orthodontic braces and visible dental implants."
"ImageCLEFmedical_Caption_2026_valid_1947","Panoramic dental radiograph showing full arch of teeth and surrounding jawbone structures."
"ImageCLEFmedical_Caption_2026_valid_1948","Maxillary molar with root canal treatment and obturation visible on radiograph."
"ImageCLEFmedical_Caption_2026_valid_1949","CT scan showing maxillary sinus and dental implant with coordinate overlay."
"ImageCLEFmedical_Caption_2026_valid_1950","Cardiomegaly with increased cardiac silhouette and reduced lung field visibility on chest X-ray."
"ImageCLEFmedical_Caption_2026_valid_1951","CT scan showing a pulmonary nodule in the left lower lobe indicated by a red arrow."
"ImageCLEFmedical_Caption_2026_valid_1952","CT scan showing kidneys with red arrows indicating possible abnormalities or lesions."
"ImageCLEFmedical_Caption_2026_valid_1953","Abdominal ultrasound image showing liver with measured length of 20.58 cm."
"ImageCLEFmedical_Caption_2026_valid_1954","Chest X-ray showing bilateral infiltrates with red arrows indicating areas of consolidation and a purple line marking a central line placement."
"ImageCLEFmedical_Caption_2026_valid_1955","CT scan showing pelvic structures with highlighted areas indicating potential abnormalities or lesions."
"ImageCLEFmedical_Caption_2026_valid_1956","Abdominal ultrasound scan showing a dark, hypoechoic region with a distance marker of 15.8 cm."
"ImageCLEFmedical_Caption_2026_valid_1957","CT scan showing pulmonary consolidation with arrows indicating areas of increased density in the right lung field."
"ImageCLEFmedical_Caption_2026_valid_1958","Pleural effusion with associated lung opacity and mediastinal shift."
"ImageCLEFmedical_Caption_2026_valid_1959","Radiopaque mass in left kidney with stack of coins pattern indicated"
"ImageCLEFmedical_Caption_2026_valid_1960","Ultrasound image of left breast showing a 13.1 mm lesion located 3 cm from nipple at 10 o'clock position."
"ImageCLEFmedical_Caption_2026_valid_1961","Axial CT scan showing a renal mass with arrow indicating lesion in the right kidney."
"ImageCLEFmedical_Caption_2026_valid_1962","Brain CT scan showing intracranial hemorrhage indicated by arrow."
"ImageCLEFmedical_Caption_2026_valid_1963","Radiographic image showing a bone with a large, irregularly shaped lesion, highlighted by a circular outline."
"ImageCLEFmedical_Caption_2026_valid_1964","Radiograph showing knee joint with arrow indicating osteoarthritis lesion."
"ImageCLEFmedical_Caption_2026_valid_1965","CT scan showing a large intracranial lesion with associated midline shift and brain compression."
"ImageCLEFmedical_Caption_2026_valid_1966","Transverse ultrasound image showing a large, hypoechoic ovarian mass with internal complexity and posterior acoustic shadowing."
"ImageCLEFmedical_Caption_2026_valid_1967","Echocardiogram showing cardiac structure with measured distances of 3.50 cm and 2.82 cm."
"ImageCLEFmedical_Caption_2026_valid_1968","Color Doppler ultrasound image showing blood flow patterns with red and blue color coding within a defined region."
"ImageCLEFmedical_Caption_2026_valid_1969","Ultrasound image showing thyroid gland with three arrows indicating nodules or structures of interest."
"ImageCLEFmedical_Caption_2026_valid_1970","Ultrasound image showing a hypoechoic lesion with posterior acoustic shadowing."
"ImageCLEFmedical_Caption_2026_valid_1971","Ultrasound image showing wrist anatomy with labeled radius, lunate, and capitate bones and red thermal spots indicating inflammation or activity."
"ImageCLEFmedical_Caption_2026_valid_1972","Ultrasound image showing a thyroid nodule marked with a star and an arrow indicating a suspicious lesion."
"ImageCLEFmedical_Caption_2026_valid_1973","Ultrasound image showing the ulna, triquetrum, and lunate carpal bones."
"ImageCLEFmedical_Caption_2026_valid_1974","Ultrasound image showing metacarpal head and proximal phalanx with arrow indicating joint space."
"ImageCLEFmedical_Caption_2026_valid_1975","Ultrasound image showing distal phalanx with red dot indicating blood flow."
"ImageCLEFmedical_Caption_2026_valid_1976","Ultrasound image showing middle and distal phalanges with arrow indicating distal phalanx"
"ImageCLEFmedical_Caption_2026_valid_1977","Ultrasound image showing the lunate and capitate bones with indicated blood flow."
"ImageCLEFmedical_Caption_2026_valid_1978","Ultrasound image showing carpal tunnel inlet with measured dimensions of 0.12 cm² and 1.48 cm."
"ImageCLEFmedical_Caption_2026_valid_1979","Chest X-ray showing resolving pneumothorax with chest tubes in place and surgical hardware visible."
"ImageCLEFmedical_Caption_2026_valid_1980","CT scan showing abdominal organs with arrows indicating potential pathology in the liver and bowel region."
"ImageCLEFmedical_Caption_2026_valid_1981","Echocardiogram showing heart chambers with labels: RA, LA, RV, LV, and a grayscale color scale on the right."
"ImageCLEFmedical_Caption_2026_valid_1982","Echocardiogram showing left ventricular dysfunction with reduced ejection fraction and enlarged left atrium."
"ImageCLEFmedical_Caption_2026_valid_1983","Echocardiogram showing ventricular septal defect with labeled left and right ventricular outflows and atrioventricular valve."
"ImageCLEFmedical_Caption_2026_valid_1984","CT scan showing thoracic cross-section with visible lungs, heart, and surrounding structures."
"ImageCLEFmedical_Caption_2026_valid_1985","Portable chest X-ray showing bilateral infiltrates, cardiac silhouette, and central line placement."
"ImageCLEFmedical_Caption_2026_valid_1986","Catheter-based cardiac intervention with multiple guidewires and a catheter in the cardiac region."
"ImageCLEFmedical_Caption_2026_valid_1987","Echocardiogram showing left atrial appendage with彩色血流信号 indicating flow from right pulmonary vein (RUPV), left pulmonary vein (RLPV), and left atrial appendage (LAD)."
"ImageCLEFmedical_Caption_2026_valid_1988","CT scan showing aortic arch (AAo), right upper pulmonary vein (RUPV), left atrium (LA), and left lower pulmonary vein (LLPV) with a red arrow indicating a lesion or abnormality in the left atrium."
"ImageCLEFmedical_Caption_2026_valid_1989","Echocardiogram showing left atrial appendage with flow dynamics indicated by arrows and color Doppler signals."
"ImageCLEFmedical_Caption_2026_valid_1990","Echocardiogram showing left atrium with red blood flow indicated by RLPV and RUPV arrows."
"ImageCLEFmedical_Caption_2026_valid_1991","CT scan showing aortic dissection with yellow arrows indicating the tear and false lumen."
"ImageCLEFmedical_Caption_2026_valid_1992","Catheter navigating through vascular structure with contrast medium highlighting blood flow and vessel anatomy."
"ImageCLEFmedical_Caption_2026_valid_1993","Echocardiogram showing right ventricle (RV) and left ventricle (LV) in supine position."
"ImageCLEFmedical_Caption_2026_valid_1994","Angiogram showing vascular contrast injection with visible branching vessels and a catheter in position."
"ImageCLEFmedical_Caption_2026_valid_1995","Abdominal CT scan showing liver, spleen, and surrounding structures with no immediate abnormalities noted."
"ImageCLEFmedical_Caption_2026_valid_1996","Echocardiogram showing a 2D ultrasound image with a white arrow indicating a structural abnormality in the heart."
"ImageCLEFmedical_Caption_2026_valid_1997","Angiographic image showing a catheter with measured dimensions of 20.19mm and 23.82mm."
"ImageCLEFmedical_Caption_2026_valid_1998","Ultrasound image showing STF and DTF structures with RA indicated below, oriented with S and L markers."
"ImageCLEFmedical_Caption_2026_valid_1999","MRI scan of the right hip joint showing joint space and surrounding soft tissues."
"ImageCLEFmedical_Caption_2026_valid_2000","Ultrasound image showing a dark, irregularly shaped area with a white arrow pointing to it, indicating a possible lesion or abnormality within the pelvic region."
"ImageCLEFmedical_Caption_2026_valid_2001","X-ray showing thoracic region with visible ribs, spine, and shoulder joint"
"ImageCLEFmedical_Caption_2026_valid_2002","X-ray image showing thoracic region with visible ribs, spine, and shoulder girdle structures."
"ImageCLEFmedical_Caption_2026_valid_2003","CT scan showing a mass in the nasal cavity with a red arrow indicating the lesion."
"ImageCLEFmedical_Caption_2026_valid_2004","Panoramic radiograph showing six dental implants placed in the mandible."
"ImageCLEFmedical_Caption_2026_valid_2005","CT scan showing multiple small calcifications in the liver parenchyma."
"ImageCLEFmedical_Caption_2026_valid_2006","Upright portable chest X-ray showing three arrows pointing to areas of increased opacity in the lower lung fields."
"ImageCLEFmedical_Caption_2026_valid_2007","CT scan showing multiple fluid collections in the abdominal cavity with arrows indicating areas of free fluid and possible bowel involvement."
"ImageCLEFmedical_Caption_2026_valid_2008","CT scan showing hepatic lesion with arrows indicating focal area of interest."
"ImageCLEFmedical_Caption_2026_valid_2009","CT scan showing a large mass in the right lung field."
"ImageCLEFmedical_Caption_2026_valid_2010","CT scan showing a large abdominal mass with arrows indicating areas of interest, measuring 156.94 mm."
"ImageCLEFmedical_Caption_2026_valid_2011","CT scan axial view showing pelvic region with yellow dashed outline indicating bladder."
"ImageCLEFmedical_Caption_2026_valid_2012","MRI scan showing joint structure with surrounding soft tissues and cartilage."
"ImageCLEFmedical_Caption_2026_valid_2013","MRI scan of a knee joint showing joint space and surrounding soft tissues."
"ImageCLEFmedical_Caption_2026_valid_2014","CT scan showing a central chest tube inserted into the thoracic cavity."
"ImageCLEFmedical_Caption_2026_valid_2015","Echocardiogram showing a large mass in the left atrium, indicated by the red arrow."
"ImageCLEFmedical_Caption_2026_valid_2016","CT scan showing enlarged heart with arrow indicating cardiac enlargement."
"ImageCLEFmedical_Caption_2026_valid_2017","Chest X-ray showing enlarged cardiac silhouette with measurement markers."
"ImageCLEFmedical_Caption_2026_valid_2018","CT scan showing cardiac structures with marked areas indicating potential pathology."
"ImageCLEFmedical_Caption_2026_valid_2019","Echocardiogram showing cardiac structure with measured dimensions and annotated regions."
"ImageCLEFmedical_Caption_2026_valid_2020","Catheter with guidewire in coronary artery, marked with asterisk and cross."
"ImageCLEFmedical_Caption_2026_valid_2021","Echocardiogram showing a cardiac structure with a marked region indicated by a red asterisk."
"ImageCLEFmedical_Caption_2026_valid_2022","Radiographic image showing a guidewire with a yellow arrow pointing to a specific location within the upper gastrointestinal tract."
"ImageCLEFmedical_Caption_2026_valid_2023","Brain MRI showing symmetrical cerebral hemispheres with preserved cortical sulci and no evident mass or atrophy."
"ImageCLEFmedical_Caption_2026_valid_2024","Atelectasis in the left lower lung field indicated by the red arrow."
"ImageCLEFmedical_Caption_2026_valid_2025","Red arrow indicates a foreign object in the mediastinum."
"ImageCLEFmedical_Caption_2026_valid_2026","Panoramic radiograph showing a radiopaque lesion in the maxillary region indicated by a blue arrow."
"ImageCLEFmedical_Caption_2026_valid_2027","Abdominal CT scan showing kidneys, spine, and surrounding abdominal structures."
"ImageCLEFmedical_Caption_2026_valid_2028","Pneumonia with bilateral infiltrates and consolidation in the lungs."
"ImageCLEFmedical_Caption_2026_valid_2029","Brain MRI showing symmetrical hyperintense signals in the basal ganglia and thalamic regions, consistent with a neurodegenerative or inflammatory process."
"ImageCLEFmedical_Caption_2026_valid_2030","Axial brain MRI showing symmetrical hyperintense lesions in the cerebral hemispheres consistent with multiple sclerosis."
"ImageCLEFmedical_Caption_2026_valid_2031","Brain MRI showing symmetrical hyperintense lesions in the basal ganglia and thalamic regions."
"ImageCLEFmedical_Caption_2026_valid_2032","Brain MRI showing symmetrical cerebral hemispheres with normal gyral patterns and no apparent focal lesions or structural abnormalities."
"ImageCLEFmedical_Caption_2026_valid_2033","Doppler ultrasound showing pulmonary vein flow with forward and reverse flow patterns."
"ImageCLEFmedical_Caption_2026_valid_2034","Radiographic image showing a contrast-filled endoscopic device navigating through the gastrointestinal tract."
"ImageCLEFmedical_Caption_2026_valid_2035","Abdominal CT scan showing liver, spleen, and surrounding structures with visible contrast enhancement."
"ImageCLEFmedical_Caption_2026_valid_2036","Brain CT showing a small lesion in the right cerebellar hemisphere."
"ImageCLEFmedical_Caption_2026_valid_2037","Panoramic radiograph showing lengthening of coronoid process"
"ImageCLEFmedical_Caption_2026_valid_2038","Panoramic radiograph showing jaw after coronectomy procedure."
"ImageCLEFmedical_Caption_2026_valid_2039","CT scan showing a large liver lesion indicated by the arrow."
"ImageCLEFmedical_Caption_2026_valid_2040","Liver lesion with arrow indicating focal abnormality."
"ImageCLEFmedical_Caption_2026_valid_2041","Coronal CT scan showing a large abdominal mass with arrows indicating its location relative to the kidney and spine."
"ImageCLEFmedical_Caption_2026_valid_2042","Ultrasound image showing thyroid with Doppler flow signals indicated by white arrows."
"ImageCLEFmedical_Caption_2026_valid_2043","Ultrasound image showing multiple arrow markers indicating areas of interest, with a blue arrow pointing to a specific region, and text indicating collagenase injection."
"ImageCLEFmedical_Caption_2026_valid_2044","Ultrasound image of right foot medial midfoot showing PF structures with white arrows indicating normal tissue and blue arrow highlighting a specific structure."
"ImageCLEFmedical_Caption_2026_valid_2045","Ultrasound image of left foot plantar fascia with blue arrows indicating superficial structures and white arrows pointing to fascial layers."
"ImageCLEFmedical_Caption_2026_valid_2046","Posteroanterior chest X-ray showing right-sided positioning with visible lung fields, heart shadow, and rib cage."
"ImageCLEFmedical_Caption_2026_valid_2047","CT scan showing a 9.3-degree angular deformity in a bone fracture."
"ImageCLEFmedical_Caption_2026_valid_2048","CT scan showing a 1.58 mm lesion within a bone structure."
"ImageCLEFmedical_Caption_2026_valid_2049","Brain MRI showing a circular lesion in the brainstem region."
"ImageCLEFmedical_Caption_2026_valid_2050","MRI showing cerebellar structure with arrow indicating region of interest."
"ImageCLEFmedical_Caption_2026_valid_2051","Abdominal X-ray showing dilated bowel loops and air-fluid levels consistent with intestinal obstruction."
"ImageCLEFmedical_Caption_2026_valid_2052","CT angiogram showing detailed vascular anatomy from thoracic to lower extremities with prominent renal and pelvic vessels."
"ImageCLEFmedical_Caption_2026_valid_2053","Ultrasound image showing a kidney with a small cystic lesion indicated by white arrows and a red arrow pointing to a nearby structure."
"ImageCLEFmedical_Caption_2026_valid_2054","CT scan showing a central catheter with visible guidewire and surrounding anatomical structures."
"ImageCLEFmedical_Caption_2026_valid_2055","Pediatric chest X-ray showing cardiomegaly with blue arrow indicating enlarged cardiac silhouette."
"ImageCLEFmedical_Caption_2026_valid_2056","Ultrasound image highlighting the endometrium with a green cross marker and yellow arrow annotation."
"ImageCLEFmedical_Caption_2026_valid_2057","CT scan showing nasal septal deviation with arrow indicating deviation."
"ImageCLEFmedical_Caption_2026_valid_2058","CT scan showing a large intracranial lesion with surrounding edema and midline shift."
"ImageCLEFmedical_Caption_2026_valid_2059","Axial MRI of lumbar spine showing vertebral bodies, intervertebral discs, and spinal canal with labeled anatomical structures."
"ImageCLEFmedical_Caption_2026_valid_2060","Echocardiogram showing cardiac structure with green arrow indicating valve or structural anomaly."
"ImageCLEFmedical_Caption_2026_valid_2061","Ultrasound image with annotated center and two sets of points (p1_left/p2_left and p1_right/p2_right) illustrating new and old slopes for structural analysis."
"ImageCLEFmedical_Caption_2026_valid_2062","Ultrasound image with virtual focal point and red dot markers indicating beam propagation paths."
"ImageCLEFmedical_Caption_2026_valid_2063","Radiograph of left knee with surgical fixation device visible."
"ImageCLEFmedical_Caption_2026_valid_2064","Radiograph of the right forearm and hand showing normal bone alignment and structure."
"ImageCLEFmedical_Caption_2026_valid_2065","Right elbow radiograph showing normal joint alignment and bone structure."
"ImageCLEFmedical_Caption_2026_valid_2066","Radiograph of the right hand showing detailed bone structure of the wrist and fingers."
"ImageCLEFmedical_Caption_2026_valid_2067","Radiograph of the right elbow joint showing normal bony structures and joint alignment."
"ImageCLEFmedical_Caption_2026_valid_2068","CT scan showing heart with green segmentation overlay indicating cardiac tissue or pathology."
"ImageCLEFmedical_Caption_2026_valid_2069","Brain MRI with six colored markers indicating specific regions on the cerebral cortex."
"ImageCLEFmedical_Caption_2026_valid_2070","CT scan showing tracheal airway with marked narrowing and surrounding soft tissue density at the level of the carina."
"ImageCLEFmedical_Caption_2026_valid_2071","Radiograph of a pediatric chest showing normal rib cage and vertebral alignment with no apparent abnormalities."
"ImageCLEFmedical_Caption_2026_valid_2072","CT scan showing abdominal and pelvic structures with prominent vascular and organ outlines."
"ImageCLEFmedical_Caption_2026_valid_2073","MRI scan showing spinal column with visible vertebral bodies and intervertebral discs."
"ImageCLEFmedical_Caption_2026_valid_2074","MRI of shoulder joint showing joint capsule and surrounding soft tissues."
"ImageCLEFmedical_Caption_2026_valid_2075","Left shoulder X-ray showing normal anatomy with no evident fractures or dislocations."
"ImageCLEFmedical_Caption_2026_valid_2076","Shoulder MRI showing joint structure and surrounding soft tissues."
"ImageCLEFmedical_Caption_2026_valid_2077","CT scan showing a large abdominal mass with a yellow arrow indicating the lesion."
"ImageCLEFmedical_Caption_2026_valid_2078","CT scan showing liver with yellow arrow pointing to gallbladder and red arrow indicating right hepatic lobe."
"ImageCLEFmedical_Caption_2026_valid_2079","Ultrasound image showing a uterine cavity (UC) with a pelvic wall (PW) indicated by a white arrow."
"ImageCLEFmedical_Caption_2026_valid_2080","Pelvic X-ray showing hip joint and surrounding bone structures with visible joint space and alignment."
"ImageCLEFmedical_Caption_2026_valid_2081","Radiograph showing a shoulder joint with a prosthetic implant visible, indicating a recent surgical intervention."
"ImageCLEFmedical_Caption_2026_valid_2082","Cervical spine radiograph showing a vertical arrow indicating a suspected vertebral body lesion or abnormality."
"ImageCLEFmedical_Caption_2026_valid_2083","X-ray image showing a contrast-filled gastrointestinal tract with a medical device, likely a stent, positioned within the lumen."
"ImageCLEFmedical_Caption_2026_valid_2084","Intraoperative radiograph showing a catheter navigating through the biliary tree with visible ductal anatomy."
"ImageCLEFmedical_Caption_2026_valid_2085","Radiographic image showing a flexible endoscope with a catheter-like device navigating through the gastrointestinal tract, with visible anatomical structures including the spine and surrounding soft tissues."
"ImageCLEFmedical_Caption_2026_valid_2086","Angiogram showing a stenotic lesion in the pancreatic duct, indicated by the red arrow."
"ImageCLEFmedical_Caption_2026_valid_2087","Endoscopic view of a dark, tubular structure with surrounding tissue."
"ImageCLEFmedical_Caption_2026_valid_2088","Fluoroscopic image showing a contrast-filled gastrointestinal tract with a flexible endoscope visible in the field."
"ImageCLEFmedical_Caption_2026_valid_2089","Axial brain CT scan showing normal cerebral structures with no evident hemorrhage or mass lesion."
"ImageCLEFmedical_Caption_2026_valid_2090","Brain CT scan showing normal cerebral anatomy with no apparent lesions or abnormalities."
"ImageCLEFmedical_Caption_2026_valid_2091","CT scan showing cervical spine with yellow arrow indicating lesion or abnormality."
"ImageCLEFmedical_Caption_2026_valid_2092","Ultrasound image showing AV with three yellow triangular markers indicating a specific anatomical or pathological feature."
"ImageCLEFmedical_Caption_2026_valid_2093","Thoracic and lumbar spine radiograph showing normal bony anatomy with no apparent fractures or significant pathological lesions."
"ImageCLEFmedical_Caption_2026_valid_2094","Ultrasound image showing fetal heart with green tracking lines and measurement data on screen."
"ImageCLEFmedical_Caption_2026_valid_2095","Panoramic radiograph showing dental arch with green arrow indicating a radiolucent lesion in the mandibular region."
"ImageCLEFmedical_Caption_2026_valid_2096","Panoramic radiograph showing dental arch with arrow indicating impacted tooth."
"ImageCLEFmedical_Caption_2026_valid_2097","Spinal MRI showing vertebral body lesion with red and blue annotations."
"ImageCLEFmedical_Caption_2026_valid_2098","MRI scan showing spinal cord with green arrow indicating lesion or abnormality."
"ImageCLEFmedical_Caption_2026_valid_2099","Axial MRI of cervical spine showing labeled spinal cord and surrounding structures."
"ImageCLEFmedical_Caption_2026_valid_2100","CT scan showing right atrial component of heart anatomy"
"ImageCLEFmedical_Caption_2026_valid_2101","CT scan showing pericardial mass adjacent to heart."
"ImageCLEFmedical_Caption_2026_valid_2102","CT scan showing right atrial component with arrow indicating cardiac structure."
"ImageCLEFmedical_Caption_2026_valid_2103","CT scan showing pericardial bulk and right atrial filling defect"
"ImageCLEFmedical_Caption_2026_valid_2104","Echocardiogram showing a mass in the right atrium with no tricuspid valve flow and mitral valve in view."
"ImageCLEFmedical_Caption_2026_valid_2105","CT scan showing maxillary sinus with arrows indicating mucosal thickening and possible inflammation."
"ImageCLEFmedical_Caption_2026_valid_2106","CT scan showing maxillary sinus with arrows indicating potential pathology or lesion."
"ImageCLEFmedical_Caption_2026_valid_2107","CT scan showing maxillary sinus with multiple arrow indicators pointing to areas of suspected pathology or inflammation."
"ImageCLEFmedical_Caption_2026_valid_2108","Coronal CT scan showing bilateral arrowed structures indicating suspected fracture or dislocation at the proximal humerus region."
"ImageCLEFmedical_Caption_2026_valid_2109","CT scan showing maxillary sinus with arrows indicating possible mucosal thickening or opacification."
"ImageCLEFmedical_Caption_2026_valid_2110","CT angiogram showing cerebral vasculature with marked angle α at vessel bifurcation."
"ImageCLEFmedical_Caption_2026_valid_2111","Radiograph of a dog's thoracic region showing ribs, spine, and abdominal contents."
"ImageCLEFmedical_Caption_2026_valid_2112","Abdominal X-ray showing bowel obstruction with air-fluid levels and multiple intraluminal tubes."
"ImageCLEFmedical_Caption_2026_valid_2113","Abdominal X-ray showing spinal alignment with arrow indicating vertebral anomaly."
"ImageCLEFmedical_Caption_2026_valid_2114","CT scan showing abdominal aorta with arrow indicating an aneurysm."
"ImageCLEFmedical_Caption_2026_valid_2115","Cerebral hemorrhage with intracranial mass lesion and surrounding edema on axial CT scan."
"ImageCLEFmedical_Caption_2026_valid_2116","CT scan showing bilateral lung infiltrates with arrows indicating areas of consolidation."
"ImageCLEFmedical_Caption_2026_valid_2117","CT scan showing bilateral pulmonary infiltrates with arrows indicating areas of consolidation."
"ImageCLEFmedical_Caption_2026_valid_2118","Endoscopic ultrasound image showing a large hypoechoic lesion with an arrow indicating a focal area of interest."
"ImageCLEFmedical_Caption_2026_valid_2119","CT scan showing right-sided pleural effusion with arrows indicating fluid collection."
"ImageCLEFmedical_Caption_2026_valid_2120","Thoracic CT scan showing bilateral pulmonary infiltrates with air bronchograms and mediastinal shift."
"ImageCLEFmedical_Caption_2026_valid_2121","Radiograph showing a tooth with a large filling and adjacent bone changes."
"ImageCLEFmedical_Caption_2026_valid_2122","Dental radiograph showing a tooth with a visible filling and adjacent teeth, including a root canal filled tooth."
"ImageCLEFmedical_Caption_2026_valid_2123","Dental radiograph showing posterior teeth with visible root structures and surrounding alveolar bone."
"ImageCLEFmedical_Caption_2026_valid_2124","CT scan showing enlarged lymph nodes in the mediastinum."
"ImageCLEFmedical_Caption_2026_valid_2125","CT scan showing a large mass in the left lung field with a white arrow indicating the lesion."
"ImageCLEFmedical_Caption_2026_valid_2126","CT scan showing enlarged heart with arrow indicating cardiomegaly."
"ImageCLEFmedical_Caption_2026_valid_2127","Thoracic CT scan showing cardiac silhouette with surrounding mediastinal structures and rib cage."
"ImageCLEFmedical_Caption_2026_valid_2128","CT scan showing a pulmonary nodule with an arrow indicating the lesion."
"ImageCLEFmedical_Caption_2026_valid_2129","CT scan showing aortic dissection with arrow indicating intimal flap."
"ImageCLEFmedical_Caption_2026_valid_2130","CT scan showing a large abdominal aortic aneurysm with arrow indicating the dilated segment."
"ImageCLEFmedical_Caption_2026_valid_2131","CT scan showing a large mediastinal mass with arrow indicating its location."
"ImageCLEFmedical_Caption_2026_valid_2132","CT scan showing thoracic cross-section with distance line measuring 0.56 cm between structures."
"ImageCLEFmedical_Caption_2026_valid_2133","Abdominal ultrasound image showing a hypoechoic lesion with measured depth of 3.7 cm and velocity of 1.17 m/s."
"ImageCLEFmedical_Caption_2026_valid_2134","Abdominal MRI scan showing liver, kidneys, and surrounding structures with annotated distance measurement of 9.8 mm."
"ImageCLEFmedical_Caption_2026_valid_2135","Abdominal MRI scan showing liver and surrounding structures with visible anatomical details."
"ImageCLEFmedical_Caption_2026_valid_2136","MRI showing pelvic structure with arrow indicating lesion or abnormality."
"ImageCLEFmedical_Caption_2026_valid_2137","CT scan showing pelvic region with measured lesion dimensions of 11.2mm and 9.3mm."
"ImageCLEFmedical_Caption_2026_valid_2138","CT scan showing a pelvic mass with measured diameters of 34.5mm and 44.8mm."
"ImageCLEFmedical_Caption_2026_valid_2139","Pneumothorax with visible air collection in the right pleural space and mediastinal shift."
"ImageCLEFmedical_Caption_2026_valid_2140","Panoramic radiograph showing dental arch with highlighted area indicating potential lesion or abnormality in mandibular region."
"ImageCLEFmedical_Caption_2026_valid_2141","Brain MRI showing a 1.79 cm lesion in the left parietal lobe."
"ImageCLEFmedical_Caption_2026_valid_2142","Brain MRI showing symmetrical cerebral hemispheres with prominent ventricles and normal cortical sulci."
"ImageCLEFmedical_Caption_2026_valid_2143","Brain MRI showing ventricular dilation with measurements of 0.16cm and 1.12cm."
"ImageCLEFmedical_Caption_2026_valid_2144","X-ray showing a skull with a visible intracranial device and cervical spine alignment."
"ImageCLEFmedical_Caption_2026_valid_2145","Radiograph showing knee joint with 3.2° angular deviation indicated by yellow lines."
"ImageCLEFmedical_Caption_2026_valid_2146","Posterior cruciate ligament reconstruction with 83.9° angle measurement on knee radiograph."
"ImageCLEFmedical_Caption_2026_valid_2147","Brain CT scan showing normal anatomy with no apparent abnormalities."
"ImageCLEFmedical_Caption_2026_valid_2148","Brain CT scan showing normal cerebral anatomy with no apparent abnormalities."
"ImageCLEFmedical_Caption_2026_valid_2149","Catheter and stent visible in coronary artery angiogram."
"ImageCLEFmedical_Caption_2026_valid_2150","Radiographic image showing cervical spine with visible vertebral bodies and surrounding soft tissue structures."
"ImageCLEFmedical_Caption_2026_valid_2151","Whole body PET scan showing radiotracer uptake in abdominal and pelvic regions with anatomical landmarks indicated."
"ImageCLEFmedical_Caption_2026_valid_2152","CT scan showing heart with measured length of 8.406 cm."
"ImageCLEFmedical_Caption_2026_valid_2153","Angiographic image showing a catheter navigating through the vascular structures, with visible contrast medium outlining the blood vessels."
"ImageCLEFmedical_Caption_2026_valid_2154","CT scan showing abdominal cross-section with arrow indicating a mass near the spine."
"ImageCLEFmedical_Caption_2026_valid_2155","Pneumothorax with visible air collection in the right lung field indicated by arrow."
"ImageCLEFmedical_Caption_2026_valid_2156","MRI brain orbit showing a large intracranial lesion with a red arrow indicating the area of interest."
"ImageCLEFmedical_Caption_2026_valid_2157","Axial CT scan of the orbits showing bilateral ocular structures with normal anatomical alignment and no evident masses or fractures."
"ImageCLEFmedical_Caption_2026_valid_2158","CT scan showing large left lung mass with mediastinal shift and spinal alignment anomaly."
"ImageCLEFmedical_Caption_2026_valid_2159","CT scan showing spinal alignment with arrow indicating vertebral column"
"ImageCLEFmedical_Caption_2026_valid_2160","CT scan showing abdominal organs with arrows indicating specific structures."
"ImageCLEFmedical_Caption_2026_valid_2161","Abdominal CT scan showing liver, kidneys, and spinal vertebrae with surrounding vascular structures."
"ImageCLEFmedical_Caption_2026_valid_2162","Brain MRI showing a lesion with measured dimensions of 4.40 cm and 3.73 cm."
"ImageCLEFmedical_Caption_2026_valid_2163","Ultrasound image showing a heterogeneous mass with irregular borders and internal echoes, marked with crosshairs for anatomical reference."
"ImageCLEFmedical_Caption_2026_valid_2164","PET/CT scan showing bilateral lung nodules and pelvic lesion with metabolic activity."
"ImageCLEFmedical_Caption_2026_valid_2165","CT scan showing liver with focal lesion and portal vein thrombosis."
"ImageCLEFmedical_Caption_2026_valid_2166","Cardiac catheterization with multiple guidewires and catheters in the heart and great vessels."
"ImageCLEFmedical_Caption_2026_valid_2167","Echocardiogram showing turbulent blood flow with color Doppler imaging indicating regurgitation at the mitral valve."
"ImageCLEFmedical_Caption_2026_valid_2168","Echocardiogram showing intracardiac thrombus with color Doppler flow patterns."
"ImageCLEFmedical_Caption_2026_valid_2169","Chest X-ray showing cardiac silhouette with visible central line and tubing, no obvious pneumothorax or consolidation."
"ImageCLEFmedical_Caption_2026_valid_2170","Chest X-ray showing cardiomegaly with enlarged cardiac silhouette and mild bilateral pulmonary opacities."
"ImageCLEFmedical_Caption_2026_valid_2171","Echocardiogram showing aortic annular dilation with measurement of 3.4 cm."
"ImageCLEFmedical_Caption_2026_valid_2172","Cervical spine CT scan showing vertebral bodies and surrounding structures."
"ImageCLEFmedical_Caption_2026_valid_2173","CT angiogram showing bilateral lower limb arteries with a marked stenosis in the left femoral artery indicated by the arrow."
"ImageCLEFmedical_Caption_2026_valid_2174","Venous thrombosis in the lower limb with distal occlusion."
"ImageCLEFmedical_Caption_2026_valid_2175","Echocardiogram image displaying cardiac structures with depth markers and measurement indicators."
"ImageCLEFmedical_Caption_2026_valid_2176","Liver CT scan showing a large hepatic mass with surrounding vascular structures and normal liver parenchyma."
"ImageCLEFmedical_Caption_2026_valid_2177","CT scan showing a large renal mass in the right kidney with surrounding tissue and anatomical structures visible."
"ImageCLEFmedical_Caption_2026_valid_2178","Panoramic dental radiograph showing full dental arch with visible teeth and jawbone structure."
"ImageCLEFmedical_Caption_2026_valid_2179","CT scan showing a large abdominal aortic aneurysm indicated by the arrow."
"ImageCLEFmedical_Caption_2026_valid_2180","CT scan showing a large renal mass in the right kidney with an arrow indicating the lesion."
"ImageCLEFmedical_Caption_2026_valid_2181","Ultrasound image showing a hypoechoic lesion with irregular borders and posterior shadowing, indicative of a suspicious mass."
"ImageCLEFmedical_Caption_2026_valid_2182","Brain CT scan showing normal cerebral anatomy with no evident acute abnormalities."
"ImageCLEFmedical_Caption_2026_valid_2183","CT scan showing spinal cord with arrow indicating lesion or abnormality."
"ImageCLEFmedical_Caption_2026_valid_2184","X-ray image showing a catheter positioned within the urinary tract."
"ImageCLEFmedical_Caption_2026_valid_2185","CT scan showing aortic dissection with arrow indicating tear site."
"ImageCLEFmedical_Caption_2026_valid_2186","CT scan showing a large intestinal mass indicated by the yellow arrow."
"ImageCLEFmedical_Caption_2026_valid_2187","Radiographic image showing skeletal structures with annotated angles of 38° and 26°."
"ImageCLEFmedical_Caption_2026_valid_2188","Postoperative knee radiograph showing implanted internal fixation devices."
"ImageCLEFmedical_Caption_2026_valid_2189","CT scan showing right lower lobe pneumothorax with air collection and collapsed lung."
"ImageCLEFmedical_Caption_2026_valid_2190","CT scan showing bilateral pulmonary nodules with arrow indicating right lower lobe lesion."
"ImageCLEFmedical_Caption_2026_valid_2191","Ultrasound image showing gallbladder with sludge indicated by red arrow."
"ImageCLEFmedical_Caption_2026_valid_2192","Ultrasound image showing thickened gallbladder wall with arrow indicating abnormality."
"ImageCLEFmedical_Caption_2026_valid_2193","Ultrasound image showing a hypoechoic lesion with irregular margins and posterior shadowing in the breast tissue."
"ImageCLEFmedical_Caption_2026_valid_2194","CT scan showing craniofacial bones and nasal cavity at axial plane"
"ImageCLEFmedical_Caption_2026_valid_2195","Post-operative pelvic X-ray showing hip replacement with implant and bone integration."
"ImageCLEFmedical_Caption_2026_valid_2196","Posterior approach total hip arthroplasty with well-positioned components and no evident loosening or dislocation."
"ImageCLEFmedical_Caption_2026_valid_2197","Anterior-posterior radiograph of a total hip replacement showing the prosthetic components within the acetabulum and femoral canal."
"ImageCLEFmedical_Caption_2026_valid_2198","CT scan showing a large abdominal mass with arrow indicating region of interest."
"ImageCLEFmedical_Caption_2026_valid_2199","CT scan showing enlarged prostate with surrounding structures and bowel."
"ImageCLEFmedical_Caption_2026_valid_2200","Chest X-ray showing pulmonary consolidation in the left lower lobe with increased opacity and reduced air space."
"ImageCLEFmedical_Caption_2026_valid_2201","Cardiac CT scan showing heart chambers with RA, RV, LV, and LA labeled, and an arrow pointing to the left atrium."
"ImageCLEFmedical_Caption_2026_valid_2202","Chest X-ray showing multiple circular radiopaque objects within the thoracic cavity, consistent with intrathoracic foreign bodies or implants."
"ImageCLEFmedical_Caption_2026_valid_2203","MRI scan showing myocardial infarction with arrows indicating areas of myocardial damage and a labeled infarct region (PIL)."
"ImageCLEFmedical_Caption_2026_valid_2204","Panoramic radiograph showing dental implants and orthodontic brackets in the upper and lower jaws."
"ImageCLEFmedical_Caption_2026_valid_2205","Chest X-ray showing cardiac tamponade with mediastinal shift and fluid collection."
"ImageCLEFmedical_Caption_2026_valid_2206","Chest X-ray showing bilateral infiltrates and diffuse opacities consistent with pneumonia, with visible central lines and tubing."
"ImageCLEFmedical_Caption_2026_valid_2207","CT scan showing a large right-sided pneumothorax with visible lung collapse and mediastinal shift."
"ImageCLEFmedical_Caption_2026_valid_2208","Pneumonia with consolidation in right lower lobe and mediastinal shift."
"ImageCLEFmedical_Caption_2026_valid_2209","Thoracic CT scan showing mediastinal structures and lung fields with no obvious abnormalities."
"ImageCLEFmedical_Caption_2026_valid_2210","Thoracic CT scan showing bilateral lung fields with central mediastinum and cardiac silhouette."
"ImageCLEFmedical_Caption_2026_valid_2211","CT scan showing liver with arrow indicating lesion and red arrow pointing to adjacent vascular structure."
"ImageCLEFmedical_Caption_2026_valid_2212","CT scan showing cervical spine with yellow arrows indicating possible pathological lesion or abnormality in the cervical region."
"ImageCLEFmedical_Caption_2026_valid_2213","Ultrasound image of right breast showing heterogeneous tissue with defined region of interest."
"ImageCLEFmedical_Caption_2026_valid_2214","Cerebral hemorrhage with mass effect on left hemisphere."
"ImageCLEFmedical_Caption_2026_valid_2215","Brain CT scan showing intracranial hemorrhage with red arrows indicating bleeding foci."
"ImageCLEFmedical_Caption_2026_valid_2216","CT scan showing aortic aneurysm with measured diameter of 42.76 mm."
"ImageCLEFmedical_Caption_2026_valid_2217","Echocardiogram showing a large pericardial effusion with measured dimensions of 7.35 cm and 1.10 cm."
"ImageCLEFmedical_Caption_2026_valid_2218","Panoramic dental radiograph showing full dental arch with visible teeth and jawbone structures."
"ImageCLEFmedical_Caption_2026_valid_2219","Radiograph showing a dental implant with surrounding teeth and bone structure."
"ImageCLEFmedical_Caption_2026_valid_2220","CT scan showing cervical lymph nodes with marked enlargement and internal necrosis."
"ImageCLEFmedical_Caption_2026_valid_2221","Thoracic CT scan showing heart, great vessels, and thoracic cavity structures."
"ImageCLEFmedical_Caption_2026_valid_2222","Cardiomegaly with enlarged cardiac silhouette on chest radiograph."
"ImageCLEFmedical_Caption_2026_valid_2223","Subdural hematoma with adjacent cerebral edema and midline shift."
"ImageCLEFmedical_Caption_2026_valid_2224","Chest X-ray showing enlarged heart shadow and lung field opacity consistent with cardiomegaly and possible pleural effusion."
"ImageCLEFmedical_Caption_2026_valid_2225","Posteroanterior chest X-ray showing clear lung fields, visible ribs, and normal cardiac silhouette."
"ImageCLEFmedical_Caption_2026_valid_2226","MRI showing cervical spine with disc herniation and spinal cord compression indicated by arrows and triangles."
"ImageCLEFmedical_Caption_2026_valid_2227","Lumbar spine X-ray showing vertebral body collapse and posterior vertebral body fracture indicated by arrows."
"ImageCLEFmedical_Caption_2026_valid_2228","MRI showing spinal cord with central lesion indicated by arrow and asterisk."
"ImageCLEFmedical_Caption_2026_valid_2229","Catheter placement in cardiac anatomy during interventional procedure"
"ImageCLEFmedical_Caption_2026_valid_2230","MRI showing spinal canal stenosis with arrow indicating narrowed space and associated disc herniation."
"ImageCLEFmedical_Caption_2026_valid_2231","Lateral skull radiograph with annotated facial and cranial landmarks."
"ImageCLEFmedical_Caption_2026_valid_2232","Knee X-ray showing joint space narrowing and osteophyte formation at the distal femur and proximal tibia."
"ImageCLEFmedical_Caption_2026_valid_2233","Pelvic X-ray showing a large, opaque mass in the pelvic region with surrounding bony structures visible."
"ImageCLEFmedical_Caption_2026_valid_2234","MRI of head and neck showing labeled cystic lesions including lymphoepithelial cyst, dermoid cyst, heterotopic gastric cyst, thyroglossal duct cyst, ranula, HGC, and vallecular cyst."
"ImageCLEFmedical_Caption_2026_valid_2235","MRI showing cerebral and spinal cord abnormalities with arrows indicating regions of interest."
"ImageCLEFmedical_Caption_2026_valid_2236","CT scan showing intracranial hemorrhage with arrow indicating area of high-density lesion."
"ImageCLEFmedical_Caption_2026_valid_2237","CT scan showing a focal area of increased density in the brain parenchyma, indicated by the arrow."
"ImageCLEFmedical_Caption_2026_valid_2238","CT scan showing abdominal cross-section with arrow indicating a lesion in the liver region."
"ImageCLEFmedical_Caption_2026_valid_2239","Radiograph showing haematoma in the cervical region indicated by arrow."
"ImageCLEFmedical_Caption_2026_valid_2240","Lateral radiograph showing a haematoma in the posterior neck region, indicated by the arrow."
"ImageCLEFmedical_Caption_2026_valid_2241","MRI showing a large mass in the right parotid gland region."
"ImageCLEFmedical_Caption_2026_valid_2242","MRI scan showing cervical spine and surrounding soft tissues with highlighted region on right side of neck."
"ImageCLEFmedical_Caption_2026_valid_2243","Cerebral vasculature with highlighted arterial segments."
"ImageCLEFmedical_Caption_2026_valid_2244","MRA of cervical vasculature showing bilateral carotid arteries with red arrows indicating areas of interest."
"ImageCLEFmedical_Caption_2026_valid_2245","Brain MRI showing two regions of abnormal signal intensity indicated by red arrows."
"ImageCLEFmedical_Caption_2026_valid_2246","Brain MRI showing bilateral cerebellar lesions indicated by red arrows."
"ImageCLEFmedical_Caption_2026_valid_2247","CT scan showing a large mass in the mediastinum with a red arrow indicating the lesion."
"ImageCLEFmedical_Caption_2026_valid_2248","CT scan showing a pulmonary nodule in the right lung field."
"ImageCLEFmedical_Caption_2026_valid_2249","Echocardiogram showing aortic valve with red arrow indicating possible stenosis or regurgitation."
"ImageCLEFmedical_Caption_2026_valid_2250","Abdominal ultrasound image showing a large fluid-filled structure with measurement indicator of 21.8 mm."
"ImageCLEFmedical_Caption_2026_valid_2251","CT scan showing bilateral pulmonary nodules indicated by arrows."
"ImageCLEFmedical_Caption_2026_valid_2252","CT scan showing liver with two arrow indicators pointing to focal lesions."
"ImageCLEFmedical_Caption_2026_valid_2253","CT scan showing a renal stone marked by asterisk and a urinary tract obstruction indicated by arrow."
"ImageCLEFmedical_Caption_2026_valid_2254","CT scan showing a large mass in the left lower lobe of the lung, indicated by the arrow."
"ImageCLEFmedical_Caption_2026_valid_2255","Left shoulder and arm X-ray showing no obvious fractures or abnormalities."
"ImageCLEFmedical_Caption_2026_valid_2256","Panoramic radiograph showing dental arch with highlighted areas and arrows indicating specific regions of interest."
"ImageCLEFmedical_Caption_2026_valid_2257","CT scan showing a cervical lymph node marked by a red circle."
"ImageCLEFmedical_Caption_2026_valid_2258","Axial chest CT scan showing bilateral lung fields with visible bronchial structures and mediastinum."
"ImageCLEFmedical_Caption_2026_valid_2259","Axial CT scan of thorax showing bilateral lung fields with normal bronchial and vascular markings, no obvious masses or consolidations."
"ImageCLEFmedical_Caption_2026_valid_2260","Thoracic CT scan showing bilateral lung fields with visible bronchial tree and mediastinal structures."
"ImageCLEFmedical_Caption_2026_valid_2261","Axial CT scan showing cervical spine with vertebral bodies and intervertebral discs, surrounded by soft tissue and neural foramina."
"ImageCLEFmedical_Caption_2026_valid_2262","CT scan showing thoracic and abdominal organs with visible spine and kidneys."
"ImageCLEFmedical_Caption_2026_valid_2263","Supine chest X-ray showing cardiac silhouette and rib cage with no apparent pulmonary infiltrates or fractures."
"ImageCLEFmedical_Caption_2026_valid_2264","Posterior-anterior chest X-ray showing a child with a radiopaque object in the right upper chest region, likely a pacemaker or similar implant."
"ImageCLEFmedical_Caption_2026_valid_2265","PET/CT scan showing metabolic activity in thoracic and abdominal regions with marked uptake in kidneys and bladder area."
"ImageCLEFmedical_Caption_2026_valid_2266","Ultrasound image showing a structure with measured distances of 2.13 cm and 1.97 cm, indicated by crosshairs and a downward arrow."
"ImageCLEFmedical_Caption_2026_valid_2267","MRI showing orbital and intracranial structures with multiple arrow indicators pointing to specific anatomical or pathological regions."
"ImageCLEFmedical_Caption_2026_valid_2268","CT scan showing nasal cavity with arrow indicating a lesion or mass within the nasal structure."
"ImageCLEFmedical_Caption_2026_valid_2269","CT scan showing a large cervical mass indicated by the arrow."
"ImageCLEFmedical_Caption_2026_valid_2270","CT scan showing a large cervical mass indicated by the arrow."
"ImageCLEFmedical_Caption_2026_valid_2271","X-ray showing cervical spine with arrow indicating cervical spine anomaly"
"ImageCLEFmedical_Caption_2026_valid_2272","Abdominal ultrasound showing pelvic structures with measurement indicators."
"ImageCLEFmedical_Caption_2026_valid_2273","MRI showing spinal cord with arrows indicating abnormal signal intensity along the vertebral column."
"ImageCLEFmedical_Caption_2026_valid_2274","CT scan showing spinal canal with red arrow indicating disc herniation and purple arrow pointing to vertebral body."
"ImageCLEFmedical_Caption_2026_valid_2275","CT scan showing liver with multiple focal lesions and surrounding vascular structures."
"ImageCLEFmedical_Caption_2026_valid_2276","Brain CT scan showing normal cerebral structure with no evident abnormalities."
"ImageCLEFmedical_Caption_2026_valid_2277","Pelvic CT scan showing bony pelvis and central pelvic cavity without visible abnormalities."
"ImageCLEFmedical_Caption_2026_valid_2278","Abdominal CT scan showing liver, spleen, and vertebral body with no obvious abnormalities."
"ImageCLEFmedical_Caption_2026_valid_2279","Abdominal MRI showing multiple renal masses with surrounding vascular structures."
"ImageCLEFmedical_Caption_2026_valid_2280","Axial MRI showing mediastinal lymphadenopathy with arrows indicating enlarged lymph nodes."
"ImageCLEFmedical_Caption_2026_valid_2281","MRI showing cervical spine with arrow indicating abnormality in spinal cord or adjacent structures."
"ImageCLEFmedical_Caption_2026_valid_2282","Cerebral angiogram showing a vascular anomaly with a white arrow indicating a region of abnormal vessel formation."
"ImageCLEFmedical_Caption_2026_valid_2283","Ultrasound image showing urinary bladder with arrow indicating a focal area of interest."
"ImageCLEFmedical_Caption_2026_valid_2284","MRI showing pelvic anatomy with arrow indicating uterine pathology."
"ImageCLEFmedical_Caption_2026_valid_2285","Brain MRI showing a focal lesion in the left cerebral hemisphere."
"ImageCLEFmedical_Caption_2026_valid_2286","CT scan showing a Foley catheter in the bladder region."
"ImageCLEFmedical_Caption_2026_valid_2287","CT scan showing a 37.2 mm pulmonary nodule in the right lower lobe."
"ImageCLEFmedical_Caption_2026_valid_2288","Echocardiogram showing turbulent blood flow with red color coding in the left ventricle."
"ImageCLEFmedical_Caption_2026_valid_2289","Color Doppler ultrasound showing turbulent blood flow with mixed red and blue signals in a vascular structure."
"ImageCLEFmedical_Caption_2026_valid_2290","MRI showing pelvic structures with arrow indicating abnormality."
"ImageCLEFmedical_Caption_2026_valid_2291","Brain CT scan showing a large intracranial mass lesion with surrounding edema and midline shift."
"ImageCLEFmedical_Caption_2026_valid_2292","CT scan showing liver with multiple focal lesions indicated by arrows."
"ImageCLEFmedical_Caption_2026_valid_2293","CT scan showing enlarged heart with arrow indicating cardiomegaly and asterisk marking a large pericardial effusion."
"ImageCLEFmedical_Caption_2026_valid_2294","MRI axial view of the oropharynx highlighting genioglossus, hyoglossus, mylohyoid, and base of tongue."
"ImageCLEFmedical_Caption_2026_valid_2295","MRI cross-sectional view of the tongue and surrounding musculature, labeled with genioglossus, mylohyoid, hyoglossus, and base of tongue."
"ImageCLEFmedical_Caption_2026_valid_2296","Ultrasound image of right adnexa in sagittal view showing heterogeneous tissue with mixed echogenicity."
"ImageCLEFmedical_Caption_2026_valid_2297","MRI showing a uterine mass with arrow indicating lesion."
"ImageCLEFmedical_Caption_2026_valid_2298","CT scan showing a large intraluminal contrast-filled structure in the pelvic region, indicated by the arrow."
"ImageCLEFmedical_Caption_2026_valid_2299","Transvaginal ultrasound showing ovarian follicles with Doppler flow signals."
"ImageCLEFmedical_Caption_2026_valid_2300","CT scan showing abdominal aorta with two arrows indicating potential aneurysmal dilatation or thrombus."
"ImageCLEFmedical_Caption_2026_valid_2301","CT scan showing large abdominal mass with arrow indicating lesion and asterisk marking area of interest."
"ImageCLEFmedical_Caption_2026_valid_2302","CT scan showing a large hepatic lesion with central necrosis and peripheral enhancement."
"ImageCLEFmedical_Caption_2026_valid_2303","MRI showing multiple prostate lesions indicated by arrows."
"ImageCLEFmedical_Caption_2026_valid_2304","CT scan showing a large hepatic lesion with arrow indicating area of concern."
"ImageCLEFmedical_Caption_2026_valid_2305","Transvaginal ultrasound image showing the right ovarian region with multiple hypoechoic areas indicated by white triangles, labeled as ""SAG RT OVARY""."
"ImageCLEFmedical_Caption_2026_valid_2306","Ultrasound image showing a hypoechoic lesion with a black arrow indicating a suspicious mass."
"ImageCLEFmedical_Caption_2026_valid_2307","Doppler ultrasound image showing blood flow with velocity measurements of 128.9 cm/s and 79.2 cm/s, indicating vascular activity with color-coded flow patterns."
"ImageCLEFmedical_Caption_2026_valid_2308","Color Doppler ultrasound image showing right atrium (RA) and atrioventricular fistula (AVF) with flow patterns indicated by blue and red color coding."
"ImageCLEFmedical_Caption_2026_valid_2309","Chest X-ray showing cardiac silhouette with visible intracardiac leads and no obvious pneumothorax or consolidation."
"ImageCLEFmedical_Caption_2026_valid_2310","CT scan showing right-sided pneumothorax with visible lung collapse and mediastinal shift."
"ImageCLEFmedical_Caption_2026_valid_2311","Chest X-ray showing bilateral lung fields with visible intrathoracic tubes and a portable imaging label dated 05 Aug 2023."
"ImageCLEFmedical_Caption_2026_valid_2312","CT scan showing a large intrathoracic mass with partial airway obstruction."
"ImageCLEFmedical_Caption_2026_valid_2313","CT scan showing a large mass in the right lower thoracic region with associated air-fluid levels and surrounding tissue displacement."
"ImageCLEFmedical_Caption_2026_valid_2314","Endoscopic ultrasound image showing mucosal and submucosal layers with total wall thickness measurement indicated."
"ImageCLEFmedical_Caption_2026_valid_2315","CT scan showing a mass in the pelvic region indicated by a yellow arrow."
"ImageCLEFmedical_Caption_2026_valid_2316","CT scan showing pelvic region with arrow indicating abnormality in the upper pelvic area."
"ImageCLEFmedical_Caption_2026_valid_2317","Ultrasound image showing a heterogeneous mass with posterior shadowing and surrounding tissue structures."
"ImageCLEFmedical_Caption_2026_valid_2318","CT scan showing a large, well-defined mass in the pelvic region, indicated by the yellow arrow."
"ImageCLEFmedical_Caption_2026_valid_2319","AP portable radiograph showing bilateral infiltrates and central line placement."
"ImageCLEFmedical_Caption_2026_valid_2320","CT scan showing cardiac silhouette with arrows indicating mediastinal and pericardial structures."
"ImageCLEFmedical_Caption_2026_valid_2321","CT scan showing a dilated gallbladder with a green arrow indicating a possible gallstone or obstruction."
"ImageCLEFmedical_Caption_2026_valid_2322","MRI of knee joint showing cortical bone, cartilage, muscle, and air space."
"ImageCLEFmedical_Caption_2026_valid_2323","Echocardiogram showing heart chambers and surrounding structures with labeled parietal pericardium, visceral pericardium, myocardium, right ventricle, left ventricle, aorta, left atrium, and epicardial fat pad."
"ImageCLEFmedical_Caption_2026_valid_2324","Echocardiogram showing a cardiac structure with a black arrow indicating a specific region of interest, with distance measurements displayed in the upper left corner."
"ImageCLEFmedical_Caption_2026_valid_2325","Radiograph showing a joint with a visible implant or screw."
"ImageCLEFmedical_Caption_2026_valid_2326","Echocardiogram showing thickened mitral valve leaflet with arrow annotation."
"ImageCLEFmedical_Caption_2026_valid_2327","Echocardiogram showing a vegetation on the mitral valve."
"ImageCLEFmedical_Caption_2026_valid_2328","CT scan showing pelvic organs with bilateral renal outlines and central pelvic structures."
"ImageCLEFmedical_Caption_2026_valid_2329","CT scan showing a renal mass with arrow indicating lesion."
"ImageCLEFmedical_Caption_2026_valid_2330","Abdominal CT scan showing vertebral body and surrounding soft tissues."
"ImageCLEFmedical_Caption_2026_valid_2331","Brain MRI showing symmetrical cerebral hemispheres with normal gyral pattern and no obvious focal lesions."
"ImageCLEFmedical_Caption_2026_valid_2332","Brain MRI showing symmetrical cerebral hemispheres with normal gyral patterns and no obvious focal lesions."
"ImageCLEFmedical_Caption_2026_valid_2333","Brain MRI showing symmetrical hyperintense lesions in the basal ganglia and thalami."
"ImageCLEFmedical_Caption_2026_valid_2334","CT scan showing a pulmonary nodule with an arrow indicating the lesion."
"ImageCLEFmedical_Caption_2026_valid_2335","Liver MRI showing a focal lesion in the right lobe with heterogeneous signal intensity."
"ImageCLEFmedical_Caption_2026_valid_2336","Angiographic image showing contrast-filled vascular structures with a catheter navigating through the arterial system."
"ImageCLEFmedical_Caption_2026_valid_2337","Fluoroscopic image showing catheter navigation through spinal region with visible vertebral alignment and contrast medium."
"ImageCLEFmedical_Caption_2026_valid_2338","MRI showing pelvic structure with blue arrow indicating lesion or abnormality in the pelvic region."
"ImageCLEFmedical_Caption_2026_valid_2339","CT scan showing hepatomegaly and splenomegaly with measured dimensions of liver 215 mm, spleen 163 mm, and a 118 mm measurement in the central region."
"ImageCLEFmedical_Caption_2026_valid_2340","Echocardiogram showing left ventricular apical region with septal and lateral views, including MAPSE measurements and ECG trace below."
"ImageCLEFmedical_Caption_2026_valid_2341","Chest X-ray showing bilateral pulmonary infiltrates and cardiac enlargement."
"ImageCLEFmedical_Caption_2026_valid_2342","Radiograph showing shoulder joint with labeled greater and lesser tubercles of humerus"
"ImageCLEFmedical_Caption_2026_valid_2343","Thoracic CT scan showing pulmonary and mediastinal structures with no immediate abnormalities noted."
"ImageCLEFmedical_Caption_2026_valid_2344","Ultrasound image showing fetal structures with marked measurements and annotations."
"ImageCLEFmedical_Caption_2026_valid_2345","Abdominal ultrasound image showing a fetal structure with measured length of 16.9 cm, captured at Makarios III Hospital, Nicosia."
"ImageCLEFmedical_Caption_2026_valid_2346","Color Doppler echocardiogram showing turbulent blood flow with red and blue color coding indicating direction and velocity of blood within the heart."
"ImageCLEFmedical_Caption_2026_valid_2347","Cerebral hemorrhage in the left hemisphere indicated by red arrow on CT scan."
"ImageCLEFmedical_Caption_2026_valid_2348","CT scan showing multiple areas of skull fracture indicated by red arrows."
"ImageCLEFmedical_Caption_2026_valid_2349","Cerebral hemorrhage with intracranial mass lesion indicated by red arrow."
"ImageCLEFmedical_Caption_2026_valid_2350","Axial MRI showing bilateral cochlear and vestibular structures with labeled cochlea (C) and semicircular canals (SC)"
"ImageCLEFmedical_Caption_2026_valid_2351","MRI scan showing heart with surrounding tissue and vascular structures."
"ImageCLEFmedical_Caption_2026_valid_2352","Thoracic CT scan showing heart and surrounding structures with no immediate abnormalities visible."
"ImageCLEFmedical_Caption_2026_valid_2353","MRI showing lumbar spine with disc herniation and spinal stenosis indicated by arrows."
"ImageCLEFmedical_Caption_2026_valid_2354","MRI showing lumbar spine with disc herniation indicated by arrows."
"ImageCLEFmedical_Caption_2026_valid_2355","MRI showing lumbar spine with disc herniation indicated by arrows."
"ImageCLEFmedical_Caption_2026_valid_2356","Chest X-ray showing bilateral pulmonary infiltrates and cardiomegaly."
"ImageCLEFmedical_Caption_2026_valid_2357","Orthopantomogram showing spinal alignment and abdominal contents in upright position."
"ImageCLEFmedical_Caption_2026_valid_2358","Radiograph showing hand with arrow indicating soft tissue swelling at base of finger."
"ImageCLEFmedical_Caption_2026_valid_2359","CT scan showing liver with focal lesion indicated by arrow."
"ImageCLEFmedical_Caption_2026_valid_2360","Ultrasound image showing an obstructed bowel segment with a marked dilation and fluid accumulation."
"ImageCLEFmedical_Caption_2026_valid_2361","CT scan showing enlarged lymph nodes with focal lesion in the abdomen."
"ImageCLEFmedical_Caption_2026_valid_2362","CT scan showing air-filled structures in the thoracic cavity with arrows indicating potential pneumothorax or air collection."
"ImageCLEFmedical_Caption_2026_valid_2363","CT scan showing right lung with focal consolidation indicated by red arrow."
"ImageCLEFmedical_Caption_2026_valid_2364","CT scan showing abdominal aorta and inferior vena cava with a large retroperitoneal mass near the spine."
"ImageCLEFmedical_Caption_2026_valid_2365","Posteroanterior chest X-ray showing cardiomegaly with enlarged cardiac silhouette and normal lung fields."
"ImageCLEFmedical_Caption_2026_valid_2366","CT scan showing pelvic mass with arrow indicating lesion."
"ImageCLEFmedical_Caption_2026_valid_2367","X-ray of a knee joint showing a total knee replacement prosthesis with visible implant components."
"ImageCLEFmedical_Caption_2026_valid_2368","Brain MRI showing symmetrical white matter hyperintensities in cerebral hemispheres and basal ganglia regions."
"ImageCLEFmedical_Caption_2026_valid_2369","Axial brain MRI showing symmetrical cortical and subcortical structures with normal ventricular size and contour."
"ImageCLEFmedical_Caption_2026_valid_2370","Brain MRI showing symmetrical cerebral hemispheres with normal ventricular system and cortical structure."
"ImageCLEFmedical_Caption_2026_valid_2371","Brain MRI showing symmetric hyperintensities in cerebral white matter, with arrows indicating regions of signal abnormality."
"ImageCLEFmedical_Caption_2026_valid_2372","Brain MRI showing symmetrical cortical and subcortical signal abnormalities consistent with diffuse white matter disease."
"ImageCLEFmedical_Caption_2026_valid_2373","Axial MRI scan showing spinal cord and surrounding structures with signal intensity variations."
"ImageCLEFmedical_Caption_2026_valid_2374","Axial MRI of the brain showing a lesion in the cerebellum with surrounding edema and mass effect."
"ImageCLEFmedical_Caption_2026_valid_2375","MRI scan showing cervical spine with visible disc herniation and spinal cord compression."
"ImageCLEFmedical_Caption_2026_valid_2376","MRI scan showing cervical spine with visible implant or hardware in the cervical region."
"ImageCLEFmedical_Caption_2026_valid_2377","MRI of shoulder joint showing joint space, surrounding musculature, and potential pathology."
"ImageCLEFmedical_Caption_2026_valid_2378","CT scan showing a mass in the right adrenal region, indicated by the red arrow."
"ImageCLEFmedical_Caption_2026_valid_2379","CT scan showing a large right lower lobe lung mass with surrounding pleural effusion."
"ImageCLEFmedical_Caption_2026_valid_2380","Echocardiogram showing a large intracardiac mass with a yellow arrow indicating its location."
"ImageCLEFmedical_Caption_2026_valid_2381","Echocardiogram showing mitral valve with yellow arrow indicating possible mitral valve prolapse or regurgitation."
"ImageCLEFmedical_Caption_2026_valid_2382","MRI showing a well-defined, enhancing lesion in the pelvic region, indicated by the arrow."
"ImageCLEFmedical_Caption_2026_valid_2383","Brain MRI showing a lesion in the cerebral cortex indicated by the arrow."
"ImageCLEFmedical_Caption_2026_valid_2384","CT scan showing detailed anatomy of the temporal bone and surrounding structures."
"ImageCLEFmedical_Caption_2026_valid_2385","MRI showing multiple arrow-marked lesions in the pelvic region."
"ImageCLEFmedical_Caption_2026_valid_2386","Radiograph showing multiple yellow arrows indicating areas of bone abnormality or lesion in the pelvic region."
"ImageCLEFmedical_Caption_2026_valid_2387","Anterior-posterior chest X-ray showing a patient with a central line and a visible radiopaque object in the right upper quadrant."
"ImageCLEFmedical_Caption_2026_valid_2388","Ultrasound image showing multiple hypoechoic structures within the pelvic region, marked with asterisks."
"ImageCLEFmedical_Caption_2026_valid_2389","Pediatric chest X-ray showing cardiac silhouette and rib cage with central line and pacemaker leads."
"ImageCLEFmedical_Caption_2026_valid_2390","CT scan showing bilateral pulmonary infiltrates with interstitial changes and ground-glass opacities."
"ImageCLEFmedical_Caption_2026_valid_2391","CT scan showing liver with arrow indicating focal lesion and another arrow pointing to portal vein thrombosis"
"ImageCLEFmedical_Caption_2026_valid_2392","Chest X-ray showing enlarged cardiac silhouette with no evident pneumothorax or pleural effusion."
"ImageCLEFmedical_Caption_2026_valid_2393","Ultrasound image showing a hypoechoic lesion with a black arrow indicating a focal area of interest in the abdominal region."
"ImageCLEFmedical_Caption_2026_valid_2394","Pneumonia with bilateral infiltrates and air trapping on chest X-ray."
"ImageCLEFmedical_Caption_2026_valid_2395","Ultrasound image showing QL, PM, ESM, and TP structures."
"ImageCLEFmedical_Caption_2026_valid_2396","Transvaginal ultrasound showing uterus and cervix with multiple arrow indicators pointing to potential lesions or structures within the uterine cavity."
"ImageCLEFmedical_Caption_2026_valid_2397","MRI scan showing uterus, bladder, and cervix with arrows indicating anatomical landmarks."
"ImageCLEFmedical_Caption_2026_valid_2398","Echocardiogram showing a cardiac structure with a white arrow indicating a specific region of interest."
"ImageCLEFmedical_Caption_2026_valid_2399","Echocardiogram showing left ventricular outflow tract with labeled structures including LV, RV, AO, LA, and measurement markers."
"ImageCLEFmedical_Caption_2026_valid_2400","Arrow indicates catheter positioned within vertebral column."
"ImageCLEFmedical_Caption_2026_valid_2401","Angiographic image showing a catheter navigating through a vascular structure with highlighted landmarks."
"ImageCLEFmedical_Caption_2026_valid_2402","Angiographic image showing a catheter positioned near a vascular lesion indicated by a star marker, with a blue arrow pointing toward the lesion."
"ImageCLEFmedical_Caption_2026_valid_2403","Angiographic image showing arterial branching with annotated directional arrows indicating vascular pathways."
"ImageCLEFmedical_Caption_2026_valid_2404","Angiographic image showing a catheter navigating through the vasculature with a blue arrow indicating a specific anatomical landmark or procedural point."
"ImageCLEFmedical_Caption_2026_valid_2405","Coronal MRI of breast showing multiple enhancing lesions in both breasts with central cardiac silhouette."
"ImageCLEFmedical_Caption_2026_valid_2406","Panoramic radiograph showing dental arch and surrounding jawbone structures."
"ImageCLEFmedical_Caption_2026_valid_2407","CT scan showing abdominal organs with prominent renal structures and spinal column."
"ImageCLEFmedical_Caption_2026_valid_2408","CT scan showing liver with focal lesion and surrounding vascular structures."
"ImageCLEFmedical_Caption_2026_valid_2409","Chest X-ray showing a child with visible ribcage, spine, and medical tubing."
"ImageCLEFmedical_Caption_2026_valid_2410","Radiograph showing a pediatric patient with a central line and visible abdominal gas patterns."
"ImageCLEFmedical_Caption_2026_valid_2411","Abdominal CT scan showing intestinal loops and surrounding structures."
"ImageCLEFmedical_Caption_2026_valid_2412","CT scan showing thoracic and abdominal organs with visible liver, lungs, and spinal column."
"ImageCLEFmedical_Caption_2026_valid_2413","Chest X-ray showing a child with a central venous catheter and a nasogastric tube in place."
"ImageCLEFmedical_Caption_2026_valid_2414","Coronal CT scan showing thoracic and abdominal organs with visible spine, kidneys, and gastrointestinal structures."
"ImageCLEFmedical_Caption_2026_valid_2415","A radiographic image showing a contrast-filled catheter navigating through the thoracic region, likely during a cardiac or vascular intervention."
"ImageCLEFmedical_Caption_2026_valid_2416","Angiographic view showing a catheter navigating through the thoracic vasculature."
"ImageCLEFmedical_Caption_2026_valid_2417","Radiographic image showing a guidewire and catheter within the gastrointestinal tract."
"ImageCLEFmedical_Caption_2026_valid_2418","Angiogram showing contrast-filled vascular structures in the thoracic region with visible catheter and branching vessels."
"ImageCLEFmedical_Caption_2026_valid_2419","CT scan showing a thyroid nodule with surrounding lymphadenopathy."
"ImageCLEFmedical_Caption_2026_valid_2420","Panoramic dental radiograph showing full dentition with visible roots, crowns, and surrounding alveolar bone."
"ImageCLEFmedical_Caption_2026_valid_2421","Lateral radiograph of the head and neck with anatomical landmarks and measurement lines for dental and craniofacial analysis."
"ImageCLEFmedical_Caption_2026_valid_2422","Abdominal ultrasound image showing a hypoechoic mass with defined borders and associated measurement annotations."
"ImageCLEFmedical_Caption_2026_valid_2423","PET scan showing a metabolically active lesion in the mediastinum, indicated by the arrow."
"ImageCLEFmedical_Caption_2026_valid_2424","Ultrasound image showing a hypoechoic mass with posterior acoustic shadowing and multiple small hypoechoic foci within the thyroid gland."
"ImageCLEFmedical_Caption_2026_valid_2425","Ultrasound image showing a hypoechoic lesion with color Doppler flow signal indicated by a white arrow."
"ImageCLEFmedical_Caption_2026_valid_2426","Adult echo image showing cardiac tissue with color Doppler flow mapping indicating blood flow patterns."
"ImageCLEFmedical_Caption_2026_valid_2427","Echocardiogram showing colorful Doppler flow mapping with blue and red signals indicating blood flow direction and velocity in the heart."
"ImageCLEFmedical_Caption_2026_valid_2428","Echocardiogram showing a large mass in the left atrium with a white arrow indicating the lesion."
"ImageCLEFmedical_Caption_2026_valid_2429","Barium swallow study showing esophageal narrowing at the level of the aortic arch with associated esophageal wall thickening."
"ImageCLEFmedical_Caption_2026_valid_2430","Catheter navigation in cardiac anatomy with visible guidewire and diagnostic imaging."
"ImageCLEFmedical_Caption_2026_valid_2431","CT scan showing liver with measured dimension of 21.60 cm."
"ImageCLEFmedical_Caption_2026_valid_2432","CT scan showing liver, heart, and lungs with a small lesion in the right lung field."
"ImageCLEFmedical_Caption_2026_valid_2433","Abdominal X-ray showing intestinal gas pattern and a radiopaque tube in the upper abdomen."
"ImageCLEFmedical_Caption_2026_valid_2434","CT scan showing liver with focal lesion and surrounding anatomical structures."
"ImageCLEFmedical_Caption_2026_valid_2435","Abdominal CT scan showing a large, complex mass in the right upper quadrant, consistent with a hepatic lesion or tumor."
"ImageCLEFmedical_Caption_2026_valid_2436","CT scan showing a pulmonary nodule in the left lung field, indicated by the arrow."
"ImageCLEFmedical_Caption_2026_valid_2437","Barium study showing a mass in the upper gastrointestinal tract."
"ImageCLEFmedical_Caption_2026_valid_2438","CT scan showing a mass in the right upper lobe of the lung."
"ImageCLEFmedical_Caption_2026_valid_2439","CT scan showing aortic dissection with contrast-enhanced imaging and arrows indicating the dissection flap and intimal tear."
"ImageCLEFmedical_Caption_2026_valid_2440","CT scan showing a lung nodule with arrow indicating a focal area of increased density in the left lung field."
"ImageCLEFmedical_Caption_2026_valid_2441","Radiograph showing hip joints with metallic implants and arrows indicating skeletal alignment and potential abnormalities."
"ImageCLEFmedical_Caption_2026_valid_2442","Radiograph showing a small radiopaque foreign body in the left parotid region, indicated by the arrow."
"ImageCLEFmedical_Caption_2026_valid_2443","MRI brain showing cervical spinal cord and brainstem structures with a marked lesion in the cervical region."
"ImageCLEFmedical_Caption_2026_valid_2444","X-ray showing a pediatric finger with a suspected fracture at the proximal phalanx."
"ImageCLEFmedical_Caption_2026_valid_2445","X-ray showing a needle positioned near a joint, likely for injection or diagnostic purpose."
"ImageCLEFmedical_Caption_2026_valid_2446","Radiograph showing a finger with a needle or foreign object inserted into the phalanx."
"ImageCLEFmedical_Caption_2026_valid_2447","MRI scan showing a lesion in the lower limb musculoskeletal region."
"ImageCLEFmedical_Caption_2026_valid_2448","Cerebral angiogram showing stenosis or focal occlusion in a cerebral artery."
"ImageCLEFmedical_Caption_2026_valid_2449","Brain CT scan showing no acute abnormalities."
"ImageCLEFmedical_Caption_2026_valid_2450","MRI scan showing fetal anatomy with measured dimensions A and B indicated."
"ImageCLEFmedical_Caption_2026_valid_2451","MRI scan showing spinal column with vertebral bodies and intervertebral discs in alignment, with a bright signal indicating possible fluid or lesion in the spinal canal."
"ImageCLEFmedical_Caption_2026_valid_2452","Anterior view of hip joint radiograph showing bilateral acetabular and femoral head structures with central radiopaque marker."
"ImageCLEFmedical_Caption_2026_valid_2453","Pelvic X-ray showing hip joint with 1.4cm measurement indicated."
"ImageCLEFmedical_Caption_2026_valid_2454","Hip X-ray showing left side with marked femoral head and acetabulum, red arrow indicating possible lesion or abnormality."
"ImageCLEFmedical_Caption_2026_valid_2455","Axial MRI showing spinal canal with arrow indicating disc herniation compressing spinal cord."
"ImageCLEFmedical_Caption_2026_valid_2456","CT scan showing a large mediastinal mass with a central air-filled structure, indicated by the arrow."
"ImageCLEFmedical_Caption_2026_valid_2457","Echocardiogram showing cardiac structure with measured dimensions and heart rate indicator."
"ImageCLEFmedical_Caption_2026_valid_2458","Intraoperative radiograph showing surgical site with sutures and tissue layers indicated by arrows."
"ImageCLEFmedical_Caption_2026_valid_2459","Posterior cervical spine with bilateral pedicle screws and rod fixation indicated by arrows."
"ImageCLEFmedical_Caption_2026_valid_2460","Contrast-enhanced radiographic image showing a guidewire and anatomical structures in the pelvic region."
"ImageCLEFmedical_Caption_2026_valid_2461","CT scan showing pelvic region with prominent urinary bladder and surrounding pelvic structures."
"ImageCLEFmedical_Caption_2026_valid_2462","Intraoperative radiograph showing a large, dark, circular structure within the pelvic region, with a catheter or instrument visible in the lower field."
"ImageCLEFmedical_Caption_2026_valid_2463","MRI scan of knee joint with arrow indicating a meniscal tear."
"ImageCLEFmedical_Caption_2026_valid_2464","Panoramic dental radiograph with annotated landmarks including R1, R2, R3, R4, Go, CL, M1, M2, ML, Pg, and Ar."
"ImageCLEFmedical_Caption_2026_valid_2465","Panoramic dental radiograph with anatomical landmarks and measurement lines indicating dental and skeletal alignment."
"ImageCLEFmedical_Caption_2026_valid_2466","CT angiogram showing aortic dissection with arrow indicating intimal flap and false lumen."
"ImageCLEFmedical_Caption_2026_valid_2467","CT scan showing vertebral column with highlighted abnormality in the thoracic region."
"ImageCLEFmedical_Caption_2026_valid_2468","CT scan showing a vascular structure with a yellow arrow pointing to a region of interest in the abdominal region."
"ImageCLEFmedical_Caption_2026_valid_2469","Echodense bloody effusion noted on ultrasound scan."
"ImageCLEFmedical_Caption_2026_valid_2470","Echocardiogram showing surgiflow injection with depth markers and waveform trace."
"ImageCLEFmedical_Caption_2026_valid_2471","Pelvic MRI showing uterus, ovaries, and surrounding pelvic structures."
"ImageCLEFmedical_Caption_2026_valid_2472","MRI showing pelvic anatomy with green arrow indicating a lesion in the posterior vaginal wall."
"ImageCLEFmedical_Caption_2026_valid_2473","MRI showing a pelvic mass with a green arrow indicating a lesion in the pelvic region."
"ImageCLEFmedical_Caption_2026_valid_2474","Dental radiograph showing a molar with visible root canal structure and adjacent teeth."
"ImageCLEFmedical_Caption_2026_valid_2475","Radiograph showing a tooth with a highlighted arrow indicating a root canal or internal structure."
"ImageCLEFmedical_Caption_2026_valid_2476","Ultrasound image showing needle and LA spread with TP markers and orientation indicators."
"ImageCLEFmedical_Caption_2026_valid_2477","Ultrasound image showing ESM, TP, PVS, and anatomical landmarks Ca, Cr, A."
"ImageCLEFmedical_Caption_2026_valid_2478","CT scan showing enlarged liver with surrounding vascular structures and vertebral column."
"ImageCLEFmedical_Caption_2026_valid_2479","CT scan showing intestinal obstruction with air-fluid levels and dilated bowel loops."
"ImageCLEFmedical_Caption_2026_valid_2480","CT scan showing abdominal aorta with a large intraluminal thrombus and surrounding vascular structures."
"ImageCLEFmedical_Caption_2026_valid_2481","MRI scan showing spinal cord with red circle highlighting a lesion or abnormality."
"ImageCLEFmedical_Caption_2026_valid_2482","Cerebral hemorrhage in the brainstem region."
"ImageCLEFmedical_Caption_2026_valid_2483","Panoramic dental radiograph showing full dental arch with visible roots, crowns, and surrounding alveolar bone structure."
"ImageCLEFmedical_Caption_2026_valid_2484","MRI showing cardiac structure with arrows indicating specific regions of interest."
"ImageCLEFmedical_Caption_2026_valid_2485","Abdominal ultrasound showing heterogeneous parenchymal tissue with central hypoechoic area."
"ImageCLEFmedical_Caption_2026_valid_2486","Abdominal CT scan showing kidneys with contrast enhancement and surrounding abdominal structures."
"ImageCLEFmedical_Caption_2026_valid_2487","CT scan showing pelvic cross-section with annotated measurements of 3.0 mm and 3.4 mm (2D) indicating possible lesion sizes."
"ImageCLEFmedical_Caption_2026_valid_2488","CT scan showing thoracic anatomy with red and blue arrows indicating specific structures within the mediastinum."
"ImageCLEFmedical_Caption_2026_valid_2489","CT scan showing liver with arrow indicating lesion."
"ImageCLEFmedical_Caption_2026_valid_2490","Posterior-anterior radiograph of the spine with anatomical landmarks and measurement lines for spinal alignment analysis."
"ImageCLEFmedical_Caption_2026_valid_2491","Cobb angle measurement on spinal radiograph showing spinal curvature with CBD and AVT markers."
"ImageCLEFmedical_Caption_2026_valid_2492","CT scan showing a large mass in the mediastinum with arrow indicating the lesion."
"ImageCLEFmedical_Caption_2026_valid_2493","Ultrasound image showing a thyroid nodule (CHL) with measured diameters of 0.28 cm and 0.20 cm."
"ImageCLEFmedical_Caption_2026_valid_2494","Ultrasound image showing a hypoechoic, oval structure with a central dark area, likely a thyroid nodule or cyst."
"ImageCLEFmedical_Caption_2026_valid_2495","Ultrasound image showing layered tissue structures with hypoechoic and hyperechoic regions."
"ImageCLEFmedical_Caption_2026_valid_2496","Ultrasound image showing a hypoechoic mass with irregular borders in the breast tissue."
"ImageCLEFmedical_Caption_2026_valid_2497","Ultrasound image showing three yellow triangles indicating structures in the gastrointestinal tract with ""G.O."" label."
"ImageCLEFmedical_Caption_2026_valid_2498","Radiographic image of a bone with a green line indicating alignment or measurement."
"ImageCLEFmedical_Caption_2026_valid_2499","CT scan showing a pulmonary nodule in the right lung field, indicated by the arrow."
"ImageCLEFmedical_Caption_2026_valid_2500","CT scan showing right lung with consolidation and air bronchogram indicated by arrow."
"ImageCLEFmedical_Caption_2026_valid_2501","CT scan showing lung consolidation with arrow indicating area of opacity in left lower lobe."
"ImageCLEFmedical_Caption_2026_valid_2502","CT scan showing a pulmonary nodule in the left lower lobe indicated by the arrow."
"ImageCLEFmedical_Caption_2026_valid_2503","CT scan showing a pulmonary nodule in the right lower lobe."
"ImageCLEFmedical_Caption_2026_valid_2504","CT scan showing a small focal opacity in the right upper lobe with a blue arrow indicating the lesion."
"ImageCLEFmedical_Caption_2026_valid_2505","CT scan showing a pulmonary nodule in the left lower lobe indicated by the arrow."
"ImageCLEFmedical_Caption_2026_valid_2506","Catheter navigation within cardiac vasculature during interventional procedure."
"ImageCLEFmedical_Caption_2026_valid_2507","Angiogram showing cardiac catheter and stent deployment in coronary artery."
"ImageCLEFmedical_Caption_2026_valid_2508","Posteroanterior chest X-ray showing cardiomegaly and increased pulmonary vascular markings."
"ImageCLEFmedical_Caption_2026_valid_2509","CT scan showing cervical spine and surrounding soft tissues at the level of the upper thoracic vertebrae."
"ImageCLEFmedical_Caption_2026_valid_2510","Abdominal radiograph showing a large air-filled structure in the upper abdomen, likely a dilated bowel loop, with a central spinal column and pelvic bones visible."
"ImageCLEFmedical_Caption_2026_valid_2511","Pelvic X-ray showing hip replacement with surgical hardware in place."
"ImageCLEFmedical_Caption_2026_valid_2512","Hip replacement with visible implant and surrounding bone structure."
"ImageCLEFmedical_Caption_2026_valid_2513","Ultrasound image of the right adnexa showing a hypoechoic structure with a yellow arrow indicating a possible ovarian lesion."
"ImageCLEFmedical_Caption_2026_valid_2514","MRI showing a pelvic mass with a yellow arrow indicating the lesion."
"ImageCLEFmedical_Caption_2026_valid_2515","CT scan showing a large, irregularly shaped mass in the right upper quadrant of the abdomen, outlined in red."
"ImageCLEFmedical_Caption_2026_valid_2516","CT angiogram showing abdominal aortic aneurysm and renal artery stenosis"
"ImageCLEFmedical_Caption_2026_valid_2517","CT scan showing liver with focal lesion and adjacent fluid collection."
"ImageCLEFmedical_Caption_2026_valid_2518","Echocardiogram showing cardiac structure with marked dilation and reduced motion, indicated by crosshairs and measurement scale."
"ImageCLEFmedical_Caption_2026_valid_2519","Pelvic radiograph showing hip joint alignment with OA1 marker indicating acetabular angle."
"ImageCLEFmedical_Caption_2026_valid_2520","MRI scan showing hip joint with highlighted CAI region."
"ImageCLEFmedical_Caption_2026_valid_2521","MRI scan showing pelvic region with marked anatomical landmarks A and B."
"ImageCLEFmedical_Caption_2026_valid_2522","Panoramic radiograph showing dental arch with overlaid measurement markers for clinical analysis."
"ImageCLEFmedical_Caption_2026_valid_2523","Green arrow indicates a lesion in the upper abdominal region."
"ImageCLEFmedical_Caption_2026_valid_2524","MRI showing pancreatic ductal structure with arrow indicating lesion or abnormality."
"ImageCLEFmedical_Caption_2026_valid_2525","Chest X-ray showing bilateral pulmonary infiltrates with arrows indicating areas of consolidation."
"ImageCLEFmedical_Caption_2026_valid_2526","CT scan showing bilateral pulmonary infiltrates with air bronchograms and pleural effusion."
"ImageCLEFmedical_Caption_2026_valid_2527","Heart MRI showing myocardial infarction with arrows indicating areas of necrosis and fibrosis."
"ImageCLEFmedical_Caption_2026_valid_2528","Ultrasound image showing a renal mass with measurements: D1 5.55 cm, D2 3.35 cm, D1/2 165.65%, Avg(D1,2) 4.45 cm, Avg(All) 4.45 cm."
"ImageCLEFmedical_Caption_2026_valid_2529","CT scan showing abdominal aortic aneurysm with yellow arrows indicating the dilated segment."
"ImageCLEFmedical_Caption_2026_valid_2530","CT scan showing multiple bowel loops with yellow arrows indicating potential pathology or obstruction."
"ImageCLEFmedical_Caption_2026_valid_2531","Panoramic radiograph with anatomical landmarks including Frankfurt horizontal plane, condylar guidance angle, and condylar path, both measured at 41.1°."
"ImageCLEFmedical_Caption_2026_valid_2532","Lateral skull radiograph with annotated craniofacial landmarks and measurement lines."
"ImageCLEFmedical_Caption_2026_valid_2533","Cerebral angiogram showing a vascular abnormality in the posterior circulation, indicated by the arrow."
"ImageCLEFmedical_Caption_2026_valid_2534","Radiograph showing arrow indicating radiolucent lesion near tooth root."
"ImageCLEFmedical_Caption_2026_valid_2535","Radiograph showing a tooth with a visible root canal filling."
"ImageCLEFmedical_Caption_2026_valid_2536","Dental radiograph showing three teeth with varying levels of radiopacity, indicating potential caries or calcifications."
"ImageCLEFmedical_Caption_2026_valid_2537","CT scan showing a mass in the right upper lobe of the lung, indicated by the red arrow."
"ImageCLEFmedical_Caption_2026_valid_2538","CT scan showing multiple pulmonary nodules with arrows indicating lesions in the lungs."
"ImageCLEFmedical_Caption_2026_valid_2539","CT scan showing soft tissue swelling along the lower leg, indicated by the red arrow."
"ImageCLEFmedical_Caption_2026_valid_2540","Panoramic dental radiograph showing multiple teeth with visible root canals and surrounding bone structure."
"ImageCLEFmedical_Caption_2026_valid_2541","Radiograph showing a tooth with visible root canal structure and surrounding bone density."
"ImageCLEFmedical_Caption_2026_valid_2542","Brain CT showing subcortical hemorrhage indicated by arrows."
"ImageCLEFmedical_Caption_2026_valid_2543","CT scan showing bilateral pulmonary consolidation with air bronchogram and central mediastinal shift."
"ImageCLEFmedical_Caption_2026_valid_2544","Pelvic CT scan showing symmetrical iliac bones and sacrum with no apparent fractures or abnormalities."
"ImageCLEFmedical_Caption_2026_valid_2545","Brain PET scan showing high metabolic activity in cerebral regions, outlined in green."
"ImageCLEFmedical_Caption_2026_valid_2546","MRI showing cerebellar lesion with arrow indicating abnormality"
"ImageCLEFmedical_Caption_2026_valid_2547","Brain MRI showing cerebellar lesion indicated by arrow."
"ImageCLEFmedical_Caption_2026_valid_2548","MRI showing cerebellar lesion with arrow indicating abnormality."
"ImageCLEFmedical_Caption_2026_valid_2549","Arrow indicates spinal cord lesion on T2-weighted MRI."
"ImageCLEFmedical_Caption_2026_valid_2550","MRI showing cerebellar lesion with arrow indicating abnormality"
"ImageCLEFmedical_Caption_2026_valid_2551","MRI showing cerebellar lesion indicated by arrow"
"ImageCLEFmedical_Caption_2026_valid_2552","Panoramic dental radiograph showing four posterior teeth with varying degrees of radiopacity and visible root structures."
"ImageCLEFmedical_Caption_2026_valid_2553","Dental radiograph showing multiple teeth with visible root structures and surrounding bone density."
"ImageCLEFmedical_Caption_2026_valid_2554","Abdominal X-ray showing air-filled bowel loops and a visible foreign object in the gastrointestinal tract."
"ImageCLEFmedical_Caption_2026_valid_2555","X-ray of hand showing wrist joint with arrow indicating a radiolucent lesion."
"ImageCLEFmedical_Caption_2026_valid_2556","MRI scan showing a lesion in the lower limb with arrow indicating abnormality."
"ImageCLEFmedical_Caption_2026_valid_2557","X-ray showing a needle and wire in a joint space."
"ImageCLEFmedical_Caption_2026_valid_2558","CT scan showing a lesion in the pelvic region with a white arrow indicating the area of interest."
"ImageCLEFmedical_Caption_2026_valid_2559","X-ray of left wrist showing a fracture at the base of the fifth metacarpal bone."
"ImageCLEFmedical_Caption_2026_valid_2560","Chest X-ray showing bilateral lung fields with visible cardiac silhouette and rib cage contours."
"ImageCLEFmedical_Caption_2026_valid_2561","Abdominal X-ray showing intestinal obstruction with air-fluid levels and bowel distension."
"ImageCLEFmedical_Caption_2026_valid_2562","Axial CT scan showing bilateral maxillary sinus opacification with air-fluid levels and sinus wall thickening."
"ImageCLEFmedical_Caption_2026_valid_2563","Panoramic dental radiograph showing upper and lower teeth with two missing teeth in the upper arch."
"ImageCLEFmedical_Caption_2026_valid_2564","Panoramic dental radiograph showing full dental arch with visible teeth, roots, and surrounding alveolar bone structure."
"ImageCLEFmedical_Caption_2026_valid_2565","Renal ultrasound with color Doppler showing renal parenchyma and vascular flow patterns."
"ImageCLEFmedical_Caption_2026_valid_2566","Ultrasound image showing a fetal structure with measurement annotation."
"ImageCLEFmedical_Caption_2026_valid_2567","Ultrasound image showing a dark, fluid-filled structure with surrounding tissue and measurement markers."
"ImageCLEFmedical_Caption_2026_valid_2568","Ultrasound image of the kidney showing normal parenchymal structure and no apparent abnormalities."
"ImageCLEFmedical_Caption_2026_valid_2569","Renal ultrasound image showing color Doppler flow with blood flow patterns and structural details of the kidney."
"ImageCLEFmedical_Caption_2026_valid_2570","Doppler ultrasound image showing renal artery with color flow mapping and velocity waveform."
"ImageCLEFmedical_Caption_2026_valid_2571","Doppler ultrasound image showing renal artery with velocity profiles and flow parameters including PSV 37.2 cm/s, EDV 6.59 cm/s, and MDV 3.29 cm/s."
"ImageCLEFmedical_Caption_2026_valid_2572","Chest X-ray showing a child with a central line and signs of possible pneumonia or consolidation in the right lung field."
"ImageCLEFmedical_Caption_2026_valid_2573","CT scan showing nasal septal deviation with arrow indicating deviation."
"ImageCLEFmedical_Caption_2026_valid_2574","Anterior-posterior chest X-ray showing cardiac silhouette, rib cage, and three intrathoracic tubes."
"ImageCLEFmedical_Caption_2026_valid_2575","CT scan showing a large air-filled cystic lesion in the right lung with a visible arrow indicating the lesion."
"ImageCLEFmedical_Caption_2026_valid_2576","Echocardiogram showing mitral valve inflow with velocity and pressure gradient measurements."
"ImageCLEFmedical_Caption_2026_valid_2577","Echocardiogram showing mitral inflow velocities with TR Vmax 2.50 m/s and TR maxPG 24.97 mmHg."
"ImageCLEFmedical_Caption_2026_valid_2578","Echocardiogram showing cardiac structure with visible chambers and valves."
"ImageCLEFmedical_Caption_2026_valid_2579","Echocardiogram showing a large pericardial effusion indicated by the red arrow."
"ImageCLEFmedical_Caption_2026_valid_2580","Portable chest X-ray showing cardiac silhouette with arrows indicating mediastinal shift and possible pneumothorax."
"ImageCLEFmedical_Caption_2026_valid_2581","Echocardiogram showing a large intracardiac mass indicated by the red arrow."
"ImageCLEFmedical_Caption_2026_valid_2582","Echocardiogram showing a large pericardial effusion indicated by the red arrow."
"ImageCLEFmedical_Caption_2026_valid_2583","Echocardiogram showing a large intracardiac mass with a red arrow indicating the structure."
"ImageCLEFmedical_Caption_2026_valid_2584","Echocardiogram showing cardiac output and Doppler flow velocities with key hemodynamic parameters displayed."
"ImageCLEFmedical_Caption_2026_valid_2585","Posteroanterior chest X-ray showing symmetrical lung fields with visible cardiac silhouette and rib cage."
"ImageCLEFmedical_Caption_2026_valid_2586","Echocardiogram showing a large intracardiac mass with dimensions of 2.0 cm and 1.8 cm, indicated by the red arrow."
"ImageCLEFmedical_Caption_2026_valid_2587","Echocardiogram showing a large mass in the left atrium, indicated by the red arrow."
"ImageCLEFmedical_Caption_2026_valid_2588","Echocardiogram showing color Doppler flow with velocity and pressure measurements including TR maxPG 39.09 mmHg, RAP 15.00 mmHg, and RVSP 54.09 mmHg."
"ImageCLEFmedical_Caption_2026_valid_2589","Echocardiogram showing a large, echogenic mass in the left ventricle, indicated by the red arrow."
"ImageCLEFmedical_Caption_2026_valid_2590","Echocardiogram showing a large pericardial effusion indicated by the red arrow."
"ImageCLEFmedical_Caption_2026_valid_2591","Echocardiogram showing a large intracardiac mass indicated by arrow."
"ImageCLEFmedical_Caption_2026_valid_2592","Echocardiogram showing cardiac structure with measured depth markers."
"ImageCLEFmedical_Caption_2026_valid_2593","Echocardiogram showing a large pericardial effusion with a red arrow indicating the fluid collection."
"ImageCLEFmedical_Caption_2026_valid_2594","Radiograph of the forearm and wrist showing bone structure and joint alignment."
"ImageCLEFmedical_Caption_2026_valid_2595","Radiographic image showing a contrast-filled endoscope navigating through the esophagus and stomach, with visible spinal column in the background."
"ImageCLEFmedical_Caption_2026_valid_2596","Abdominal CT scan showing liver, gallbladder, and surrounding structures with no immediate abnormalities visible."
"ImageCLEFmedical_Caption_2026_valid_2597","A chest X-ray showing a large, well-defined, homogeneous opacity in the right lower lung field, consistent with a pulmonary nodule or mass."
"ImageCLEFmedical_Caption_2026_valid_2598","CT scan showing a large mass in the right lower lobe of the lung, indicated by the red arrow."
"ImageCLEFmedical_Caption_2026_valid_2599","MRI scan showing heart with measured dimensions of 21.78 cm in width and 3.16 cm in height."
"ImageCLEFmedical_Caption_2026_valid_2600","MRI scan showing pelvic region with visible anatomical structures and potential pathological findings."
"ImageCLEFmedical_Caption_2026_valid_2601","CT scan showing pelvic bones and surrounding soft tissues at the level of the hips."
"ImageCLEFmedical_Caption_2026_valid_2602","Angiographic image showing a guidewire with two arrows indicating its position within the coronary artery."
"ImageCLEFmedical_Caption_2026_valid_2603","Coronary angiogram showing catheter insertion and vascular branching."
"ImageCLEFmedical_Caption_2026_valid_2604","Angiographic image showing curved catheter trajectory through vascular structure."
"ImageCLEFmedical_Caption_2026_valid_2605","CT scan showing liver, stomach, and surrounding abdominal structures with arrows indicating specific anatomical or pathological regions."
"ImageCLEFmedical_Caption_2026_valid_2606","CT scan showing a yellow arrow pointing to a mass in the pelvic region."
"ImageCLEFmedical_Caption_2026_valid_2607","Rostral view of the skull with labeled anatomical regions: GSP, CM CSP, UPSP, and ED."
"ImageCLEFmedical_Caption_2026_valid_2608","Abdominal X-ray showing a metallic foreign body in the gastrointestinal tract."
"ImageCLEFmedical_Caption_2026_valid_2609","X-ray showing cervical spine with arrow indicating a foreign object in the neck region."
"ImageCLEFmedical_Caption_2026_valid_2610","PET scan showing metabolically active regions in cervical and thoracic regions with focal uptake in bilateral kidneys and pelvic region."
"ImageCLEFmedical_Caption_2026_valid_2611","CT scan showing a large liver lesion with a red arrow indicating a focal area of interest."
"ImageCLEFmedical_Caption_2026_valid_2612","Red arrow indicates a radiopaque object in the left upper lung field."
"ImageCLEFmedical_Caption_2026_valid_2613","CT scan showing a large abdominal aortic aneurysm marked by a red arrow."
"ImageCLEFmedical_Caption_2026_valid_2614","CT scan showing spinal column with surrounding soft tissue and vertebral structures."
"ImageCLEFmedical_Caption_2026_valid_2615","Panoramic radiograph showing dental arch with visible implants and adjacent teeth."
"ImageCLEFmedical_Caption_2026_valid_2616","Maxillary dental implant with adjacent bone and soft tissue structures visible on radiograph."
"ImageCLEFmedical_Caption_2026_valid_2617","Chest X-ray showing a small, localized opacity in the left upper lobe, indicated by the arrow."
"ImageCLEFmedical_Caption_2026_valid_2618","Echocardiogram showing cardiac structure with Doppler and M-mode parameters displayed."
"ImageCLEFmedical_Caption_2026_valid_2619","Ultrasound image of the left thyroid gland in sagittal view showing heterogeneous texture with visible nodules and surrounding tissue."
"ImageCLEFmedical_Caption_2026_valid_2620","Echocardiogram showing left ventricular chamber with measured diameter of 5.84 cm and heart rate of 89 bpm."
"ImageCLEFmedical_Caption_2026_valid_2621","MRI scan showing abdominal structures with measured dimensions A: 25.5mm and B: 25.9mm."
"ImageCLEFmedical_Caption_2026_valid_2622","Ultrasound image showing fetal profile with arrow indicating head region and CRL marker for gestational age measurement."
"ImageCLEFmedical_Caption_2026_valid_2623","Ultrasound image showing a fetal structure with a red arrow indicating a specific anatomical feature."
"ImageCLEFmedical_Caption_2026_valid_2624","Chest X-ray showing a patient with a central line and a blue arrow indicating a possible infiltrate or consolidation in the left lung field."
"ImageCLEFmedical_Caption_2026_valid_2625","Radiograph showing a foreign object in the mediastinum, indicated by the blue arrow."
"ImageCLEFmedical_Caption_2026_valid_2626","Thoracic CT scan showing air-filled lungs with visible bronchial structures and surrounding soft tissue."
"ImageCLEFmedical_Caption_2026_valid_2627","CT scan showing mediastinal lymphadenopathy with arrows indicating enlarged lymph nodes."
"ImageCLEFmedical_Caption_2026_valid_2628","CT scan showing cervical vasculature with arrow indicating abnormality in the left cervical artery."
"ImageCLEFmedical_Caption_2026_valid_2629","CT scan showing cervical spine with arrow indicating vertebral body abnormality."
"ImageCLEFmedical_Caption_2026_valid_2630","Transvaginal ultrasound showing uterine cavity with two arrow markers indicating endometrial lining and adjacent structures."
"ImageCLEFmedical_Caption_2026_valid_2631","MRI scan showing pelvic region with uterine and cervical structures, including possible pathological findings."
"ImageCLEFmedical_Caption_2026_valid_2632","Lateral spinal X-ray with vertebral segmentation and grid overlay for anatomical reference."
"ImageCLEFmedical_Caption_2026_valid_2633","Abdominal X-ray showing multiple air-fluid levels and a gastric bubble with a central radiopaque object."
"ImageCLEFmedical_Caption_2026_valid_2634","CT scan showing liver with multiple small nodules and a large lesion in the right hepatic lobe."
"ImageCLEFmedical_Caption_2026_valid_2635","CT scan showing multiple bowel loops with arrows indicating luminal obstruction and possible ileus."
"ImageCLEFmedical_Caption_2026_valid_2636","MRI of hand showing osteochondroma at base of metacarpal bone."
"ImageCLEFmedical_Caption_2026_valid_2637","MRI of the spine showing two red arrows indicating areas of abnormality or pathology."
"ImageCLEFmedical_Caption_2026_valid_2638","MRI scan showing a lesion in the lower limb with a red arrow indicating the abnormality."
"ImageCLEFmedical_Caption_2026_valid_2639","CT scan showing lung nodules with arrows indicating abnormal pulmonary lesions."
"ImageCLEFmedical_Caption_2026_valid_2640","CT scan showing mediastinal lymphadenopathy with arrows indicating enlarged lymph nodes."
"ImageCLEFmedical_Caption_2026_valid_2641","Chest X-ray showing cardiac implant with visible lead and a red arrow indicating a potential area of concern in the left lower lung field."
"ImageCLEFmedical_Caption_2026_valid_2642","Thoracic CT scan showing bilateral pulmonary infiltrates with air bronchograms and interstitial opacities."
"ImageCLEFmedical_Caption_2026_valid_2643","Color Doppler echocardiogram showing turbulent blood flow with red and blue color coding indicating direction and velocity of cardiac blood flow."
"ImageCLEFmedical_Caption_2026_valid_2644","Endoscopic view of a spiral-patterned tissue with central circular structure."
"ImageCLEFmedical_Caption_2026_valid_2645","Renal artery with visible stenosis and flow obstruction on angiogram."
"ImageCLEFmedical_Caption_2026_valid_2646","Endoscopic ultrasound image showing layered tissue structures with central target marker."
"ImageCLEFmedical_Caption_2026_valid_2647","Angiogram showing a catheter navigating through a vascular structure with visible branching vessels."
"ImageCLEFmedical_Caption_2026_valid_2648","Arterial angiogram showing a focal stenotic lesion with a contrast-filled vessel lumen."
"ImageCLEFmedical_Caption_2026_valid_2649","X-ray showing fracture lines at ulna styloid region of wrist bone, indicating Frykman VIII fissure (arrow and lines)"
"ImageCLEFmedical_Caption_2026_valid_2650","Brain CT scan showing normal cerebral structure with no visible abnormalities."
"ImageCLEFmedical_Caption_2026_valid_2651","Head CT showing bilateral parietal bone abnormalities with arrows indicating potential fractures or lesions."
"ImageCLEFmedical_Caption_2026_valid_2652","CT scan showing a large left-sided pleural effusion with associated lung collapse and small nodules in the lower lobe."
"ImageCLEFmedical_Caption_2026_valid_2653","Pulmonary infiltrates with air bronchogram in left lower lobe indicated by arrow and asterisks."
"ImageCLEFmedical_Caption_2026_valid_2654","Pelvic X-ray showing bilateral hip joints with visible bone structures and surrounding soft tissues."
"ImageCLEFmedical_Caption_2026_valid_2655","CT scan showing pelvic bones with marked asymmetry in right hip region indicated by square marker A."
"ImageCLEFmedical_Caption_2026_valid_2656","Intraoperative radiograph showing pelvic fixation with screw and plate hardware."
"ImageCLEFmedical_Caption_2026_valid_2657","Hip X-ray showing left-sided pelvic fracture with internal fixation screws and plate."
"ImageCLEFmedical_Caption_2026_valid_2658","Hip joint radiograph showing surgical fixation with screws and plates."
"ImageCLEFmedical_Caption_2026_valid_2659","Pelvic CT scan showing pelvic bones and surrounding soft tissues with no apparent fractures or abnormalities."
"ImageCLEFmedical_Caption_2026_valid_2660","CT scan showing a large intramuscular mass with measured diameters of 14.1 mm and 16.7 mm."
"ImageCLEFmedical_Caption_2026_valid_2661","CT scan showing liver with arrow indicating lesion or abnormality."
"ImageCLEFmedical_Caption_2026_valid_2662","Abnormal liver parenchyma with multiple focal lesions indicated by arrows."
"ImageCLEFmedical_Caption_2026_valid_2663","Thoracic CT scan showing lung fields, mediastinum, and vertebral body."
"ImageCLEFmedical_Caption_2026_valid_2664","CT scan showing spinal cord and vertebral structures with visible central lesion."
"ImageCLEFmedical_Caption_2026_valid_2665","Pelvic MRI showing enlarged bladder with arrow indicating urinary tract obstruction."
"ImageCLEFmedical_Caption_2026_valid_2666","Echocardiogram showing cardiac structure with attached ECG trace and HR indicator."
"ImageCLEFmedical_Caption_2026_valid_2667","Echocardiogram showing cardiac structure with ECG trace below."
"ImageCLEFmedical_Caption_2026_valid_2668","Chest X-ray showing increased lung opacity and mediastinal shift suggestive of pleural effusion or pneumothorax."
"ImageCLEFmedical_Caption_2026_valid_2669","Chest X-ray showing cardiomegaly with prominent cardiac silhouette and bilateral infiltrates, along with central lines in place."
"ImageCLEFmedical_Caption_2026_valid_2670","CT scan showing a ground-glass nodule (GGN) in the left lung."
"ImageCLEFmedical_Caption_2026_valid_2671","Radiograph showing a contrast-filled esophagus with a visible obstruction at the level of the cardiac junction, indicated by the red arrow."
"ImageCLEFmedical_Caption_2026_valid_2672","Barium swallow showing esophageal obstruction with distal dilation and air-fluid level in stomach."
"ImageCLEFmedical_Caption_2026_valid_2673","MRI showing a well-defined, rounded lesion in the pelvic region with surrounding tissue infiltration."
"ImageCLEFmedical_Caption_2026_valid_2674","MRI showing pelvic mass with mucin highlighted by arrow."
"ImageCLEFmedical_Caption_2026_valid_2675","Chest CT scan showing bilateral pulmonary nodules and central mediastinal mass."
"ImageCLEFmedical_Caption_2026_valid_2676","PET scan showing multiple metabolically active lesions indicated by arrows throughout the thoracic and abdominal regions."
"ImageCLEFmedical_Caption_2026_valid_2677","Radiographic image showing a foreign object within the skull, highlighted by a green circle."
"ImageCLEFmedical_Caption_2026_valid_2678","Panoramic radiograph showing dental implants and surgical screws in the lower jaw."
"ImageCLEFmedical_Caption_2026_valid_2679","Panoramic radiograph showing full dental arch with visible teeth, jawbone, and surrounding structures."
"ImageCLEFmedical_Caption_2026_valid_2680","Spinal radiograph showing two vertebral fractures indicated by white boxes."
"ImageCLEFmedical_Caption_2026_valid_2681","Posterior shoulder arthroplasty with humeral and glenoid component visible on radiograph."
"ImageCLEFmedical_Caption_2026_valid_2682","CT scan showing hip joint with visible bone structure and surrounding soft tissue."
"ImageCLEFmedical_Caption_2026_valid_2683","CT scan showing abdominal aorta with red arrow indicating an aneurysm and yellow arrow pointing to a bowel loop with air fluid levels."
"ImageCLEFmedical_Caption_2026_valid_2684","CT scan showing a small bright lesion in the abdominal region, indicated by a red arrow."
"ImageCLEFmedical_Caption_2026_valid_2685","CT scan showing liver with a small lesion indicated by a yellow arrow."
"ImageCLEFmedical_Caption_2026_valid_2686","Portable chest X-ray showing cardiac silhouette with three pacemaker leads visible in the thoracic cavity."
"ImageCLEFmedical_Caption_2026_valid_2687","Echocardiogram showing cardiac structure with depth markers and ECG trace below."
"ImageCLEFmedical_Caption_2026_valid_2688","CT scan showing bilateral pulmonary consolidation with air trapping in the lower lobes."
"ImageCLEFmedical_Caption_2026_valid_2689","Chest X-ray showing bilateral lung fields with visible mediastinal shadow and two central lines extending from the neck into the thoracic cavity."
"ImageCLEFmedical_Caption_2026_valid_2690","CT scan showing bilateral lung fields with visible bronchial tree and mediastinal structures."
"ImageCLEFmedical_Caption_2026_valid_2691","CT scan showing abdominal cross-section with kidneys, spine, and a 35mm measurement marker."
"ImageCLEFmedical_Caption_2026_valid_2692","CT scan showing pelvic cross-section with measured dimensions of 108 mm and 133 mm."
"ImageCLEFmedical_Caption_2026_valid_2693","R side knee radiograph showing joint space narrowing and osteophyte formation indicative of osteoarthritis."
"ImageCLEFmedical_Caption_2026_valid_2694","Radiograph showing two dental implants with visible root forms and surrounding bone structure."
"ImageCLEFmedical_Caption_2026_valid_2695","CT scan slice showing spinal region with annotated measurements and orientation markers."
"ImageCLEFmedical_Caption_2026_valid_2696","MRI scan showing heart with measured dimensions of 6.99 and 10.38 units."
"ImageCLEFmedical_Caption_2026_valid_2697","Ultrasonic image showing a hypoechoic mass with posterior acoustic shadowing and a small asterisk indicating a focal point of interest."
"ImageCLEFmedical_Caption_2026_valid_2698","Axial CT scan showing large pelvic mass with surrounding bowel and vascular structures."
"ImageCLEFmedical_Caption_2026_valid_2699","CT scan showing mediastinal lymphadenopathy with arrows indicating enlarged lymph nodes."
"ImageCLEFmedical_Caption_2026_valid_2700","Heart with arrow indicating a lesion or abnormality."
"ImageCLEFmedical_Caption_2026_valid_2701","Thoracic MRI showing tracheal airway with arrows indicating regions of interest."
"ImageCLEFmedical_Caption_2026_valid_2702","CT scan showing mediastinal mass with arrow indicating lesion."
"ImageCLEFmedical_Caption_2026_valid_2703","Ultrasound image showing a hypoechoic mass with posterior shadowing and a bright, echogenic area at the base."
"ImageCLEFmedical_Caption_2026_valid_2704","Ultrasound image highlighting the ear region with a labeled annotation."
"ImageCLEFmedical_Caption_2026_valid_2705","Axial CT scan showing pelvic bones, spinal vertebra, and surrounding soft tissues."
"ImageCLEFmedical_Caption_2026_valid_2706","Lateral cephalogram with craniofacial landmark analysis and angle measurements including SNB, SNA, ANB, and condylar angle."
"ImageCLEFmedical_Caption_2026_valid_2707","Transcranial Doppler ultrasound image showing cerebral blood flow with color-coded velocity map, highlighting the vertebral and basilar arteries within the brainstem region."
"ImageCLEFmedical_Caption_2026_valid_2708","Echocardiogram showing a structure with measured lengths of 2.36 cm and 3.70 cm."
"ImageCLEFmedical_Caption_2026_valid_2709","Radiograph showing a pacemaker with lead positioned in the thoracic cavity."
"ImageCLEFmedical_Caption_2026_valid_2710","CT scan showing cervical spine with highlighted vertebral bodies and surrounding soft tissues."
"ImageCLEFmedical_Caption_2026_valid_2711","Posteroanterior chest X-ray showing bilateral lung fields with visible cardiac silhouette and diaphragm contours."
"ImageCLEFmedical_Caption_2026_valid_2712","Chest X-ray showing bilateral pulmonary infiltrates with air bronchogram, suggestive of pneumonia."
"ImageCLEFmedical_Caption_2026_valid_2713","Pediatric chest X-ray showing diffuse lung opacities consistent with pneumonia, with visible medical devices including a central line and a nasogastric tube."
"ImageCLEFmedical_Caption_2026_valid_2714","Anterior-posterior chest X-ray showing a child with visible ribs, spine, and shoulder bones; an 'R' marker indicates the right side."
"ImageCLEFmedical_Caption_2026_valid_2715","Panoramic dental radiograph showing full dental arch with visible roots, crowns, and surrounding alveolar bone structure."
"ImageCLEFmedical_Caption_2026_valid_2716","Abdominal CT scan showing bilateral renal calculi with associated hydronephrosis and obstructive uropathy."
"ImageCLEFmedical_Caption_2026_valid_2717","Radiograph showing a large, well-defined opacity in the left lower lung field, indicated by an arrow."
"ImageCLEFmedical_Caption_2026_valid_2718","Arrow indicates gastric air bubble in the left lower thoracic region."
"ImageCLEFmedical_Caption_2026_valid_2719","Liver CT scan showing a hypodense lesion with arrow indicating area of interest."
"ImageCLEFmedical_Caption_2026_valid_2720","Cardiomegaly with mediastinal widening indicated by arrow."
"ImageCLEFmedical_Caption_2026_valid_2721","Radiograph of a pediatric thorax showing bilateral lung fields with visible rib cage and spinal column."
"ImageCLEFmedical_Caption_2026_valid_2722","Posteroanterior chest radiograph of a child showing rib cage, spine, and abdominal contents with two foreign objects visible in the right upper quadrant."
"ImageCLEFmedical_Caption_2026_valid_2723","MRI scan showing a large mass in the neck region with arrow indicating lesion."
"ImageCLEFmedical_Caption_2026_valid_2724","Axial MRI showing a large intramural mass with central necrosis and surrounding edema, indicated by the arrow."
"ImageCLEFmedical_Caption_2026_valid_2725","CT scan showing a large renal mass with central calcification indicated by the blue arrow."
"ImageCLEFmedical_Caption_2026_valid_2726","MRI of cervical spine showing vertebral alignment and spinal cord anatomy."
"ImageCLEFmedical_Caption_2026_valid_2727","MRI of the shoulder joint showing joint structures and surrounding soft tissues."
"ImageCLEFmedical_Caption_2026_valid_2728","MRI scan of shoulder joint showing joint space and surrounding soft tissues."
"ImageCLEFmedical_Caption_2026_valid_2729","MRI scan of shoulder joint showing rotator cuff and surrounding musculature with visible tendinous structures."
"ImageCLEFmedical_Caption_2026_valid_2730","X-ray of hand showing CMC joint in Roberts view"
"ImageCLEFmedical_Caption_2026_valid_2731","CT scan showing a pancreatic lesion with arrow indicating abnormality."
"ImageCLEFmedical_Caption_2026_valid_2732","Ultrasound image showing a long palpable mass in the abdominal region."
"ImageCLEFmedical_Caption_2026_valid_2733","Arrow indicates a vascular anomaly in the thoracic region."
"ImageCLEFmedical_Caption_2026_valid_2734","Brain MRI showing a lesion in the left cerebral hemisphere indicated by a red arrow."
"ImageCLEFmedical_Caption_2026_valid_2735","MRA of brain vasculature showing marked stenosis at the distal intracranial segment and a significant narrowing at the proximal segment."
"ImageCLEFmedical_Caption_2026_valid_2736","Angiographic image showing a vascular lesion with a catheter and contrast medium, indicated by arrows and a star."
"ImageCLEFmedical_Caption_2026_valid_2737","Liver MRI showing multiple hepatic lesions indicated by green arrows."
"ImageCLEFmedical_Caption_2026_valid_2738","Pelvic MRI showing spinal alignment and hip joint structure."
"ImageCLEFmedical_Caption_2026_valid_2739","Axial MRI of lumbar spine showing vertebral body with surrounding soft tissue structures."
"ImageCLEFmedical_Caption_2026_valid_2740","Thoracic X-ray showing diffuse osteopenia with arrow indicators pointing to affected areas"
"ImageCLEFmedical_Caption_2026_valid_2741","CT scan showing spinal vertebra with circled structures indicating potential pathology or anatomical landmarks."
"ImageCLEFmedical_Caption_2026_valid_2742","Abdominal radiograph showing a small, well-defined radiopaque object within the gastrointestinal tract."
"ImageCLEFmedical_Caption_2026_valid_2743","MRI of the lumbar spine showing bilateral renal structures with a white arrow indicating a region of interest."
"ImageCLEFmedical_Caption_2026_valid_2744","Spinal cord MRI showing a lesion at the level of the arrow."
"ImageCLEFmedical_Caption_2026_valid_2745","CT scan showing spinal alignment with arrow indicating vertebral anomaly"
"ImageCLEFmedical_Caption_2026_valid_2746","Radiograph of a hand showing all five metacarpals and phalanges with no obvious fractures or abnormalities."
"ImageCLEFmedical_Caption_2026_valid_2747","Radiograph of a human hand showing all five metacarpals and phalanges with no obvious fractures or abnormalities."
"ImageCLEFmedical_Caption_2026_valid_2748","CT scan showing bilateral adrenal glands with circumscribed lesions."
"ImageCLEFmedical_Caption_2026_valid_2749","CT scan showing liver with arrows indicating focal lesions."
"ImageCLEFmedical_Caption_2026_valid_2750","PET scan showing multiple metastatic lesions indicated by colored arrows across thoracic and abdominal regions."
"ImageCLEFmedical_Caption_2026_valid_2751","Ultrasound image showing fetal heart with Doppler flow signals indicated by colored dots."
"ImageCLEFmedical_Caption_2026_valid_2752","Pelvic CT scan showing enlarged uterus with surrounding pelvic structures and bilateral ovarian outlines."
"ImageCLEFmedical_Caption_2026_valid_2753","Transvaginal ultrasound image showing uterine cavity with heterogeneous echotexture and endometrial thickening."
"ImageCLEFmedical_Caption_2026_valid_2754","CT scan showing spinal column with normal vertebral alignment and surrounding abdominal organs."
"ImageCLEFmedical_Caption_2026_valid_2755","Transvaginal ultrasound showing uterine cavity with measured distances A and B."
"ImageCLEFmedical_Caption_2026_valid_2756","Chest X-ray showing bilateral pulmonary infiltrates with mediastinal shift and no visible pneumothorax or pleural effusion."
"ImageCLEFmedical_Caption_2026_valid_2757","Ultrasound image showing needle for PRP injection in the dorsal region with labeled structures: PM, TP, OL, ES, and ventral/dorsal orientation."
"ImageCLEFmedical_Caption_2026_valid_2758","Transvaginal ultrasound image showing pelvic organs with color Doppler flow imaging indicating blood flow patterns."
"ImageCLEFmedical_Caption_2026_valid_2759","Radiograph showing a tooth with a red arrow indicating a radiolucent lesion adjacent to the root."
"ImageCLEFmedical_Caption_2026_valid_2760","Panoramic radiograph showing three teeth with arrows indicating potential pathology or abnormalities."
"ImageCLEFmedical_Caption_2026_valid_2761","Pneumothorax with visible lung collapse and mediastinal shift on the right side."
"ImageCLEFmedical_Caption_2026_valid_2762","MR image showing a renal mass with arrow indicating lesion."
"ImageCLEFmedical_Caption_2026_valid_2763","Ultrasound image showing liver and renal regions with quantitative analysis indicating hepatorenal index of 1.378."
"ImageCLEFmedical_Caption_2026_valid_2764","Axial MRI of cervical spine showing vertebral bodies, intervertebral discs, and spinal canal with no obvious structural abnormalities."
"ImageCLEFmedical_Caption_2026_valid_2765","CT scan showing enlarged lymph nodes in the neck region with arrows indicating areas of concern."
"ImageCLEFmedical_Caption_2026_valid_2766","Anterior-posterior chest X-ray showing normal thoracic and lumbar spine alignment with no apparent fractures or abnormalities."
"ImageCLEFmedical_Caption_2026_valid_2767","CT scan showing pelvic structures with arrows indicating potential pathological findings in the lower abdomen."
"ImageCLEFmedical_Caption_2026_valid_2768","CT scan showing bilateral pelvic lymphadenopathy with arrow indicating enlarged lymph nodes and triangles highlighting surrounding soft tissue changes."
"ImageCLEFmedical_Caption_2026_valid_2769","Ultrasound image showing subcutaneous tissue, facia, 4th rib, pleura, and SAM labeled on the screen."
"ImageCLEFmedical_Caption_2026_valid_2770","CT scan showing heart with labeled anatomical landmarks A through F."
"ImageCLEFmedical_Caption_2026_valid_2771","CT scan showing coronary artery with measured stenosis values of 3.60 mm, 3.10 mm, and 3.20 mm."
"ImageCLEFmedical_Caption_2026_valid_2772","Coronary artery with calcified plaque shown in cardiac CT scan."
"ImageCLEFmedical_Caption_2026_valid_2773","Coronal CT scan showing symmetrical bilateral maxillary sinus and nasal cavity anatomy with clear delineation of sinus walls and air-filled cavities."
"ImageCLEFmedical_Caption_2026_valid_2774","CT scan showing a cervical lymph node with arrow indicating abnormality."
"ImageCLEFmedical_Caption_2026_valid_2775","CT scan showing enlarged lymph node in cervical region indicated by arrow."
"ImageCLEFmedical_Caption_2026_valid_2776","Chest X-ray showing a patient with a large opacity in the right lung field, suggestive of a pulmonary mass or consolidation."
"ImageCLEFmedical_Caption_2026_valid_2777","Ultrasound image showing a fetal structure with blue and red arrows indicating specific anatomical features."
"ImageCLEFmedical_Caption_2026_valid_2778","Cardiomegaly with enlarged heart silhouette on chest X-ray."
"ImageCLEFmedical_Caption_2026_valid_2779","CT scan showing right lung with arrow indicating abnormality."
"ImageCLEFmedical_Caption_2026_valid_2780","CT scan showing cervical spine with measured dimensions of 2.83 cm and 4.40 cm."
"ImageCLEFmedical_Caption_2026_valid_2781","CT scan showing tracheal diameter of 1.58 cm at the level of the carina."
"ImageCLEFmedical_Caption_2026_valid_2782","CT scan showing thoracic cross-section with visible vertebrae, ribs, and surrounding soft tissues."
"ImageCLEFmedical_Caption_2026_valid_2783","Radiograph showing a child with a white arrow pointing to a region of increased opacity in the right upper lung field."
"ImageCLEFmedical_Caption_2026_valid_2784","Radiograph showing consolidation in the left lower lobe with a white arrow indicating the affected area."
"ImageCLEFmedical_Caption_2026_valid_2785","CT scan showing a pulmonary nodule in the left lung field, indicated by the arrow."
"ImageCLEFmedical_Caption_2026_valid_2786","CT scan showing pulmonary artery with arrow indicating a vascular structure."
"ImageCLEFmedical_Caption_2026_valid_2787","Radiograph showing increased opacity in the right lung field with a white arrow indicating the affected area."
"ImageCLEFmedical_Caption_2026_valid_2788","CT scan showing a small bowel obstruction with distension and a red arrow indicating a possible obstruction site."
"ImageCLEFmedical_Caption_2026_valid_2789","CT scan showing pelvic mass with arrow indicating lesion."
"ImageCLEFmedical_Caption_2026_valid_2790","CT scan showing intestinal obstruction with a red arrow indicating a dilated loop of bowel."
"ImageCLEFmedical_Caption_2026_valid_2791","PET-CT scan showing a metabolically active lesion in the mediastinum, indicated by the red arrow."
"ImageCLEFmedical_Caption_2026_valid_2792","MRI showing cardiac structures with highlighted regions indicating potential pathological areas."
"ImageCLEFmedical_Caption_2026_valid_2793","Axial MRI showing orbital fat signal intensity with arrow indicating lesion."
"ImageCLEFmedical_Caption_2026_valid_2794","CT scan showing abdominal cross-section with blue arrow indicating a suspected pathological lesion or mass in the left lower quadrant."
"ImageCLEFmedical_Caption_2026_valid_2795","CT scan showing a large, irregularly shaped mass in the left lower quadrant with a blue arrow pointing to it."
"ImageCLEFmedical_Caption_2026_valid_2796","CT scan axial view showing abdominal aorta with marked dilation and surrounding vascular structures."
"ImageCLEFmedical_Caption_2026_valid_2797","Ultrasound image showing layered tissue structures with a marked hypoechoic region."
"ImageCLEFmedical_Caption_2026_valid_2798","Coronary angiogram showing left anterior descending artery (LAD) with visible stenosis or obstruction."
"ImageCLEFmedical_Caption_2026_valid_2799","Brain CT scan showing symmetrical cerebral hemispheres with normal ventricular size and no apparent mass or hemorrhage."
"ImageCLEFmedical_Caption_2026_valid_2800","Brain CT scan showing symmetrical cerebral hemispheres with normal ventricular size and no apparent mass or hemorrhage."
"ImageCLEFmedical_Caption_2026_valid_2801","Adult echocardiogram showing 2D view with measured distances of 2.30 cm and 0.415 cm, indicating cardiac structure assessment."
"ImageCLEFmedical_Caption_2026_valid_2802","Thoracic CT scan showing cardiac silhouette and mediastinal structures."
"ImageCLEFmedical_Caption_2026_valid_2803","MRI brain scan showing cerebral hemispheres with red outline highlighting cortical region."
"ImageCLEFmedical_Caption_2026_valid_2804","Ultrasound image showing a hypoechoic structure with a red arrow indicating a potential lesion or abnormality in the abdominal region."
"ImageCLEFmedical_Caption_2026_valid_2805","Transvaginal ultrasound image showing fetal structures with marked measurements."
"ImageCLEFmedical_Caption_2026_valid_2806","Cerebellar lesion indicated by arrow on axial CT scan."
"ImageCLEFmedical_Caption_2026_valid_2807","Pelvic X-ray showing hip implants and a highlighted area of pelvic pathology."
"ImageCLEFmedical_Caption_2026_valid_2808","Echocardiogram showing cardiac structure with a yellow outline indicating a specific region of interest."
"ImageCLEFmedical_Caption_2026_valid_2809","Echocardiogram showing cardiac structure with annotated imaging planes and ECG trace below."
"ImageCLEFmedical_Caption_2026_valid_2810","CT scan showing liver with focal lesion and surrounding vascular structures."
"ImageCLEFmedical_Caption_2026_valid_2811","Posteroanterior chest radiograph of a child showing ribs, spine, and abdominal structures with a central radiopaque line likely representing a central line or tube."
"ImageCLEFmedical_Caption_2026_valid_2812","Transvaginal ultrasound image showing a dark, fluid-filled structure within the pelvic cavity."
"ImageCLEFmedical_Caption_2026_valid_2813","Ultrasound image showing abdominal region with marked hypoechoic area in left upper quadrant."
"ImageCLEFmedical_Caption_2026_valid_2814","Ultrasound image showing right upper quadrant abdominal organ with heterogeneous echotexture and visible internal structures."
"ImageCLEFmedical_Caption_2026_valid_2815","Fetal heart beat in utero ultrasound image"
"ImageCLEFmedical_Caption_2026_valid_2816","Transvaginal ultrasound image showing sagittal view of the uterus with heterogeneous echotexture and a visible endometrial cavity."
"ImageCLEFmedical_Caption_2026_valid_2817","Pelvic ultrasound image showing sagittal view of pelvic organs."
"ImageCLEFmedical_Caption_2026_valid_2818","Transvaginal ultrasound image showing a heterogeneous pelvic mass with irregular borders and mixed echogenicity."
"ImageCLEFmedical_Caption_2026_valid_2819","Pelvic ultrasound image showing pelvic sagittal view with grayscale tissue and fluid interfaces."
"ImageCLEFmedical_Caption_2026_valid_2820","Pelvic X-ray showing bilateral total hip replacements with arrow indicating right side."
"ImageCLEFmedical_Caption_2026_valid_2821","Radiograph showing hip replacement with arrow indicating implant position."
"ImageCLEFmedical_Caption_2026_valid_2822","CT scan showing a pulmonary nodule indicated by the arrow."
"ImageCLEFmedical_Caption_2026_valid_2823","Ultrasound image showing a fetal stomach region with labeled ""REG MESOGASTRO"" indicating the region of the mesogastrium."
"ImageCLEFmedical_Caption_2026_valid_2824","Panoramic radiograph showing dental arch with annotated landmarks and grayscale reference palette."
"ImageCLEFmedical_Caption_2026_valid_2825","MRI showing pelvic structures with labeled regions: RO, LO, and V."
"ImageCLEFmedical_Caption_2026_valid_2826","CT scan showing liver with multiple hypervascular lesions indicated by arrows and a star."
"ImageCLEFmedical_Caption_2026_valid_2827","Liver MRI showing multiple hyperechoic foci with arrows and a highlighted lesion marked by a star."
"ImageCLEFmedical_Caption_2026_valid_2828","Transvaginal ultrasound showing a dark, fluid-filled structure with surrounding tissue."
"ImageCLEFmedical_Caption_2026_valid_2829","Transvaginal ultrasound image showing uterine and adnexal structures with grayscale echotexture and depth markers."
"ImageCLEFmedical_Caption_2026_valid_2830","Angiographic image showing a catheter navigating through a vascular structure with visible contrast medium outlining the blood vessels."
"ImageCLEFmedical_Caption_2026_valid_2831","X-ray image showing a flexible endoscope with a catheter-like device navigating through the gastrointestinal tract."
"ImageCLEFmedical_Caption_2026_valid_2832","Transvaginal ultrasound image showing uterine cavity with endometrial lining and surrounding pelvic structures."
"ImageCLEFmedical_Caption_2026_valid_2833","Transvaginal ultrasound image showing a heterogeneous uterine cavity with irregular endometrial thickness and scattered hypoechoic areas."
"ImageCLEFmedical_Caption_2026_valid_2834","CT scan showing abdominal organs including liver, intestines, and kidneys in cross-section."
"ImageCLEFmedical_Caption_2026_valid_2835","CTA thorax showing enlarged cardiac silhouette with arrow indicating possible cardiomegaly."
"ImageCLEFmedical_Caption_2026_valid_2836","CTA Thorax showing heart with measurements 10.64 cm and 13.13 cm"
"ImageCLEFmedical_Caption_2026_valid_2837","Echocardiogram showing saline injection in the right atrium (RA) and left atrium (LA) with a probe indicating the injection site."
"ImageCLEFmedical_Caption_2026_valid_2838","Bronchial artery embolization with catheter placement indicated by red arrow."
"ImageCLEFmedical_Caption_2026_valid_2839","CT scan showing enlarged bowel loops with arrows indicating potential obstruction or distension."
"ImageCLEFmedical_Caption_2026_valid_2840","MRI showing a hepatic lesion with arrow indicating area of interest."
"ImageCLEFmedical_Caption_2026_valid_2841","CT scan showing liver with arrow pointing to focal lesion."
"ImageCLEFmedical_Caption_2026_valid_2842","CT scan showing abdominal aortic aneurysm with arrows indicating the aneurysmal dilation and a central cross mark highlighting the aorta."
"ImageCLEFmedical_Caption_2026_valid_2843","MRI showing pelvic mass with arrow indicating lesion."
"ImageCLEFmedical_Caption_2026_valid_2844","CT scan image with anatomical landmarks and measurement lines overlaid."
"ImageCLEFmedical_Caption_2026_valid_2845","MRI showing brain with arrow pointing to cerebellum and white arrow indicating brainstem structure"
"ImageCLEFmedical_Caption_2026_valid_2846","Endoscopic image showing clips and a stent (SEMS) placed in the gastrointestinal tract."
"ImageCLEFmedical_Caption_2026_valid_2847","CT scan showing airway obstruction with visible soft tissue swelling and potential foreign body in the tracheal region."
"ImageCLEFmedical_Caption_2026_valid_2848","Panoramic dental radiograph showing full dental arch with visible roots, crowns, and surrounding alveolar bone."
"ImageCLEFmedical_Caption_2026_valid_2849","Radiograph showing two teeth with visible root structures and surrounding alveolar bone."
"ImageCLEFmedical_Caption_2026_valid_2850","Panoramic dental X-ray showing full dental arch with visible teeth, jawbone, and surrounding structures."
"ImageCLEFmedical_Caption_2026_valid_2851","CT scan showing a large right-sided pneumothorax with visible lung collapse and mediastinal shift."
"ImageCLEFmedical_Caption_2026_valid_2852","CT scan showing pulmonary nodules with arrows indicating areas of abnormal lung tissue."
"ImageCLEFmedical_Caption_2026_valid_2853","PA chest X-ray showing left-sided pleural effusion with mediastinal shift and cardiomegaly."
"ImageCLEFmedical_Caption_2026_valid_2854","Ultrasound image showing stomach and a stent within the abdominal region."
"ImageCLEFmedical_Caption_2026_valid_2855","Ultrasound image showing stomach with a stent placed within it."
"ImageCLEFmedical_Caption_2026_valid_2856","CT scan showing pelvic region with highlighted hip bones and prostate labeled as ""Pros"""
"ImageCLEFmedical_Caption_2026_valid_2857","CT scan showing annotated aortic and cardiac structures with contrast enhancement."
"ImageCLEFmedical_Caption_2026_valid_2858","CT scan showing pelvic region with outlined prostate gland."
"ImageCLEFmedical_Caption_2026_valid_2859","CT scan showing annotated prostate region with surrounding structures at 120 kV."
"ImageCLEFmedical_Caption_2026_valid_2860","Axial brain MRI showing intracranial lesion with red and yellow arrows indicating regions of interest."
"ImageCLEFmedical_Caption_2026_valid_2861","CT scan showing a large gastric air-fluid level with a green arrow indicating a possible gastric perforation or obstruction."
"ImageCLEFmedical_Caption_2026_valid_2862","CT scan showing a mass in the mediastinum indicated by a red arrow."
"ImageCLEFmedical_Caption_2026_valid_2863","X-ray image of cervical spine with annotated measurements a, b, c, and X indicating spinal alignment and disc space."
"ImageCLEFmedical_Caption_2026_valid_2864","CT scan showing mandible with arrow indicating a lesion or abnormality."
"ImageCLEFmedical_Caption_2026_valid_2865","Cross-sectional CT scan of the oral cavity showing dental arch, surrounding soft tissue, and mandible with directional orientation markers."
"ImageCLEFmedical_Caption_2026_valid_2866","Panoramic radiograph showing dental roots and surrounding bone structure with visible radiopaque areas."
"ImageCLEFmedical_Caption_2026_valid_2867","Shoulder X-ray showing 138-degree angle at the acromioclavicular joint."
"ImageCLEFmedical_Caption_2026_valid_2868","Arrow indicates a fracture at the distal end of the tibia."
"ImageCLEFmedical_Caption_2026_valid_2869","Echocardiogram showing a large intracardiac mass with color Doppler flow, measuring 8.10 cm², consistent with a thrombus or tumor."
"ImageCLEFmedical_Caption_2026_valid_2870","Catheter and guidewire in cardiac anatomy with labeled structures A, B, and C."
"ImageCLEFmedical_Caption_2026_valid_2871","Axial brain MRI showing symmetric hyperintense lesions in the cerebral hemispheres, indicated by arrows."
"ImageCLEFmedical_Caption_2026_valid_2872","Brain CT scan showing symmetrical cerebral hemispheres with no obvious acute hemorrhage or mass lesion."
"ImageCLEFmedical_Caption_2026_valid_2873","Brain MRI showing symmetric hyperintense regions in the cerebral hemispheres, indicated by arrows."
"ImageCLEFmedical_Caption_2026_valid_2874","CT scan showing aortic dissection with arrows indicating the intimal flap and false lumen."
"ImageCLEFmedical_Caption_2026_valid_2875","CT scan showing mediastinal lymphadenopathy with yellow arrows indicating enlarged lymph nodes."
"ImageCLEFmedical_Caption_2026_valid_2876","Thoracic spine with visible vertebral bodies and intervertebral spaces, annotated with arrows indicating specific anatomical landmarks or potential abnormalities."
"ImageCLEFmedical_Caption_2026_valid_2877","Ultrasound image showing a thyroid nodule with measurement markers."
"ImageCLEFmedical_Caption_2026_valid_2878","Ultrasound image showing labeled muscles including Sartorius, Iliacus, and Internal Oblique with DCIA indicated."
"ImageCLEFmedical_Caption_2026_valid_2879","Pelvic X-ray showing a contrast-filled urinary tract with visible anatomical structures."
"ImageCLEFmedical_Caption_2026_valid_2880","Blade FLAIR MRI scan showing intracranial lesion with arrow indicating abnormality in left hemisphere."
"ImageCLEFmedical_Caption_2026_valid_2881","CT scan showing a small, bright, rounded structure in the pelvic region, indicated by a yellow arrow."
"ImageCLEFmedical_Caption_2026_valid_2882","CT scan showing a large abdominal aortic aneurysm indicated by the yellow arrow."
"ImageCLEFmedical_Caption_2026_valid_2883","Abdominal CT scan showing a liver lesion with measurements of 3.41 cm and 4.35 cm."
"ImageCLEFmedical_Caption_2026_valid_2884","Abdominal CT scan showing two renal masses measuring 1.71 cm and 1.63 cm with arrows indicating their locations."
"ImageCLEFmedical_Caption_2026_valid_2885","CT scan showing a large abdominal mass with arrow indicating the lesion."
"ImageCLEFmedical_Caption_2026_valid_2886","CT scan showing liver with arrow indicating lesion or abnormality"
"ImageCLEFmedical_Caption_2026_valid_2887","Heart MRI showing a 1.64 cm structure with arrow indication"
"ImageCLEFmedical_Caption_2026_valid_2888","Panoramic radiograph highlighting two maxillary molars with orange annotations and red curved guide."
"ImageCLEFmedical_Caption_2026_valid_2889","Radiograph showing a blurred shoulder and upper arm region with visible bone structure and surrounding soft tissue density."
"ImageCLEFmedical_Caption_2026_valid_2890","Ultrasound image showing hypoechoic structures with arrows indicating potential lesions or abnormalities in the thyroid gland."
"ImageCLEFmedical_Caption_2026_valid_2891","Echocardiogram showing cardiac structure with yellow contour highlighting ventricular wall in supine position."
"ImageCLEFmedical_Caption_2026_valid_2892","CT scan showing a large intraperitoneal mass with a red arrow indicating the lesion."
"ImageCLEFmedical_Caption_2026_valid_2893","CT scan showing a kidney with a red arrow indicating a lesion or abnormality."
"ImageCLEFmedical_Caption_2026_valid_2894","Intravenous urogram showing renal calculi and urinary tract obstruction with contrast medium distribution."
"ImageCLEFmedical_Caption_2026_valid_2895","CT scan showing a renal mass indicated by the arrow."
"ImageCLEFmedical_Caption_2026_valid_2896","CT scan showing a kidney with a blue arrow indicating a lesion or abnormality."
"ImageCLEFmedical_Caption_2026_valid_2897","Coronary angiogram showing vessel anatomy with superimposed ECG tracing indicating arrhythmia or ischemia."
"ImageCLEFmedical_Caption_2026_valid_2898","CT scan showing enlarged lymph nodes in mediastinum with arrows indicating abnormal lymphatic structures."
"ImageCLEFmedical_Caption_2026_valid_2899","CT scan showing abdominal organs with highlighted areas indicating potential pathology or anatomical landmarks."
"ImageCLEFmedical_Caption_2026_valid_2900","Radiograph showing a child's thoracic skeleton with visible ribs, vertebrae, and shoulder girdle; no significant abnormalities noted."
"ImageCLEFmedical_Caption_2026_valid_2901","Hip replacement joint x-ray showing implanted prosthesis in acetabulum and femur."
"ImageCLEFmedical_Caption_2026_valid_2902","Brain MRI showing symmetrical cortical folds and ventricular structures with no obvious focal lesions or atrophy."
"ImageCLEFmedical_Caption_2026_valid_2903","Posterior approach total hip arthroplasty with bilateral implants and screws visible."
"ImageCLEFmedical_Caption_2026_valid_2904","Hip replacement joint with implant visible in radiograph."
"ImageCLEFmedical_Caption_2026_valid_2905","CT scan showing liver with 13.6 cm lesion marked [3]"
"ImageCLEFmedical_Caption_2026_valid_2906","CT scan showing liver with measured dimensions of 10.24 cm and 13.60 cm."
"ImageCLEFmedical_Caption_2026_valid_2907","CT scan showing enlarged liver with arrow indicating mass and blue arrow pointing to portal vein thrombosis."
"ImageCLEFmedical_Caption_2026_valid_2908","CT scan showing a large abdominal aortic aneurysm indicated by the blue arrow."
"ImageCLEFmedical_Caption_2026_valid_2909","CT scan showing a large mass in the left upper quadrant with arrow indicating lesion."
"ImageCLEFmedical_Caption_2026_valid_2910","MRI brain showing hypothalamic structures with labeled mammary body, adenohypophysis, neurohypophysis, and infundibulum."
"ImageCLEFmedical_Caption_2026_valid_2911","Ultrasound image showing a pelvic organ with multiple red blood flow signals indicating active vascularization."
"ImageCLEFmedical_Caption_2026_valid_2912","Radiograph of a child's hand showing detailed bone structure including phalanges, metacarpals, and carpal bones."
"ImageCLEFmedical_Caption_2026_valid_2913","Axial CT scan showing lumbar spine with surrounding abdominal structures."
"ImageCLEFmedical_Caption_2026_valid_2914","Axial MRI scan showing liver with measured dimensions of 118mm and 57mm."
"ImageCLEFmedical_Caption_2026_valid_2915","CT scan showing a large abdominal mass with a blue arrow indicating the lesion."
"ImageCLEFmedical_Caption_2026_valid_2916","Radiograph showing two teeth with visible root canals and surrounding bone structure."
"ImageCLEFmedical_Caption_2026_valid_2917","CT scan showing a mass at the superior pole of the right kidney, indicated by the red arrow."
"ImageCLEFmedical_Caption_2026_valid_2918","CT scan showing heart, great vessels, and spinal column at thoracic level."
"ImageCLEFmedical_Caption_2026_valid_2919","Chest X-ray showing bilateral pulmonary infiltrates and cardiac enlargement with visible central line."
"ImageCLEFmedical_Caption_2026_valid_2920","CT scan showing a 39 mm cardiac mass in the mediastinum."
"ImageCLEFmedical_Caption_2026_valid_2921","Chest X-ray showing cardiomegaly with increased cardiac silhouette and mild bilateral lung opacities."
"ImageCLEFmedical_Caption_2026_valid_2922","Chest X-ray showing cardiac silhouette with measured distance of 70 mm between specified points."
"ImageCLEFmedical_Caption_2026_valid_2923","CT scan showing a pulmonary nodule in the right lung field."
"ImageCLEFmedical_Caption_2026_valid_2924","Brain MRI showing bilateral cerebellar hyperintensity with arrows indicating lesion locations."
"ImageCLEFmedical_Caption_2026_valid_2925","CT scan showing right parietal lobe hemorrhage indicated by yellow arrow."
"ImageCLEFmedical_Caption_2026_valid_2926","CT scan showing liver with multiple arrow-marked lesions."
"ImageCLEFmedical_Caption_2026_valid_2927","Panoramic radiograph showing multiple radiopaque lesions in the mandibular region."
"ImageCLEFmedical_Caption_2026_valid_2928","CT scan showing intestinal obstruction with distended bowel loops and air-fluid levels."
"ImageCLEFmedical_Caption_2026_valid_2929","Renal scan showing asymmetric uptake with prominent left kidney activity and reduced right kidney activity."
"ImageCLEFmedical_Caption_2026_valid_2930","CT scan showing cervical spine and surrounding structures at axial plane."
"ImageCLEFmedical_Caption_2026_valid_2931","CT scan showing abdominal cross-section with bowel loops, vertebral body, and surrounding soft tissues."
"ImageCLEFmedical_Caption_2026_valid_2932","CT scan showing maxillary sinus with measured dimensions and anatomical landmarks."
"ImageCLEFmedical_Caption_2026_valid_2933","CT scan axial view with color-coded anatomical regions: red for paraspinal muscle, pink for extracostal abdominal wall muscle, blue for intercostal muscle, yellow for rectus abdominis muscle, and green for psoas muscle and diaphragm."
"ImageCLEFmedical_Caption_2026_valid_2934","Ultrasound image showing a liver parenchymal lesion outlined in red with GT label indicating the lesion."
"ImageCLEFmedical_Caption_2026_valid_2935","Anterior shoulder radiograph showing joint space and bone alignment with labeled anatomical landmarks."
"ImageCLEFmedical_Caption_2026_valid_2936","Ultrasound image showing heterogeneous parenchymal tissue with scattered hypoechoic foci and a focal hyperechoic area."
"ImageCLEFmedical_Caption_2026_valid_2937","Endoscopic ultrasound image showing abdominal organ with echogenic structures and surrounding tissue."
"ImageCLEFmedical_Caption_2026_valid_2938","Ultrasound image from University of Minnesota showing mediastinal structure with 10MHz transducer settings and 4cm scale."
"ImageCLEFmedical_Caption_2026_valid_2939","Pulmonary infiltrates noted on chest X-ray."
"ImageCLEFmedical_Caption_2026_valid_2940","AP supine chest X-ray showing bilateral pulmonary infiltrates with arrows indicating areas of consolidation."
"ImageCLEFmedical_Caption_2026_valid_2941","CT scan showing lung consolidation with a red arrow indicating a region of increased opacity in the left lower lobe."
"ImageCLEFmedical_Caption_2026_valid_2942","Ultrasound image displaying Doppler flow data with velocity and time measurements, annotated with measurement points and a distance marker of 1.93 cm."
"ImageCLEFmedical_Caption_2026_valid_2943","Pneumonia with bilateral infiltrates indicated by arrow."
"ImageCLEFmedical_Caption_2026_valid_2944","Panoramic radiograph showing dental arch with arrows indicating impacted teeth."
"ImageCLEFmedical_Caption_2026_valid_2945","CT scan showing lumbar spine with labeled regions of interest indicating varying sizes and densities of surrounding soft tissue structures."
"ImageCLEFmedical_Caption_2026_valid_2946","Ultrasound image showing a hypoechoic lesion with a central dark area and a white arrow indicating a suspicious mass in the thyroid gland."
"ImageCLEFmedical_Caption_2026_valid_2947","Ultrasound image showing a thyroid nodule indicated by a white arrow."
"ImageCLEFmedical_Caption_2026_valid_2948","Radiograph showing multiple metallic implants and a large, air-filled structure in the lower abdomen, indicated by arrows."
"ImageCLEFmedical_Caption_2026_valid_2949","Echocardiogram showing cardiac structure with measured distance of 2.72 cm and heart rate of 71 bpm."
"ImageCLEFmedical_Caption_2026_valid_2950","Echocardiogram showing cardiac structure with 2D imaging, heart rate 71 bpm, and imaging parameters including 57 kHz frequency and 18 cm depth."
"ImageCLEFmedical_Caption_2026_valid_2951","Transvaginal ultrasound showing a uterine cavity with a hypoechoic lesion indicated by an arrow."
"ImageCLEFmedical_Caption_2026_valid_2952","Transvaginal ultrasound image showing a uterine cavity with two measured structures: 1.92 cm and 1.54 cm in length."
"ImageCLEFmedical_Caption_2026_valid_2953","CT scan showing bilateral lower abdominal masses indicated by arrows."
"ImageCLEFmedical_Caption_2026_valid_2954","CT scan showing a mass in the pelvic region, indicated by the red arrow."
"ImageCLEFmedical_Caption_2026_valid_2955","CT scan showing a large mass in the right lower lobe of the lung, indicated by the red arrow."
"ImageCLEFmedical_Caption_2026_valid_2956","Ultrasound image showing a hypoechoic lesion with a black arrow indicating a focal area of interest."
"ImageCLEFmedical_Caption_2026_valid_2957","MRI scan highlighting spinal region with circled area of interest."
"ImageCLEFmedical_Caption_2026_valid_2958","MRI scan highlighting cervical spine region with circled vertebral bodies."
"ImageCLEFmedical_Caption_2026_valid_2959","MRI showing spinal cord compression at cervical level with yellow arrow indicating lesion."
"ImageCLEFmedical_Caption_2026_valid_2960","Axial MRI showing cervical spine with yellow arrow indicating lesion or abnormality at C3-C4 level."
"ImageCLEFmedical_Caption_2026_valid_2961","MRI showing a pelvic mass with a yellow arrow indicating a lesion in the lower abdomen."
"ImageCLEFmedical_Caption_2026_valid_2962","MRI showing a mass in the pelvic region with an arrow indicating the lesion."
"ImageCLEFmedical_Caption_2026_valid_2963","Axial MRI image showing a bright signal lesion in the right upper quadrant with a yellow arrow indicating the area of interest."
"ImageCLEFmedical_Caption_2026_valid_2964","MRI showing brain and cervical spine with yellow arrow indicating spinal cord region."
"ImageCLEFmedical_Caption_2026_valid_2965","Ultrasound image showing a structure with multiple measurements and annotations, including a large dark area and a small bright region, with a scale bar on the left."
"ImageCLEFmedical_Caption_2026_valid_2966","CT scan showing a large mass in the pelvic region, indicated by the arrow, with surrounding anatomical structures visible."
"ImageCLEFmedical_Caption_2026_valid_2967","Cardiac catheterization image showing contrast-filled coronary arteries and guiding catheter."
"ImageCLEFmedical_Caption_2026_valid_2968","CT scan showing a large liver lesion indicated by a red arrow."
"ImageCLEFmedical_Caption_2026_valid_2969","Radiograph showing a foreign object in the mediastinum, indicated by a red arrow."
"ImageCLEFmedical_Caption_2026_valid_2970","PA chest X-ray showing a foreign object in the mediastinum, indicated by a red arrow."
"ImageCLEFmedical_Caption_2026_valid_2971","Ultrasound image showing a hypoechoic lesion with a white arrow indicating a suspicious area."
"ImageCLEFmedical_Caption_2026_valid_2972","Hip joint X-ray showing a surgical screw and plate fixation device."
"ImageCLEFmedical_Caption_2026_valid_2973","Anterior-posterior radiograph of the left hip and femur showing normal bony architecture with no evident fractures or dislocations."
"ImageCLEFmedical_Caption_2026_valid_2974","Anterior-posterior radiograph of left hip showing intramedullary nail and screw fixation."
"ImageCLEFmedical_Caption_2026_valid_2975","Postoperative pelvic X-ray showing left hip fracture with internal fixation device and screws."
"ImageCLEFmedical_Caption_2026_valid_2976","Sagittal ultrasound image of right scalp showing a hypoechoic lesion with associated color Doppler flow signal."
"ImageCLEFmedical_Caption_2026_valid_2977","Echocardiogram showing cardiac bubbles during imaging."
"ImageCLEFmedical_Caption_2026_valid_2978","Echocardiogram showing measured distances of 11.9 mm and 32.4 mm within the cardiac chamber."
"ImageCLEFmedical_Caption_2026_valid_2979","Arrow indicates intracranial hemorrhage on CT scan."
"ImageCLEFmedical_Caption_2026_valid_2980","Echocardiogram showing measured distances of 30.9 mm and 11.8 mm within the cardiac chamber."
"ImageCLEFmedical_Caption_2026_valid_2981","CT scan showing liver with arrow indicating lesion."
"ImageCLEFmedical_Caption_2026_valid_2982","CT scan showing a large intracranial mass with a white arrow indicating a region of interest."
"ImageCLEFmedical_Caption_2026_valid_2983","CT scan showing cardiac silhouette with indicated regions of interest and vascular structures."
"ImageCLEFmedical_Caption_2026_valid_2984","Posteroanterior chest X-ray showing symmetrical lung fields with no obvious infiltrates, cardiomegaly, or pneumothorax. Diaphragm and heart shadows are within normal limits. No visible fractures or significant calcifications."
"ImageCLEFmedical_Caption_2026_valid_2985","Brain MRI showing symmetrical cerebral hemispheres with normal gyri and sulci, intact ventricular system, and no obvious focal lesions or structural abnormalities."
"ImageCLEFmedical_Caption_2026_valid_2986","Hooked shaped stenotic celiac artery"
"ImageCLEFmedical_Caption_2026_valid_2987","CT scan showing the petrous part of the temporal bone with a red arrow indicating a lesion or abnormality in the region of the internal auditory canal."
"ImageCLEFmedical_Caption_2026_valid_2988","CT scan showing cervical spine and brain with arrows indicating anatomical structures."
"ImageCLEFmedical_Caption_2026_valid_2989","CT scan showing air-filled sinuses and soft tissue densities in the paranasal region with arrows indicating potential pathology."
"ImageCLEFmedical_Caption_2026_valid_2990","Ultrasound image showing liver with arrows indicating focal lesions."
"ImageCLEFmedical_Caption_2026_valid_2991","Abdominal CT scan showing contrast-enhanced renal and pelvic structures with visible vascular and parenchymal detail."
"ImageCLEFmedical_Caption_2026_valid_2992","Cardiomegaly with increased cardiac silhouette and reduced lung field clarity."
"ImageCLEFmedical_Caption_2026_valid_2993","Echocardiogram showing left ventricle (LV), right ventricle (RV), and left atrium (LA) with probe position indicated."
"ImageCLEFmedical_Caption_2026_valid_2994","Echocardiogram showing a large, hypoechoic mass in the left ventricle, indicated by the yellow arrow."
"ImageCLEFmedical_Caption_2026_valid_2995","Brain MRI showing a lesion in the left cerebral hemisphere indicated by an arrow."
"ImageCLEFmedical_Caption_2026_valid_2996","Brain MRI showing a lesion in the left cerebellum."
"ImageCLEFmedical_Caption_2026_valid_2997","CT scan showing pelvic organs with visible bowel loops and vertebral body at center."
"ImageCLEFmedical_Caption_2026_valid_2998","CT scan showing pelvic fracture with displaced fragments and associated soft tissue injury."
"ImageCLEFmedical_Caption_2026_valid_2999","Chest X-ray showing bilateral pulmonary opacities and possible consolidation in both lungs."
"ImageCLEFmedical_Caption_2026_valid_3000","CT scan showing liver with arrow indicating lesion and adjacent vascular structures."
"ImageCLEFmedical_Caption_2026_valid_3001","Axial CT scan showing a large pelvic mass with a central air-filled cavity, indicated by the red arrow."
"ImageCLEFmedical_Caption_2026_valid_3002","Lateral skull radiograph with anatomical landmarks labeled."
"ImageCLEFmedical_Caption_2026_valid_3003","Abdominal X-ray showing a child with visible intestinal gas patterns and no obvious foreign bodies or acute pathology."
"ImageCLEFmedical_Caption_2026_valid_3004","CT scan showing a large abdominal mass with surrounding bowel and pelvic structures."
"ImageCLEFmedical_Caption_2026_valid_3005","CT scan showing liver with multiple cystic lesions and surrounding structures."
"ImageCLEFmedical_Caption_2026_valid_3006","Ultrasound image of left eye showing retinal layer with labeled structures and measurements."
"ImageCLEFmedical_Caption_2026_valid_3007","MRI scan showing spinal canal with vertebral body and surrounding soft tissues."
"ImageCLEFmedical_Caption_2026_valid_3008","MRI scan of a knee joint showing bone and soft tissue structures."
"ImageCLEFmedical_Caption_2026_valid_3009","MRI of wrist joint showing detailed bone and soft tissue structures."
"ImageCLEFmedical_Caption_2026_valid_3010","X-ray of hand and wrist showing bone structure and alignment"
"ImageCLEFmedical_Caption_2026_valid_3011","Axial MRI of the foot showing bone and soft tissue structures with no apparent fractures or lesions."
"ImageCLEFmedical_Caption_2026_valid_3012","CT scan showing bilateral pulmonary nodules in the thoracic region."
"ImageCLEFmedical_Caption_2026_valid_3013","CT scan showing spinal alignment with marked vertebral deformity and adjacent soft tissue changes."
"ImageCLEFmedical_Caption_2026_valid_3014","CT scan showing a 6.8mm lesion in the thoracic region adjacent to the vertebral column."
"ImageCLEFmedical_Caption_2026_valid_3015","CT scan showing a lesion with average diameter of 3.25 mm, minimum diameter of 2.80 mm, maximum diameter of 3.81 mm, and area of 8.28 mm²."
"ImageCLEFmedical_Caption_2026_valid_3016","Anterior-posterior radiograph showing hip joint with acetabular and femoral head alignment, spine in center, and surrounding soft tissue shadows."
"ImageCLEFmedical_Caption_2026_valid_3017","Posteroanterior radiograph showing thoracic spine and bilateral shoulder girdle with visible rib cage and vertebral column."
"ImageCLEFmedical_Caption_2026_valid_3018","Radiographic view of a transparent marine invertebrate with internal skeletal structure and appendages visible."
"ImageCLEFmedical_Caption_2026_valid_3019","X-ray radiograph of a translucent ray with visible internal anatomy and skeletal structure against a black background."
"ImageCLEFmedical_Caption_2026_valid_3020","Radiographic view of a translucent marine organism with internal skeletal structure and appendages visible."
"ImageCLEFmedical_Caption_2026_valid_3021","Pleural effusion with bilateral fluid collection indicated by arrows."
"ImageCLEFmedical_Caption_2026_valid_3022","Radiograph showing a patient with a visible foreign object in the oral cavity, indicated by red and yellow arrows."
"ImageCLEFmedical_Caption_2026_valid_3023","Radiograph showing dental implant placement with surgical instrument visible in the oral cavity."
"ImageCLEFmedical_Caption_2026_valid_3024","CT scan showing a large intraluminal mass in the upper gastrointestinal tract, indicated by the yellow arrow."
"ImageCLEFmedical_Caption_2026_valid_3025","Left post-embolization radiograph showing contrast-filled embolic material in vascular structure."
"ImageCLEFmedical_Caption_2026_valid_3026","Left pre-embolization angiogram showing catheter and vascular anatomy"
"ImageCLEFmedical_Caption_2026_valid_3027","CT scan showing a large hepatic lesion with a yellow arrow indicating the area of interest."
"ImageCLEFmedical_Caption_2026_valid_3028","CT scan showing enlarged heart with arrow indicating cardiac enlargement."
"ImageCLEFmedical_Caption_2026_valid_3029","Echocardiogram showing thrombus tethered to tendyne valve within left atrium."
"ImageCLEFmedical_Caption_2026_valid_3030","Chest X-ray showing bilateral pulmonary infiltrates and mediastinal shift consistent with acute respiratory distress syndrome."
"ImageCLEFmedical_Caption_2026_valid_3031","Abdominal ultrasound image showing uterus with measurement of 11.68 cm."
"ImageCLEFmedical_Caption_2026_valid_3032","Radiograph of the right hand showing wrist and metacarpal bones with no obvious fractures or abnormalities."
"ImageCLEFmedical_Caption_2026_valid_3033","MRI scan showing placenta and urinary bladder in uterine region."
"ImageCLEFmedical_Caption_2026_valid_3034","T2-weighted MRI showing placenta with T2 dark band indicating amniotic fluid level"
"ImageCLEFmedical_Caption_2026_valid_3035","Ultrasound image showing placental invasion with thinned myometrium, heterogeneous placenta, and urinary bladder."
"ImageCLEFmedical_Caption_2026_valid_3036","Radiograph showing diffuse pulmonary opacities with arrow indicating area of consolidation."
"ImageCLEFmedical_Caption_2026_valid_3037","Ultrasound image showing a dark, irregularly shaped structure within a lighter, textured background."
"ImageCLEFmedical_Caption_2026_valid_3038","Ultrasound image showing perineal fascia layers including deep perineal fascia, Buck fascia, BSM, CS, and U."
"ImageCLEFmedical_Caption_2026_valid_3039","Arterial phase MRI showing a well-defined, enhancing lesion in the neck region with associated vascular structures."
"ImageCLEFmedical_Caption_2026_valid_3040","Radiograph showing a bone with a visible fracture line."
"ImageCLEFmedical_Caption_2026_valid_3041","Coronary angiogram showing patent vessel with no visible stenosis or blockage."
"ImageCLEFmedical_Caption_2026_valid_3042","Echocardiogram showing left ventricle with arrow indicating a structural abnormality."
"ImageCLEFmedical_Caption_2026_valid_3043","Coronary angiogram showing normal arterial anatomy with no visible stenosis or blockages."
"ImageCLEFmedical_Caption_2026_valid_3044","Ultrasound image showing two circumscribed lesions within the pelvic region."
"ImageCLEFmedical_Caption_2026_valid_3045","MRI showing cervical spine with yellow and red arrows indicating disc space narrowing and possible disc herniation."
"ImageCLEFmedical_Caption_2026_valid_3046","Brain CT showing multiple intracranial hemorrhages indicated by arrows."
"ImageCLEFmedical_Caption_2026_valid_3047","Brain MRI showing a focal lesion in the left cerebral hemisphere."
"ImageCLEFmedical_Caption_2026_valid_3048","Ultrasound image showing a hypoechoic lesion with irregular borders and posterior shadowing, indicated by a yellow dotted outline and a white arrow."
"ImageCLEFmedical_Caption_2026_valid_3049","Ultrasound image showing a hypoechoic lesion with a yellow dotted outline and a white arrow indicating its location."
"ImageCLEFmedical_Caption_2026_valid_3050","MRI scan showing red-highlighted tumor region within a circular boundary."
"ImageCLEFmedical_Caption_2026_valid_3051","Pancreatic ductal imaging showing a focal obstruction indicated by the red arrow."
"ImageCLEFmedical_Caption_2026_valid_3052","CT scan showing abdominal aorta with arrow indicating aneurysm and star marking a nearby structure."
"ImageCLEFmedical_Caption_2026_valid_3053","Angiographic image showing coronary artery with catheter and contrast medium highlighting vessel anatomy."
"ImageCLEFmedical_Caption_2026_valid_3054","Cardiac CT scan showing a 7.5mm lesion at 41.4 degrees angle."
"ImageCLEFmedical_Caption_2026_valid_3055","CT scan showing multiple hepatic lesions indicated by yellow arrows."
"ImageCLEFmedical_Caption_2026_valid_3056","Abdominal CT scan showing a large mass in the retroperitoneal space with a blue arrow indicating a focal area of interest near the spine."
"ImageCLEFmedical_Caption_2026_valid_3057","Ultrasound image showing a hypoechoic lesion with an arrow indicating a suspicious mass in the thyroid gland."
"ImageCLEFmedical_Caption_2026_valid_3058","Ultrasound image showing a hypoechoic lesion with posterior shadowing indicated by a blue arrow."
"ImageCLEFmedical_Caption_2026_valid_3059","Mammogram showing two marked lesions in the left breast (L MLO view) and one in the right breast (R MLO view)."
"ImageCLEFmedical_Caption_2026_valid_3060","CT scan showing right lower lobe consolidation and left lower lobe air trapping indicated by arrows."
"ImageCLEFmedical_Caption_2026_valid_3061","MRI scan showing cardiac structures with annotated regions and associated imaging metrics."
"ImageCLEFmedical_Caption_2026_valid_3062","PET scan showing multiple metastatic lesions in the abdomen and pelvis, indicated by arrows."
"ImageCLEFmedical_Caption_2026_valid_3063","CT scan showing pelvic region with yellow arrow indicating a foreign body or lesion within the pelvic cavity."
"ImageCLEFmedical_Caption_2026_valid_3064","CT scan showing pelvic structures with highlighted urinary tract abnormalities."
"ImageCLEFmedical_Caption_2026_valid_3065","Cerebral hemorrhage with mass effect indicated by arrow."
"ImageCLEFmedical_Caption_2026_valid_3066","Ultrasound image of the left deltoid muscle with labeled anatomical regions."
"ImageCLEFmedical_Caption_2026_valid_3067","Ultrasound image showing thyroid gland with labeled structures including a hypoechoic nodule and surrounding tissue."
"ImageCLEFmedical_Caption_2026_valid_3068","Ultrasound image showing a pelvic structure with three labeled regions and a measurement line indicating depth."
"ImageCLEFmedical_Caption_2026_valid_3069","CT scan showing bilateral pulmonary consolidation with ground-glass opacities and interstitial infiltrates."
"ImageCLEFmedical_Caption_2026_valid_3070","Spinal MRI showing vertebral bodies and spinal cord with no obvious structural abnormalities."
"ImageCLEFmedical_Caption_2026_valid_3071","Ultrasound image showing a circular region highlighting a structure within the abdominal cavity."
"ImageCLEFmedical_Caption_2026_valid_3072","MRI scan of knee joint showing ligament and cartilage structures with diagnostic overlay lines."
"ImageCLEFmedical_Caption_2026_valid_3073","MRI scan of the knee joint showing joint space, menisci, and surrounding soft tissues."
"ImageCLEFmedical_Caption_2026_valid_3074","Barium study showing distended colon with a prominent obstruction at the midline."
"ImageCLEFmedical_Caption_2026_valid_3075","Coronal MRI of the brain showing normal cerebral anatomy with no visible lesions or abnormalities."
"ImageCLEFmedical_Caption_2026_valid_3076","Abdominal MRI showing bilateral renal masses with central cystic areas and surrounding vascular structures."
"ImageCLEFmedical_Caption_2026_valid_3077","Echocardiogram showing a mass in the left atrium with multiple blue markers indicating its location and extent."
"ImageCLEFmedical_Caption_2026_valid_3078","Echocardiogram showing pericardial effusion with labeled fluid collection."
"ImageCLEFmedical_Caption_2026_valid_3079","Radiograph of bilateral knee joints with measurement arrow indicating distance between joints."
"ImageCLEFmedical_Caption_2026_valid_3080","X-ray of bilateral feet showing ankle and foot bones with marked alignment arrow between right and left feet."
"ImageCLEFmedical_Caption_2026_valid_3081","Echocardiogram showing left ventricular dimensions and function with measurements including LV mass and ejection fraction."
"ImageCLEFmedical_Caption_2026_valid_3082","Brain MRI showing bilateral cerebellar hyperintensity on T2-weighted sequence."
"ImageCLEFmedical_Caption_2026_valid_3083","Echocardiogram showing bubble study with cardiac rhythm and patient vital signs displayed."
"ImageCLEFmedical_Caption_2026_valid_3084","CT scan showing multiple abdominal masses indicated by arrows."
"ImageCLEFmedical_Caption_2026_valid_3085","CT scan showing a large intraluminal mass in the left lower quadrant with a white arrow indicating the lesion."
"ImageCLEFmedical_Caption_2026_valid_3086","Abdominal CT scan showing liver and round ligament with multiple arrows indicating anatomical landmarks."
"ImageCLEFmedical_Caption_2026_valid_3087","CT scan showing a large abdominal mass with surrounding inflammation and bowel obstruction."
"ImageCLEFmedical_Caption_2026_valid_3088","Endoscopic view showing a flexible instrument with two arrows indicating areas of interest within the gastrointestinal tract."
"ImageCLEFmedical_Caption_2026_valid_3089","Pelvic CT scan showing enlarged prostate with surrounding pelvic structures."
"ImageCLEFmedical_Caption_2026_valid_3090","CT scan showing pelvic anatomy with annotated measurements of 1.67 cm and 1.20 cm."
"ImageCLEFmedical_Caption_2026_valid_3091","CT scan showing pelvic cross-sectional view with measured distances between anatomical landmarks."
"ImageCLEFmedical_Caption_2026_valid_3092","CT scan showing bilateral lung nodules indicated by arrows."
"ImageCLEFmedical_Caption_2026_valid_3093","Brain CT scan showing a small area of hyperdensity in the right hemisphere."
"ImageCLEFmedical_Caption_2026_valid_3094","Radiograph showing a child with visible rib cage, spine, and a central tube or line running down the chest."
"ImageCLEFmedical_Caption_2026_valid_3095","Thoracic CT scan showing bilateral lung fields with prominent pulmonary nodules and central airway structures."
"ImageCLEFmedical_Caption_2026_valid_3096","Posterior-anterior chest X-ray showing symmetrical lung fields with no obvious opacities or pleural effusions."
"ImageCLEFmedical_Caption_2026_valid_3097","Ultrasound image showing a hypoechoic structure with two arrows indicating a possible thyroid nodule or lesion."
"ImageCLEFmedical_Caption_2026_valid_3098","Brain MRI showing a lesion in the right cerebral hemisphere."
"ImageCLEFmedical_Caption_2026_valid_3099","Axial MRI showing cerebellar lesion with arrow indicating abnormality."
"ImageCLEFmedical_Caption_2026_valid_3100","Cerebral hemorrhage in the right cerebral hemisphere as shown on non-contrast CT scan."
"ImageCLEFmedical_Caption_2026_valid_3101","Cerebral angiogram showing bilateral cerebral vasculature with labeled regions RPF and LAH."
"ImageCLEFmedical_Caption_2026_valid_3102","Brain MRI showing a bright lesion in the right cerebral hemisphere."
"ImageCLEFmedical_Caption_2026_valid_3103","CT scan showing pelvic bones with arrow indicating a lesion or abnormality in the right hip region."
"ImageCLEFmedical_Caption_2026_valid_3104","CT scan showing a bone lesion in the right femur with an arrow indicating the area of abnormality."
"ImageCLEFmedical_Caption_2026_valid_3105","Pelvic X-ray showing hip joint with arrow indicating lesion or abnormality in right femoral head."
"ImageCLEFmedical_Caption_2026_valid_3106","Pelvic X-ray showing bilateral hip joint abnormalities with arrow indicating pathology."
"ImageCLEFmedical_Caption_2026_valid_3107","Right-sided pleural effusion with mediastinal shift and cardiac silhouette compression."
"ImageCLEFmedical_Caption_2026_valid_3108","Right-sided pleural effusion with marked opacity and shift of mediastinum to the left."
"ImageCLEFmedical_Caption_2026_valid_3109","Cardiac MRI showing heart anatomy with surrounding vascular structures."
"ImageCLEFmedical_Caption_2026_valid_3110","Angiographic image showing a coronary artery with a stent deployment, indicated by the yellow contour and measurement data."
"ImageCLEFmedical_Caption_2026_valid_3111","Echocardiogram showing left atrial appendage (LAA) after 6 weeks of apixaban therapy, with annotated structures including the left atrial appendage and left atrial posterior wall."
"ImageCLEFmedical_Caption_2026_valid_3112","Color Doppler ultrasound image showing pulmonary artery branches with MPA, RPA, PDA, and LPA labeled."
"ImageCLEFmedical_Caption_2026_valid_3113","CT scan showing a large intraperitoneal abscess with surrounding inflammation and a yellow arrow indicating a localized area of concern."
"ImageCLEFmedical_Caption_2026_valid_3114","CT scan showing pelvic region with arrows indicating suspected lesion or abnormality in the central pelvic area."
"ImageCLEFmedical_Caption_2026_valid_3115","CT scan showing pelvic organs with a large gas-filled structure and surrounding fluid collection."
"ImageCLEFmedical_Caption_2026_valid_3116","Abdominal MRI showing liver, gallbladder, and surrounding vessels with labeled anatomical structures including SMA, SMV, IVC, and AA."
"ImageCLEFmedical_Caption_2026_valid_3117","CT scan showing a renal mass with arrow indicating possible renal cell carcinoma."
"ImageCLEFmedical_Caption_2026_valid_3118","CT scan showing liver with arrow indicating lesion, labeled structures include IVC, AA, PM, SB, DC."
"ImageCLEFmedical_Caption_2026_valid_3119","MRI image of the hepatopancreatic region showing labeled anatomical structures including common bile duct, pancreatic duct, hepatic portal vein, and surrounding organs."
"ImageCLEFmedical_Caption_2026_valid_3120","Abdominal CT scan showing pancreatic duct (PH) with dilatation, surrounded by liver (D), spleen (SB), and kidneys (RK, LK), with arrow indicating ductal dilation."
"ImageCLEFmedical_Caption_2026_valid_3121","CT scan showing cervical spine with red arrow indicating a lesion or abnormality in the cervical region."
"ImageCLEFmedical_Caption_2026_valid_3122","Echocardiogram showing enlarged heart with measured dimension and heart rate of 72 bpm."
"ImageCLEFmedical_Caption_2026_valid_3123","Echocardiogram showing aortic and mitral regurgitation with color Doppler flow patterns and labeled valve structures."
"ImageCLEFmedical_Caption_2026_valid_3124","Mammogram showing a small radiopaque lesion indicated by a yellow arrow in the breast tissue."
"ImageCLEFmedical_Caption_2026_valid_3125","Ultrasound image showing a hypoechoic lesion with a defined border and posterior shadowing, indicated by the yellow arrow."
"ImageCLEFmedical_Caption_2026_valid_3126","Ultrasound image showing a large, hypoechoic mass with posterior acoustic shadowing, indicated by the yellow arrow."
"ImageCLEFmedical_Caption_2026_valid_3127","Ultrasound image showing a large hypoechoic mass with internal echoes and scattered small red and blue markers, indicated by a yellow arrow."
"ImageCLEFmedical_Caption_2026_valid_3128","CT scan showing a renal mass with arrow indicating lesion in the left kidney."
"ImageCLEFmedical_Caption_2026_valid_3129","CT scan showing a large bowel obstruction with air-fluid levels and dilated bowel loops."
"ImageCLEFmedical_Caption_2026_valid_3130","MRI scan showing pelvic region with arrow indicating lesion or abnormality in the left hip area."
"ImageCLEFmedical_Caption_2026_valid_3131","Ultrasound image showing a dark, fluid-filled structure with surrounding tissue and echogenic boundaries."
"ImageCLEFmedical_Caption_2026_valid_3132","CT scan showing a pulmonary embolus indicated by the yellow arrow."
"ImageCLEFmedical_Caption_2026_valid_3133","CT scan showing a pulmonary nodule in the left lower lobe indicated by the blue arrow."
"ImageCLEFmedical_Caption_2026_valid_3134","PET scan showing multiple hot spots in the thoracic region indicating areas of high metabolic activity."
"ImageCLEFmedical_Caption_2026_valid_3135","CT scan showing liver with multiple focal lesions and heart in thoracic region."
"ImageCLEFmedical_Caption_2026_valid_3136","CT scan showing bilateral lung fields with visible bronchial tree and mediastinum."
"ImageCLEFmedical_Caption_2026_valid_3137","CT scan showing large pelvic mass with surrounding tissue involvement and adjacent structures."
"ImageCLEFmedical_Caption_2026_valid_3138","CT scan showing a large abdominal mass with a green arrow indicating the lesion."
"ImageCLEFmedical_Caption_2026_valid_3139","Transvaginal ultrasound showing a vascular hypoechoic mass with endometrial thickness of 30.18mm."
"ImageCLEFmedical_Caption_2026_valid_3140","Renal artery and vein imaging showing renal parenchyma and surrounding structures."
"ImageCLEFmedical_Caption_2026_valid_3141","Renal stone with associated obstruction and dilatation of the ureter indicated by arrow."
"ImageCLEFmedical_Caption_2026_valid_3142","Echocardiogram showing cardiac structure with measured depth markers."
"ImageCLEFmedical_Caption_2026_valid_3143","Echocardiogram image displaying cardiac structure with measurement markers and waveform trace."
"ImageCLEFmedical_Caption_2026_valid_3144","Radiograph of a pediatric patient showing rib cage and spine with an 'R' marker indicating the right side."
"ImageCLEFmedical_Caption_2026_valid_3145","Heart MRI showing enlarged left ventricle with arrow indicating regional thickening or dilation."
"ImageCLEFmedical_Caption_2026_valid_3146","Arrow indicates a cardiac mass."
"ImageCLEFmedical_Caption_2026_valid_3147","CT scan showing enlarged liver with arrow indicating focal lesion and portal vein thrombosis."
"ImageCLEFmedical_Caption_2026_valid_3148","Echocardiogram showing aortic valve with arrow indicating possible stenosis or regurgitation."
"ImageCLEFmedical_Caption_2026_valid_3149","CT scan showing a mass in the mediastinum with a white arrow pointing to a region of interest along the spine."
"ImageCLEFmedical_Caption_2026_valid_3150","Posteroanterior chest X-ray showing symmetrical lung fields with no evident consolidation or pleural effusion; normal cardiac silhouette and rib cage alignment."
"ImageCLEFmedical_Caption_2026_valid_3151","CT scan showing liver with arrow indicating lesion."
"ImageCLEFmedical_Caption_2026_valid_3152","CT scan showing a liver lesion indicated by a red arrow."
"ImageCLEFmedical_Caption_2026_valid_3153","Thoracic CT scan showing bilateral lung fields with visible bronchial tree and mediastinal structures."
"ImageCLEFmedical_Caption_2026_valid_3154","Abdominal CT scan showing liver, spleen, and spinal column in cross-section."
"ImageCLEFmedical_Caption_2026_valid_3155","Arrow indicates a renal mass."
"ImageCLEFmedical_Caption_2026_valid_3156","Radiograph of left wrist showing a surgical plate and screw fixation device."
"ImageCLEFmedical_Caption_2026_valid_3157","Thoracic CT scan showing heart and great vessels in axial view."
"ImageCLEFmedical_Caption_2026_valid_3158","Arrow indicates a lesion in the mediastinum on MRI."
"ImageCLEFmedical_Caption_2026_valid_3159","Thoracic CT scan showing enlarged heart with surrounding mediastinal structures."
"ImageCLEFmedical_Caption_2026_valid_3160","CT scan showing cardiac silhouette with visible mediastinal structures and surrounding thoracic cavity."
"ImageCLEFmedical_Caption_2026_valid_3161","Thoracic CT scan showing mediastinal structures with suspected vascular or airway abnormalities."
"ImageCLEFmedical_Caption_2026_valid_3162","Panoramic dental radiograph showing full dental arch with visible teeth and surrounding alveolar bone structure."
"ImageCLEFmedical_Caption_2026_valid_3163","Echocardiogram showing cardiac chambers and structures with labeled regions A, B, C, and D."
"ImageCLEFmedical_Caption_2026_valid_3164","MRI showing uterine leiomyoma with arrows indicating lesion boundaries and star marking central region."
"ImageCLEFmedical_Caption_2026_valid_3165","MRI scan highlighting three distinct regions within the pelvic cavity."
"ImageCLEFmedical_Caption_2026_valid_3166","CT scan showing liver with arrow indicating a lesion."
"ImageCLEFmedical_Caption_2026_valid_3167","Brain CT scan showing a hypodense lesion in the left cerebellar hemisphere, indicated by the arrow."
"ImageCLEFmedical_Caption_2026_valid_3168","Coronal MRI of the brain showing normal cortical and subcortical structures with no evident lesions or abnormalities."
"ImageCLEFmedical_Caption_2026_valid_3169","Axial brain MRI showing normal cerebral structures with no apparent lesions or abnormalities."
"ImageCLEFmedical_Caption_2026_valid_3170","CT scan showing a 76.1 mm liver lesion with central necrosis and surrounding inflammatory changes."
"ImageCLEFmedical_Caption_2026_valid_3171","Abdominal CT scan showing a 108.6 mm diameter lesion in the liver region."
"ImageCLEFmedical_Caption_2026_valid_3172","Angiographic image showing coronary artery with visible stenosis and catheter placement."
"ImageCLEFmedical_Caption_2026_valid_3173","Angiogram showing coronary artery with stent placement and contrast dye visualization."
"ImageCLEFmedical_Caption_2026_valid_3174","CT scan showing abdominal organs with visible bowel loops and surrounding structures."
"ImageCLEFmedical_Caption_2026_valid_3175","CT scan showing abdominal organs with visible bowel loops and surrounding structures."
"ImageCLEFmedical_Caption_2026_valid_3176","CT scan showing liver with focal lesion and surrounding abdominal structures."
"ImageCLEFmedical_Caption_2026_valid_3177","Abdominal CT scan showing liver, intestines, and surrounding structures with contrast enhancement."
"ImageCLEFmedical_Caption_2026_valid_3178","Brain MRI showing a lesion at the base of the brain indicated by a yellow arrow."
"ImageCLEFmedical_Caption_2026_valid_3179","X-ray of right foot showing osteochondroma at the proximal aspect of the calcaneus."
"ImageCLEFmedical_Caption_2026_valid_3180","Weight bearing radiograph of right foot ankle showing osteochondral lesion of the talus indicated by red arrow."
"ImageCLEFmedical_Caption_2026_valid_3181","CT scan showing thoracic cross-section with liver, heart, and vertebral column visible."
"ImageCLEFmedical_Caption_2026_valid_3182","Abdominal CT scan showing kidneys, spine, and surrounding structures."
"ImageCLEFmedical_Caption_2026_valid_3183","Abdominal CT scan showing liver, kidneys, and spinal column with normal anatomical structures."
"ImageCLEFmedical_Caption_2026_valid_3184","Abdominal CT scan showing pelvic organs and spinal column in cross-section."
"ImageCLEFmedical_Caption_2026_valid_3185","Ultrasound image showing thyroid gland with measured distances of 3.0mm and 5.9mm, indicating potential nodular or structural abnormalities."
"ImageCLEFmedical_Caption_2026_valid_3186","CT scan showing sinusitis with opacification of the nasal sinuses and surrounding bone changes."
"ImageCLEFmedical_Caption_2026_valid_3187","Color Doppler ultrasound image highlighting left main trunk (LMT) with velocity gradient indicated by color scale."
"ImageCLEFmedical_Caption_2026_valid_3188","CT scan showing a rectangular region of interest within the skull, surrounded by bone and soft tissue structures."
"ImageCLEFmedical_Caption_2026_valid_3189","CT scan showing a mass in the left parotid gland region indicated by the red arrow."
"ImageCLEFmedical_Caption_2026_valid_3190","CT scan showing intracranial hemorrhage with red arrow indicating lesion."
"ImageCLEFmedical_Caption_2026_valid_3191","T2 axial MRI showing enlarged right pituitary gland"
"ImageCLEFmedical_Caption_2026_valid_3192","Pneumonia with bilateral infiltrates and mediastinal shift."
"ImageCLEFmedical_Caption_2026_valid_3193","Pleural effusion with bilateral lung opacities and mediastinal shift."
"ImageCLEFmedical_Caption_2026_valid_3194","Radiographic image of tooth with annotated measurements including CEJ, IFP, IET, IEPD, and 5mmP with distances marked in millimeters."
"ImageCLEFmedical_Caption_2026_valid_3195","CT scan showing heart with arrow indicating aortic root region."
"ImageCLEFmedical_Caption_2026_valid_3196","Echocardiogram showing atrial septal defect with red and white arrows indicating anatomical landmarks."
"ImageCLEFmedical_Caption_2026_valid_3197","X-ray of left shoulder with surgical hardware in place"
"ImageCLEFmedical_Caption_2026_valid_3198","Left shoulder joint with visible subacromial space narrowing and possible impingement sign indicated by arrow."
"ImageCLEFmedical_Caption_2026_valid_3199","X-ray showing left shoulder with fracture and internal fixation hardware."
"ImageCLEFmedical_Caption_2026_valid_3200","Liver with focal lesion indicated by arrow."
"ImageCLEFmedical_Caption_2026_valid_3201","CT scan showing spinal cord with red and blue arrows indicating anatomical landmarks."
"ImageCLEFmedical_Caption_2026_valid_3202","CT scan showing mediastinal mass with vascular invasion indicated by red arrows."
"ImageCLEFmedical_Caption_2026_valid_3203","Intravenous urography showing contrast-filled urinary tract with visible ureteral catheter."
"ImageCLEFmedical_Caption_2026_valid_3204","Contrast-enhanced radiographic image showing a slender catheter navigating through the abdominal cavity, with visible loops of bowel and a labeled ""LEFT"" orientation marker."
"ImageCLEFmedical_Caption_2026_valid_3205","Angiographic image showing a catheter navigating through the left renal artery with visible contrast medium outlining the vascular structure."
"ImageCLEFmedical_Caption_2026_valid_3206","Echocardiogram showing enlarged left ventricle with measured diameter of 4.35 cm, labeled right ventricle (RV), left ventricle (LV), and right atrium (RA)."
"ImageCLEFmedical_Caption_2026_valid_3207","Radiograph showing a dog with a foreign object in the oral cavity, indicated by the arrow."
"ImageCLEFmedical_Caption_2026_valid_3208","Radiograph showing a child with a visible arrow pointing to the cervical spine region, with medical wires and tubing present."
"ImageCLEFmedical_Caption_2026_valid_3209","Lateral radiograph of the head and neck showing skull, cervical spine, and mandible with dental outlines and measurement lines."
"ImageCLEFmedical_Caption_2026_valid_3210","Ultrasound image of the right thyroid inferior pole showing a hypoechoic lesion with blue arrows indicating area of interest."
"ImageCLEFmedical_Caption_2026_valid_3211","Axial CT scan showing abdominal cross-section with central spinal column and surrounding soft tissue structures."
"ImageCLEFmedical_Caption_2026_valid_3212","Brain CT scan showing ventricular dilation and possible hydrocephalus."
"ImageCLEFmedical_Caption_2026_valid_3213","Echocardiogram showing cardiac structure with labeled anatomical landmarks."
"ImageCLEFmedical_Caption_2026_valid_3214","PET-CT scan showing high metabolic activity in liver and kidneys, indicating potential malignancy or infection."
"ImageCLEFmedical_Caption_2026_valid_3215","Thoracic CT scan showing pulmonary consolidation and air trapping in the right lung."
"ImageCLEFmedical_Caption_2026_valid_3216","Maxillofacial CT scan showing dental and alveolar bone structures with clear anatomical delineation."
"ImageCLEFmedical_Caption_2026_valid_3217","Cross-sectional CT scan of the mandible showing dental arch with labeled anatomical landmark S.4."
"ImageCLEFmedical_Caption_2026_valid_3218","Ultrasound image showing a hypoechoic structure with surrounding tissue layers."
"ImageCLEFmedical_Caption_2026_valid_3219","CT scan showing liver with arrow indicating focal lesion"
"ImageCLEFmedical_Caption_2026_valid_3220","CT scan showing a 20 mm lesion in the upper abdomen near the liver and stomach."
"ImageCLEFmedical_Caption_2026_valid_3221","MRI showing joint effusion with arrow indicating fluid collection."
"ImageCLEFmedical_Caption_2026_valid_3222","Root canal radiograph showing two teeth with visible root canals and surrounding bone structure."
"ImageCLEFmedical_Caption_2026_valid_3223","MRI showing spinal cord with red arrow indicating lesion or abnormality."
"ImageCLEFmedical_Caption_2026_valid_3224","MRI of thoracic spine showing vertebral levels T9 to T12 with a red arrow indicating a lesion at T11 level."
"ImageCLEFmedical_Caption_2026_valid_3225","T10 vertebral level with central lesion indicated by arrow."
"ImageCLEFmedical_Caption_2026_valid_3226","Echocardiogram image with measurement lines A, B, and C indicating cardiac structures."
"ImageCLEFmedical_Caption_2026_valid_3227","Ultrasonic image showing multiple cystic structures with arrows indicating different regions of interest."
"ImageCLEFmedical_Caption_2026_valid_3228","Ultrasound image showing a pelvic organ with two blue arrows indicating potential lesions or abnormalities."
"ImageCLEFmedical_Caption_2026_valid_3229","Abdominal CT scan showing enlarged liver with surrounding vascular structures and intestinal loops."
"ImageCLEFmedical_Caption_2026_valid_3230","Axial CT scan showing bilateral iliac bones and surrounding soft tissues with no apparent fractures or abnormalities."
"ImageCLEFmedical_Caption_2026_valid_3231","Axial CT scan showing pelvic bones and surrounding soft tissues with symmetrical bilateral structures."
"ImageCLEFmedical_Caption_2026_valid_3232","CT scan showing anatomical structures with overlaid contour regions for clinical analysis."
"ImageCLEFmedical_Caption_2026_valid_3233","CT scan showing pulmonary nodule with red arrow and mediastinal lymphadenopathy indicated by green arrow."
"ImageCLEFmedical_Caption_2026_valid_3234","PET-CT scan showing metabolic activity in thoracic and abdominal regions with arrows indicating areas of increased uptake."
"ImageCLEFmedical_Caption_2026_valid_3235","PET scan showing multiple focal areas of increased metabolic activity indicated by red and green arrows."
"ImageCLEFmedical_Caption_2026_valid_3236","MRI of cervical spine showing vertebral body lesion indicated by red arrow."
"ImageCLEFmedical_Caption_2026_valid_3237","CT scan showing a mass in the upper abdomen, indicated by the red arrow."
"ImageCLEFmedical_Caption_2026_valid_3238","Ultrasound image showing a hypoechoic structure with a white arrow indicating a lesion or abnormality in the thyroid gland region."
"ImageCLEFmedical_Caption_2026_valid_3239","CT scan showing enlarged lymph nodes in the neck region."
"ImageCLEFmedical_Caption_2026_valid_3240","CT scan showing a mass in the pelvic region with arrow indicating lesion."
"ImageCLEFmedical_Caption_2026_valid_3241","Transvaginal ultrasound image showing uterine cavity with two measured diameters: 33.03 mm and 34.60 mm."
"ImageCLEFmedical_Caption_2026_valid_3242","Ultrasound image showing heterogeneous pelvic organ with mixed echogenicity and fluid-filled structures."
"ImageCLEFmedical_Caption_2026_valid_3243","CT angiogram showing a prominent abdominal aorta with a visible aneurysm and surrounding vascular structures."
"ImageCLEFmedical_Caption_2026_valid_3244","CT scan showing pelvic mass with arrow indicating lesion."
"ImageCLEFmedical_Caption_2026_valid_3245","CT scan showing a 32 x 11 mm renal lesion with associated perinephric fat stranding."
"ImageCLEFmedical_Caption_2026_valid_3246","Thoracic CT scan showing pulmonary structures with no obvious abnormalities."
"ImageCLEFmedical_Caption_2026_valid_3247","CT scan showing spinal vertebrae with surrounding soft tissue abnormalities highlighted in purple and orange."
"ImageCLEFmedical_Caption_2026_valid_3248","CT scan showing pulmonary consolidation with arrows indicating affected lung regions."
"ImageCLEFmedical_Caption_2026_valid_3249","Echocardiogram showing a large intracardiac mass with heterogeneous echotexture."
"ImageCLEFmedical_Caption_2026_valid_3250","Pneumonia with consolidation in the right lung field on chest radiograph."
"ImageCLEFmedical_Caption_2026_valid_3251","Posterior-anterior chest X-ray showing cardiomegaly and pulmonary congestion."
"ImageCLEFmedical_Caption_2026_valid_3252","CT scan showing a mass in the mediastinum indicated by the arrow."
"ImageCLEFmedical_Caption_2026_valid_3253","CT scan showing liver with arrow indicating focal lesion."
"ImageCLEFmedical_Caption_2026_valid_3254","Pelvic MRI showing bladder, uterus, and surrounding pelvic structures."
"ImageCLEFmedical_Caption_2026_valid_3255","CT scan showing aortic dissection with a yellow arrow indicating the tear and a white arrow marking the aortic arch."
"ImageCLEFmedical_Caption_2026_valid_3256","Postoperative knee radiograph showing implanted knee prosthesis with measurement markers."
"ImageCLEFmedical_Caption_2026_valid_3257","Anterior-posterior chest X-ray showing a pigtail catheter in the right lower chest region."
"ImageCLEFmedical_Caption_2026_valid_3258","Chest X-ray showing multiple lung fields with arrows indicating areas of interest and a yellow arrow pointing to a gastric bubble in the lower abdomen."
"ImageCLEFmedical_Caption_2026_valid_3259","Magnetic resonance imaging showing a bright lesion in the breast tissue indicated by the arrow."
"ImageCLEFmedical_Caption_2026_valid_3260","Mammogram showing a well-defined, bright lesion in the upper outer quadrant of the breast, indicated by the arrow."
"ImageCLEFmedical_Caption_2026_valid_3261","Mammogram showing a well-circumscribed, bright lesion in the right breast, indicated by the arrow."
"ImageCLEFmedical_Caption_2026_valid_3262","Transducer ultrasound image of breast tissue with measurement markers and diagnostic parameters displayed."
"ImageCLEFmedical_Caption_2026_valid_3263","Intravenous pyelogram showing renal pelvis and ureter with contrast medium."
"ImageCLEFmedical_Caption_2026_valid_3264","Chest X-ray showing infiltrates and pleural effusion with annotated dark focus"
"ImageCLEFmedical_Caption_2026_valid_3265","CT scan showing a large abdominal mass with arrow pointing to the lesion."
"ImageCLEFmedical_Caption_2026_valid_3266","Angiographic image showing hepatic aneurysm and splenic artery with contrast medium visualization."
"ImageCLEFmedical_Caption_2026_valid_3267","Small hepatic collaterals visible on angiographic image."
"ImageCLEFmedical_Caption_2026_valid_3268","Covered stent deployed in splenic artery during fluoroscopic guidance"
"ImageCLEFmedical_Caption_2026_valid_3269","CT scan showing liver with arrow pointing to lesion and another arrow indicating gastric varices."
"ImageCLEFmedical_Caption_2026_valid_3270","CT scan showing patent stent graft to splenic artery with coils inside aneurysm without flow within"
"ImageCLEFmedical_Caption_2026_valid_3271","CT scan showing a large mass in the upper abdomen, indicated by the arrow."
"ImageCLEFmedical_Caption_2026_valid_3272","Angiogram showing a stent placed in a coronary artery with contrast dye highlighting the vessel lumen."
"ImageCLEFmedical_Caption_2026_valid_3273","CT scan showing liver with arrow indicating lesion."
"ImageCLEFmedical_Caption_2026_valid_3274","Echocardiogram showing right ventricular (RV) and left ventricular (LV) structures with a white arrow indicating a focal area of interest within the RV."
"ImageCLEFmedical_Caption_2026_valid_3275","CT scan showing liver with arrow indicating lesion, kidneys with high radiodensity, and spinal column in cross-section."
"ImageCLEFmedical_Caption_2026_valid_3276","Liver lesion with metabolic activity indicated by arrow on PET-CT scan."
"ImageCLEFmedical_Caption_2026_valid_3277","CT scan showing liver with arrow indicating focal lesion."
"ImageCLEFmedical_Caption_2026_valid_3278","CT scan showing a hepatic lesion with an arrow indicating the area of interest."
"ImageCLEFmedical_Caption_2026_valid_3279","CT scan showing liver with arrow indicating focal lesion."
"ImageCLEFmedical_Caption_2026_valid_3280","Ultrasound image showing a structure during expiration, indicated by a red arrow."
"ImageCLEFmedical_Caption_2026_valid_3281","CT scan showing liver with arrow indicating lesion and green arrow pointing to adjacent structure"
"ImageCLEFmedical_Caption_2026_valid_3282","Arrow indicates left lower lobe consolidation on chest X-ray."
"ImageCLEFmedical_Caption_2026_valid_3283","Chest X-ray showing pulmonary consolidation with arrows indicating affected area."
"ImageCLEFmedical_Caption_2026_valid_3284","Lung CT scan showing a large air space with a red arrow indicating a possible pneumothorax or air collection in the left lung."
"ImageCLEFmedical_Caption_2026_valid_3285","Ultrasound image showing right liver with arrow indicating a hypoechoic lesion during inspiration."
"ImageCLEFmedical_Caption_2026_valid_3286","Radiograph showing left lower lobe consolidation with red arrow indicating opacity."
"ImageCLEFmedical_Caption_2026_valid_3287","CT scan showing enlarged cervical lymph nodes indicated by arrows."
"ImageCLEFmedical_Caption_2026_valid_3288","CT angiogram showing cervical carotid artery with arrow indicating possible stenosis or abnormality."
"ImageCLEFmedical_Caption_2026_valid_3289","Ultrasound image showing a hypoechoic lesion with posterior shadowing and labeled ""Bulb"" in the upper right quadrant."
"ImageCLEFmedical_Caption_2026_valid_3290","Ultrasound image showing internal carotid artery (ICA) and external carotid artery (ECA)"
"ImageCLEFmedical_Caption_2026_valid_3291","Arrow indicates a focal stenosis in the cervical internal carotid artery."
"ImageCLEFmedical_Caption_2026_valid_3292","Cerebral angiogram showing a focal stenosis in the basilar artery indicated by the blue arrow."
"ImageCLEFmedical_Caption_2026_valid_3293","CT scan showing a cervical lymph node with an arrow indicating a lesion."
"ImageCLEFmedical_Caption_2026_valid_3294","Intraoperative radiograph showing a guidewire and catheter in the pelvic region."
"ImageCLEFmedical_Caption_2026_valid_3295","Axial MRI showing a large, heterogeneous mass in the left adrenal region with central necrosis and peripheral enhancement, indicated by the red arrow."
"ImageCLEFmedical_Caption_2026_valid_3296","Angiographic image showing a catheter positioned in the abdominal aorta with a red arrow indicating the site of interest."
"ImageCLEFmedical_Caption_2026_valid_3297","Ultrasound image showing a hypoechoic lesion with color Doppler flow signal indicated by a red arrow."
"ImageCLEFmedical_Caption_2026_valid_3298","Liver with focal lesion and adjacent fluid collection indicated by arrow."
"ImageCLEFmedical_Caption_2026_valid_3299","Ultrasound image showing layered structures with green arrows indicating depth markers, timestamped 21/10/2022 at 16:41:33, with 10MHz frequency and 11G setting."
"ImageCLEFmedical_Caption_2026_valid_3300","CT scan showing bilateral temporal lobe hypodensity with arrow indications"
"ImageCLEFmedical_Caption_2026_valid_3301","Ultrasound image showing a structure with measured dimensions of 9.7 mm and 25.9 mm."
"ImageCLEFmedical_Caption_2026_valid_3302","Hip X-ray showing three circular implants in the pelvic region."
"ImageCLEFmedical_Caption_2026_valid_3303","Pelvic MRI scan showing bilateral kidney structures and surrounding pelvic anatomy."
"ImageCLEFmedical_Caption_2026_valid_3304","X-ray of hip joint with surgical fixation device visible"
"ImageCLEFmedical_Caption_2026_valid_3305","Axial MRI scan showing bilateral kidneys with central renal pelvis and surrounding vascular structures."
"ImageCLEFmedical_Caption_2026_valid_3306","CT scan showing abdominal organs with prominent renal structure and surrounding tissue contrast."
"ImageCLEFmedical_Caption_2026_valid_3307","Abdominal CT scan showing detailed cross-sectional view of organs including liver, intestines, and pelvic structures."
"ImageCLEFmedical_Caption_2026_valid_3308","Pelvic CT scan showing bony pelvis and central pelvic organs."
"ImageCLEFmedical_Caption_2026_valid_3309","CT scan showing a small radiopaque foreign body in the nasal cavity, indicated by the blue arrow."
"ImageCLEFmedical_Caption_2026_valid_3310","Brain CT showing a small intracranial lesion indicated by a red arrow."
"ImageCLEFmedical_Caption_2026_valid_3311","Brain CT scan showing bilateral cerebral lesions indicated by red arrows."
"ImageCLEFmedical_Caption_2026_valid_3312","MRI showing hip joint with red arrow indicating labral tear or hip joint pathology."
"ImageCLEFmedical_Caption_2026_valid_3313","CT scan showing mediastinal mass with associated lymphadenopathy and lung parenchymal involvement."
"ImageCLEFmedical_Caption_2026_valid_3314","CT scan showing bilateral pulmonary nodules with arrow indicators."
"ImageCLEFmedical_Caption_2026_valid_3315","Pneumonia with consolidation in right lower lobe and left upper lobe, and air trapping in right upper lobe."
"ImageCLEFmedical_Caption_2026_valid_3316","Ultrasound image showing a thyroid nodule with associated surrounding tissue and measurement indicator."
"ImageCLEFmedical_Caption_2026_valid_3317","Contrast-enhanced CT scan showing a mass in the cervical region."
"ImageCLEFmedical_Caption_2026_valid_3318","CT scan showing a large abdominal mass with a red arrow indicating a focal area of interest."
"ImageCLEFmedical_Caption_2026_valid_3319","CT scan showing mediastinal mass with arrows indicating vascular compression or displacement."
"ImageCLEFmedical_Caption_2026_valid_3320","CT scan showing mediastinal lymphadenopathy with arrows indicating enlarged lymph nodes in the cervical and thoracic regions."
"ImageCLEFmedical_Caption_2026_valid_3321","Ultrasound image showing a hypoechoic lesion with a red arrow indicating a suspicious mass."
"ImageCLEFmedical_Caption_2026_valid_3322","Ultrasound image showing a dark, hypoechoic structure with a red arrow indicating a possible cystic lesion."
"ImageCLEFmedical_Caption_2026_valid_3323","Uterine fundus ultrasound image showing heterogeneous echo texture with multiple hypoechoic areas."
"ImageCLEFmedical_Caption_2026_valid_3324","Transvaginal ultrasound image showing a heterogeneous ovarian parenchyma with multiple cystic and solid components, consistent with ovarian pathology."
"ImageCLEFmedical_Caption_2026_valid_3325","Ultrasound image showing a hypoechoic lesion with a yellow arrow indicating a suspicious area."
"ImageCLEFmedical_Caption_2026_valid_3326","CT scan showing cervical spine with arrow indicating cervical vertebrae alignment."
"ImageCLEFmedical_Caption_2026_valid_3327","CT scan showing a large intracranial mass lesion with surrounding edema and midline shift."
"ImageCLEFmedical_Caption_2026_valid_3328","Barium swallow study showing esophageal obstruction and gastric distention."
"ImageCLEFmedical_Caption_2026_valid_3329","Abdominal X-ray showing gas distention and possible obstruction with arrows indicating areas of concern."
"ImageCLEFmedical_Caption_2026_valid_3330","Panoramic radiograph showing radiolucent lesions in the mandible with arrows indicating areas of bone loss and possible cystic formations."
"ImageCLEFmedical_Caption_2026_valid_3331","CT scan showing abdominal aorta with 33.70 cm measurement indicated by green line."
"ImageCLEFmedical_Caption_2026_valid_3332","Ultrasound image of the right thyroid lobe with a 4.0 cm measurement indicated."
"ImageCLEFmedical_Caption_2026_valid_3333","Ultrasound image of the left thyroid lobe showing heterogeneous texture with a 4.0 cm measurement indicated."
"ImageCLEFmedical_Caption_2026_valid_3334","Cerebral angiogram showing detailed vascular network of the brain."
"ImageCLEFmedical_Caption_2026_valid_3335","Radiographic image showing a flexible endoscope navigating through the gastrointestinal tract, with contrast medium outlining the internal structures."
"ImageCLEFmedical_Caption_2026_valid_3336","Endoscopic view of a flexible catheter navigating through the gastrointestinal tract."
"ImageCLEFmedical_Caption_2026_valid_3337","Echocardiogram showing right ventricle (RV) and right atrium (RA) with cannula in place."
"ImageCLEFmedical_Caption_2026_valid_3338","Ultrasound image showing liver, hepatic vein, and inferior vena cava with color Doppler flow visualization."
"ImageCLEFmedical_Caption_2026_valid_3339","Chest X-ray showing a child with a radiopaque object in the upper thoracic region and a prominent cardiac silhouette."
"ImageCLEFmedical_Caption_2026_valid_3340","Radiograph of a dog showing gastric dilatation and air-filled intestines with arrows indicating distended abdominal contents."
"ImageCLEFmedical_Caption_2026_valid_3341","MRI showing a lesion in the posterior fossa with a blue arrow indicating the area of interest."
"ImageCLEFmedical_Caption_2026_valid_3342","MRI of cervical spine and upper thoracic region showing spinal alignment and surrounding soft tissue structures."
"ImageCLEFmedical_Caption_2026_valid_3343","CT scan showing intestinal obstruction with marked dilation of the colon and small bowel indicated by arrows."
"ImageCLEFmedical_Caption_2026_valid_3344","Ultrasonic image showing uterus with measured length of 6.86 cm and height of 3.50 cm."
"ImageCLEFmedical_Caption_2026_valid_3345","Ultrasound image showing median nerve in the forearm with a marked structure."
"ImageCLEFmedical_Caption_2026_valid_3346","Brain MRI showing intracranial lesion with arrow indication"
"ImageCLEFmedical_Caption_2026_valid_3347","Transverse ultrasound image showing bilateral renal structures with arrow indicating renal parenchyma and blue arrows pointing to renal poles."
"ImageCLEFmedical_Caption_2026_valid_3348","Transverse ultrasound image showing bilateral renal structures with arrows indicating the kidneys."
"ImageCLEFmedical_Caption_2026_valid_3349","MRI showing cerebral hemispheres with arrows indicating regions of interest."
"ImageCLEFmedical_Caption_2026_valid_3350","Ultrasound image showing fetal heart with arrow indicating cardiac structure."
"ImageCLEFmedical_Caption_2026_valid_3351","Color Doppler ultrasound of right popliteal artery showing flow dynamics with red and blue color coding."
"ImageCLEFmedical_Caption_2026_valid_3352","Abdominal radiograph showing a pediatric patient with a contrast-filled gastrointestinal tract and a catheter in situ."
"ImageCLEFmedical_Caption_2026_valid_3353","Brain MRI showing cerebellar atrophy with arrow indicating volume loss in cerebellar structures."
"ImageCLEFmedical_Caption_2026_valid_3354","Brain CT scan showing a small area of abnormal density with measured HU values."
"ImageCLEFmedical_Caption_2026_valid_3355","Arrow indicates a vascular graft or stent placed in the cervical region."
"ImageCLEFmedical_Caption_2026_valid_3356","Arrow indicates a vascular anomaly in the cervical region."
"ImageCLEFmedical_Caption_2026_valid_3357","Ultrasound image showing skin lesion with measured depth of 1.9 mm, labeled as ""parti molli"" with resolution 1594/1596."
"ImageCLEFmedical_Caption_2026_valid_3358","Ultrasound image showing a rounded hypoechoic structure with surrounding tissue layers."
"ImageCLEFmedical_Caption_2026_valid_3359","MRI showing shoulder joint with red arrow indicating subacromial space narrowing or impingement."
"ImageCLEFmedical_Caption_2026_valid_3360","Sternal fracture with associated rib fracture indicated by red arrow on CT scan."
"ImageCLEFmedical_Caption_2026_valid_3361","Shoulder dislocation with visible joint space and acromion process displacement indicated by red arrow."
"ImageCLEFmedical_Caption_2026_valid_3362","Cerebral hemorrhage in the left parietal lobe indicated by arrow."
"ImageCLEFmedical_Caption_2026_valid_3363","Pneumonia with consolidation in right lower lobe and left upper lobe, indicated by arrows."
"ImageCLEFmedical_Caption_2026_valid_3364","Brain CT scan showing multiple areas of hypodensity with arrows indicating suspected ischemic changes."
"ImageCLEFmedical_Caption_2026_valid_3365","CT scan showing a large pelvic mass with an arrow indicating a focal area of interest."
"ImageCLEFmedical_Caption_2026_valid_3366","MRI brain scan showing a bright signal lesion in the left hemisphere, indicated by an arrow."
"ImageCLEFmedical_Caption_2026_valid_3367","Axial MRI scan showing cerebellar lesion with white arrow indicating abnormal signal intensity."
"ImageCLEFmedical_Caption_2026_valid_3368","Axial MRI brain scan showing cerebellar structure with blue arrows indicating suspected lesion or abnormality in the posterior fossa."
"ImageCLEFmedical_Caption_2026_valid_3369","Echocardiogram showing cardiac structure with ECG trace below."
"ImageCLEFmedical_Caption_2026_valid_3370","Echocardiogram showing mitral valve with blue color Doppler flow indicating regurgitation."
"ImageCLEFmedical_Caption_2026_valid_3371","Angiogram showing aortic dissection with contrast-filled intimal flap and associated vascular structures."
"ImageCLEFmedical_Caption_2026_valid_3372","Arrow indicates a vascular anomaly or lesion within the coronary artery system."
"ImageCLEFmedical_Caption_2026_valid_3373","Angiogram showing a stent deployed in a coronary artery with contrast dye visualization."
"ImageCLEFmedical_Caption_2026_valid_3374","Intraoperative X-ray showing knee surgical setup with labeled points HP and ME, 4cm distance, and WB 13mm measurement."
"ImageCLEFmedical_Caption_2026_valid_3375","Intraoperative X-ray showing knee joint with surgical pins and screws, labeled LP, HP, and CS."
"ImageCLEFmedical_Caption_2026_valid_3376","MRI showing a large, well-defined intramuscular lesion with a red arrow indicating the lesion."
"ImageCLEFmedical_Caption_2026_valid_3377","Axial MRI showing a large intramuscular lesion with internal septations and a central necrotic area, indicated by the red arrow."
"ImageCLEFmedical_Caption_2026_valid_3378","CT scan showing liver with focal lesion (red arrow) and pancreatic lesion (blue arrow)"
"ImageCLEFmedical_Caption_2026_valid_3379","Abdominal CT scan showing liver with marked portal vein thrombosis and surrounding vascular abnormalities."
"ImageCLEFmedical_Caption_2026_valid_3380","CT scan showing abdominal organs with visible bowel loops and liver."
"ImageCLEFmedical_Caption_2026_valid_3381","Abdominal CT scan showing liver with focal lesion and surrounding vascular structures."
"ImageCLEFmedical_Caption_2026_valid_3382","CT scan showing a mass in the right upper lobe of the lung."
"ImageCLEFmedical_Caption_2026_valid_3383","Brain MRI showing a lesion in the right cerebral hemisphere indicated by a yellow arrow."
"ImageCLEFmedical_Caption_2026_valid_3384","Axial CT scan showing thoracic anatomy with prominent airway and vascular structures."
"ImageCLEFmedical_Caption_2026_valid_3385","Abdominal CT scan showing a large gas-filled structure (b) adjacent to the liver (a)."
"ImageCLEFmedical_Caption_2026_valid_3386","Abdominal radiograph showing air-filled bowel loops with a red arrow indicating a potential intestinal obstruction or abnormality."
"ImageCLEFmedical_Caption_2026_valid_3387","Liver with focal lesion indicated by arrow"
"ImageCLEFmedical_Caption_2026_valid_3388","CT scan showing enlarged spleen with measured diameter of 113.72 mm indicated by dashed line and blue arrow."
"ImageCLEFmedical_Caption_2026_valid_3389","Panoramic dental radiograph showing full dental arch with visible teeth, jawbone, and surrounding structures."
"ImageCLEFmedical_Caption_2026_valid_3390","Ultrasound image showing right internal jugular vein (IJV) and sternocleidomastoid muscle with TR marker."
"ImageCLEFmedical_Caption_2026_valid_3391","Coronal CT scan of the head and neck showing cervical spine and brain structures."
"ImageCLEFmedical_Caption_2026_valid_3392","CT scan showing pulmonary nodules marked with red and blue circles, with a yellow rectangle highlighting a region of interest containing multiple nodules."
"ImageCLEFmedical_Caption_2026_valid_3393","Axial MRI of lumbar spine showing vertebral bodies, intervertebral discs, and surrounding soft tissues."
"ImageCLEFmedical_Caption_2026_valid_3394","MRI scan showing cervical spine with visible vertebral bodies and intervertebral discs."
"ImageCLEFmedical_Caption_2026_valid_3395","CT scan showing a large lung cyst in the left lower lobe."
"ImageCLEFmedical_Caption_2026_valid_3396","CT scan showing bilateral pulmonary infiltrates with arrows indicating areas of consolidation."
"ImageCLEFmedical_Caption_2026_valid_3397","Pneumonia with bilateral infiltrates and mediastinal shift indicated by red arrows."
"ImageCLEFmedical_Caption_2026_valid_3398","CT scan showing lung parenchyma with arrow indicating air trapping and hyperinflation."
"ImageCLEFmedical_Caption_2026_valid_3399","Posteroanterior erect chest radiograph showing cardiomegaly with enlarged cardiac silhouette and normal lung fields."
"ImageCLEFmedical_Caption_2026_valid_3400","MRI scan showing breast tissue with a distinct bright lesion in the central region."
"ImageCLEFmedical_Caption_2026_valid_3401","Brain CT scan showing a mass in the midbrain region."
"ImageCLEFmedical_Caption_2026_valid_3402","Radiograph showing a radiopaque foreign body in the esophagus, indicated by the red circle."
"ImageCLEFmedical_Caption_2026_valid_3403","CT scan showing CR and SpP anatomical landmarks with labeled regions."
"ImageCLEFmedical_Caption_2026_valid_3404","MRI scan showing cervical spine with red circle highlighting vertebral column region."
"ImageCLEFmedical_Caption_2026_valid_3405","Spinal MRI showing vertebral body and intervertebral disc abnormalities in the lumbar region."
"ImageCLEFmedical_Caption_2026_valid_3406","Chest X-ray showing two arrows pointing to medical devices in the thoracic region."
"ImageCLEFmedical_Caption_2026_valid_3407","CT scan showing bilateral pulmonary nodules with arrows indicating areas of interest."
"ImageCLEFmedical_Caption_2026_valid_3408","CT scan showing bilateral pulmonary infiltrates with arrows indicating areas of consolidation."
"ImageCLEFmedical_Caption_2026_valid_3409","Left elbow radiograph showing joint space narrowing and osteophyte formation at the distal humerus."
"ImageCLEFmedical_Caption_2026_valid_3410","Posterior cruciate ligament (PCL) rupture with tibial plateau fracture in a patient with knee osteoarthritis."
"ImageCLEFmedical_Caption_2026_valid_3411","Transesophageal echocardiogram showing left and right atria with coronary sinus annotation and color Doppler flow mapping."
"ImageCLEFmedical_Caption_2026_valid_3412","Posteroanterior chest X-ray showing bilateral lung fields with visible mediastinal shadow and cardiac silhouette."
"ImageCLEFmedical_Caption_2026_valid_3413","CT scan showing pelvic organs with arrows indicating abnormal structures."
"ImageCLEFmedical_Caption_2026_valid_3414","Ultrasound image showing a hypoechoic lesion with color Doppler flow signals in the thyroid gland."
"ImageCLEFmedical_Caption_2026_valid_3415","MRI of lumbar spine showing L1 vertebral level"
"ImageCLEFmedical_Caption_2026_valid_3416","Axial CT scan showing spinal vertebrae with contrast enhancement and surrounding soft tissue structures."
"ImageCLEFmedical_Caption_2026_valid_3417","Axial MRI of the thoracic spine showing vertebral bodies, intervertebral discs, and surrounding soft tissues."
"ImageCLEFmedical_Caption_2026_valid_3418","Abdominal CT scan showing normal renal anatomy with no apparent abnormalities."
"ImageCLEFmedical_Caption_2026_valid_3419","MRI of lumbar spine showing L1 vertebra with three arrows indicating disc space or lesion at L1 level."
"ImageCLEFmedical_Caption_2026_valid_3420","Sagittal MRI showing L1 vertebral level with multiple white arrows indicating disc space and oval outline highlighting spinal structure."
"ImageCLEFmedical_Caption_2026_valid_3421","MRI scan showing ankle joint with indicated pathology in soft tissue region"
"ImageCLEFmedical_Caption_2026_valid_3422","Chest X-ray showing bilateral infiltrates consistent with pneumonia."
"ImageCLEFmedical_Caption_2026_valid_3423","Chest X-ray showing bilateral pulmonary infiltrates with increased opacity in both lung fields, suggestive of interstitial or alveolar process."
"ImageCLEFmedical_Caption_2026_valid_3424","Angiogram showing coronary artery with arrow indicating stenosis or obstruction."
"ImageCLEFmedical_Caption_2026_valid_3425","Coronary angiogram showing a stenotic lesion in the left main coronary artery, indicated by the arrow."
"ImageCLEFmedical_Caption_2026_valid_3426","Axial CT brain image showing multiple small hypodense foci in the cerebral parenchyma, consistent with cerebral infarcts."
"ImageCLEFmedical_Caption_2026_valid_3427","CT scan showing bilateral pulmonary infiltrates with air bronchogram and mediastinal shift."
"ImageCLEFmedical_Caption_2026_valid_3428","CT scan showing bilateral lung fields with visible bronchial tree and mediastinal structures."
"ImageCLEFmedical_Caption_2026_valid_3429","Brain MRI showing symmetrical cortical and subcortical structures with preserved gray matter contrast and no evident focal lesions or atrophy."
"ImageCLEFmedical_Caption_2026_valid_3430","Intraoperative X-ray showing a surgical screw being inserted into a pelvic bone structure."
"ImageCLEFmedical_Caption_2026_valid_3431","Intraoperative X-ray showing a surgical screw placed in a bone, with ""R"" indicating the right side."
"ImageCLEFmedical_Caption_2026_valid_3432","Post-surgical pelvic X-ray showing hip replacement and implant positioning with a red arrow indicating a surgical screw."
"ImageCLEFmedical_Caption_2026_valid_3433","Hip radiograph showing acetabular dysplasia with red arrow indicating abnormal acetabular morphology."
"ImageCLEFmedical_Caption_2026_valid_3434","Mammogram showing a small, well-circumscribed calcification cluster indicated by a red arrow."
"ImageCLEFmedical_Caption_2026_valid_3435","CT scan showing mediastinal mass with arrows indicating lesions in the thoracic cavity."
"ImageCLEFmedical_Caption_2026_valid_3436","Abdominal CT scan showing liver, kidneys, and spinal vertebrae with visible intra-abdominal structures."
"ImageCLEFmedical_Caption_2026_valid_3437","CT scan showing spinal vertebrae with arrow indicating potential lesion or abnormality."
"ImageCLEFmedical_Caption_2026_valid_3438","CT scan showing renal artery stenosis with arrow indicating narrowed vessel."
"ImageCLEFmedical_Caption_2026_valid_3439","CT scan showing pelvic organs with arrows indicating abnormal structures."
"ImageCLEFmedical_Caption_2026_valid_3440","CT scan showing multiple arrow-marked abdominal aortic aneurysms and associated vascular structures."
"ImageCLEFmedical_Caption_2026_valid_3441","CT scan showing multiple arrows indicating abdominal masses or lesions."
"ImageCLEFmedical_Caption_2026_valid_3442","CT scan showing pelvic organs with arrows indicating anatomical structures and potential pathology."
"ImageCLEFmedical_Caption_2026_valid_3443","CT scan showing liver with arrow pointing to focal lesion and another arrow indicating adjacent structure."
"ImageCLEFmedical_Caption_2026_valid_3444","Catheter navigation in the thoracic region during interventional procedure."
"ImageCLEFmedical_Caption_2026_valid_3445","MRI showing knee joint with arrow indicating meniscal tear"
"ImageCLEFmedical_Caption_2026_valid_3446","Ultrasound image showing two fetuses labeled Twin 1 and Twin 2 in utero."
"ImageCLEFmedical_Caption_2026_valid_3447","AP chest radiograph of two fetuses, labeled Twin 1 and Twin 2, showing overlapping skeletal structures and fetal positioning."
"ImageCLEFmedical_Caption_2026_valid_3448","Coronary artery computed tomography angiogram showing left main stem and heart chamber anatomy."
"ImageCLEFmedical_Caption_2026_valid_3449","CT angiogram showing thoracic aorta and branching vessels with marked regions of interest indicated by red dots."
"ImageCLEFmedical_Caption_2026_valid_3450","Cardiac CT scan showing left ventricular hypertrophy with labeled regions L and H."
"ImageCLEFmedical_Caption_2026_valid_3451","Aortic dissection with intimal flap and true lumen compromise indicated by arrow."
"ImageCLEFmedical_Caption_2026_valid_3452","CT scan showing enlarged heart with a marked region indicated by a star."
"ImageCLEFmedical_Caption_2026_valid_3453","CT scan showing aortic dissection with arrow indicating intimal flap and white arrow pointing to aortic root."
"ImageCLEFmedical_Caption_2026_valid_3454","Coronary artery CT scan showing atherosclerotic plaque in the left main coronary artery."
"ImageCLEFmedical_Caption_2026_valid_3455","Thoracic CT scan showing heart, great vessels, and spinal column at the level of T12."
"ImageCLEFmedical_Caption_2026_valid_3456","CT scan showing a pulmonary nodule in the right upper lobe indicated by the arrow."
"ImageCLEFmedical_Caption_2026_valid_3457","MRI showing a mass in the foot region indicated by arrow."
"ImageCLEFmedical_Caption_2026_valid_3458","Ultrasound image showing heterogeneous tissue with scattered hypoechoic areas and a defined boundary within the scanning field."
"ImageCLEFmedical_Caption_2026_valid_3459","Cardiomegaly with increased cardiac silhouette and reduced lung field clarity on chest X-ray."
"ImageCLEFmedical_Caption_2026_valid_3460","Coronary angiogram showing patent vessels with no visible stenosis or blockage."
"ImageCLEFmedical_Caption_2026_valid_3461","Angiographic image showing coronary artery with visible stenosis or obstruction."
"ImageCLEFmedical_Caption_2026_valid_3462","MRI showing cervical spine with white arrow indicating lesion or abnormality."
"ImageCLEFmedical_Caption_2026_valid_3463","Arrow indicates dilated common bile duct with gallbladder adjacent."
"ImageCLEFmedical_Caption_2026_valid_3464","Transvaginal ultrasound image showing ovarian follicle with measurement parameters displayed."
"ImageCLEFmedical_Caption_2026_valid_3465","CT scan showing liver with a large lesion and surrounding anatomical structures."
"ImageCLEFmedical_Caption_2026_valid_3466","CT scan showing a 0.84 cm renal stone in the renal pelvis."
"ImageCLEFmedical_Caption_2026_valid_3467","Echocardiogram showing enlarged right ventricle with measurements RV Base 5.16 cm and RV Mid 4.40 cm."
"ImageCLEFmedical_Caption_2026_valid_3468","Thoracic CT scan showing a large pericardial effusion with a yellow arrow indicating the fluid collection around the heart."
"ImageCLEFmedical_Caption_2026_valid_3469","CT scan showing pulmonary artery with arrow indicating a vascular anomaly."
"ImageCLEFmedical_Caption_2026_valid_3470","CT scan showing a pulmonary artery with a yellow arrow indicating a potential obstruction or lesion."
"ImageCLEFmedical_Caption_2026_valid_3471","Doppler ultrasound image showing blood flow with color-coded velocity patterns in a vascular structure."
"ImageCLEFmedical_Caption_2026_valid_3472","CT scan showing hepatic lesions with arrow markers indicating abnormal liver tissue."
"ImageCLEFmedical_Caption_2026_valid_3473","Intraoperative fluoroscopy image showing a surgical instrument positioned near a bone, likely during a orthopedic procedure."
"ImageCLEFmedical_Caption_2026_valid_3474","Spinal cord MRI showing a lesion at the cervical level."
"ImageCLEFmedical_Caption_2026_valid_3475","CT scan showing cervical spine with highlighted vertebral bodies and intervertebral disc spaces."
"ImageCLEFmedical_Caption_2026_valid_3476","Axial MRI of the orbits showing bilateral ocular structures with surrounding soft tissue and optic nerves."
"ImageCLEFmedical_Caption_2026_valid_3477","Axial MRI of the orbits showing bilateral spherical structures with surrounding soft tissue and optic nerve visualization."
"ImageCLEFmedical_Caption_2026_valid_3478","Digital lateral cephalogram with anatomical landmarks and measurement annotations."
"ImageCLEFmedical_Caption_2026_valid_3479","Brain MRI showing multiple intracranial lesions indicated by arrows."
"ImageCLEFmedical_Caption_2026_valid_3480","Brain MRI showing multiple small foci of abnormal signal intensity in the cerebral hemispheres."
"ImageCLEFmedical_Caption_2026_valid_3481","Angiographic image showing a coil embolization device placed within a vascular structure."
"ImageCLEFmedical_Caption_2026_valid_3482","CT scan showing splenomegaly with measured dimensions of 178.27mm and 76.33mm."
"ImageCLEFmedical_Caption_2026_valid_3483","Splenic artery aneurysm with thrombus measuring 43.09mm, adjacent to spleen on CT scan."
"ImageCLEFmedical_Caption_2026_valid_3484","CT scan showing splenic artery aneurysm after coiling with measured diameter of 33.81 mm, adjacent to spleen."
"ImageCLEFmedical_Caption_2026_valid_3485","Chest X-ray showing cardiomegaly with enlarged cardiac silhouette and normal lung fields."
"ImageCLEFmedical_Caption_2026_valid_3486","Ultrasound image showing multiple hypoechoic structures within the thyroid gland."
"ImageCLEFmedical_Caption_2026_valid_3487","CT scan showing enlarged heart with arrows indicating cardiomegaly and pulmonary congestion"
"ImageCLEFmedical_Caption_2026_valid_3488","MRI scan showing multiple hepatic lesions marked with yellow asterisks."
"ImageCLEFmedical_Caption_2026_valid_3489","Postoperative radiograph showing knee joint with implant and surgical hardware in place."
"ImageCLEFmedical_Caption_2026_valid_3490","Abdominal CT scan showing a 35 mm hepatic lesion."
"ImageCLEFmedical_Caption_2026_valid_3491","Radiographic image with anatomical landmarks and angular measurements overlaid on cervical spine."
"ImageCLEFmedical_Caption_2026_valid_3492","CT scan axial view showing mid-sagittal plane with annotated measurements and angles."
"ImageCLEFmedical_Caption_2026_valid_3493","MRI showing a renal mass with arrow indicating lesion in the left kidney region."
"ImageCLEFmedical_Caption_2026_valid_3494","MRI scan showing a large intracranial mass with surrounding edema and a smaller adjacent lesion."
"ImageCLEFmedical_Caption_2026_valid_3495","Anterior-posterior chest X-ray showing a child with visible ribs, spine, and a medical device in the upper abdomen area."
"ImageCLEFmedical_Caption_2026_valid_3496","Axial CT scan showing abdominal cross-section with vertebral body, surrounding soft tissues, and bowel loops."
"ImageCLEFmedical_Caption_2026_valid_3497","CT scan showing aortic dissection with arrows indicating the intimal flap and true lumen."
"ImageCLEFmedical_Caption_2026_valid_3498","CT scan showing cardiac structures with red arrows indicating areas of interest."
"ImageCLEFmedical_Caption_2026_valid_3499","CT scan showing a focal lesion in the mediastinum with a red arrow indicating the area of interest."
"ImageCLEFmedical_Caption_2026_valid_3500","CT scan showing enlarged liver with heterogeneous parenchyma and surrounding abdominal structures."
"ImageCLEFmedical_Caption_2026_valid_3501","Lateral skull radiograph showing cranial and cervical skeletal structures with dental alignment."
"ImageCLEFmedical_Caption_2026_valid_3502","Panoramic radiograph showing dental arch with orthodontic appliances and retained teeth."
"ImageCLEFmedical_Caption_2026_valid_3503","Panoramic radiograph showing dental arch with orthodontic appliance and impacted tooth."
"ImageCLEFmedical_Caption_2026_valid_3504","Panoramic radiograph showing dental arch with arrow indicating impacted tooth in lower jaw."
"ImageCLEFmedical_Caption_2026_valid_3505","MRI showing a cerebellar lesion with arrow indicating abnormality."
"ImageCLEFmedical_Caption_2026_valid_3506","Postoperative pelvic radiograph showing hip replacement with annotated zones for assessment."
"ImageCLEFmedical_Caption_2026_valid_3507","Angiogram showing labeled hepatic vessels including SGA, IPA, PA, IGA, and OBT."
"ImageCLEFmedical_Caption_2026_valid_3508","Angiographic view showing pulmonary artery (PA) and its inferior pulmonary artery (IPA) with a catheter tip indicated by arrow."
"ImageCLEFmedical_Caption_2026_valid_3509","Angiogram showing pulmonary artery (PA) and its branches with arrow indicating a vascular anomaly or lesion."
"ImageCLEFmedical_Caption_2026_valid_3510","Radiograph of left shoulder showing total shoulder arthroplasty with implant components in place."
"ImageCLEFmedical_Caption_2026_valid_3511","Posterior shoulder arthroplasty with humeral head implant visible on radiograph."
"ImageCLEFmedical_Caption_2026_valid_3512","MRI scan showing cervical spine and surrounding soft tissue structures."
"ImageCLEFmedical_Caption_2026_valid_3513","Transvaginal ultrasound image showing a dark, fluid-filled structure with a white arrow indicating a possible ovarian cyst or follicle."
"ImageCLEFmedical_Caption_2026_valid_3514","X-ray of a foot showing bone structure and joint alignment."
"ImageCLEFmedical_Caption_2026_valid_3515","CT scan showing bilateral mastoid air cells with arrow indicating pathology."
"ImageCLEFmedical_Caption_2026_valid_3516","MRI scan of knee joint showing cartilage and surrounding structures with measured parameters A=209.4 mm², C=55.6 mm, M=1066.8, SD=467.0."
"ImageCLEFmedical_Caption_2026_valid_3517","X-ray of the ankle joint showing joint space and bone alignment."
"ImageCLEFmedical_Caption_2026_valid_3519","Ultrasound image showing multiple arrow-marked hypoechoic structures within the pelvic region."
"ImageCLEFmedical_Caption_2026_valid_3520","CT scan showing cervical spine and surrounding structures with marked anatomical landmarks."
"ImageCLEFmedical_Caption_2026_valid_3521","X-ray of knee joint with surgical instrument visible."
"ImageCLEFmedical_Caption_2026_valid_3522","Posterior tibial plateau fracture with surgical fixation device visible."
"ImageCLEFmedical_Caption_2026_valid_3523","CT scan showing abdominal organs with contrast enhancement highlighting the liver, gallbladder, and surrounding structures."
"ImageCLEFmedical_Caption_2026_valid_3524","Transvaginal ultrasound image showing a pelvic adnexal mass with internal complexity and fluid collection, labeled as RT ADNEXA."
"ImageCLEFmedical_Caption_2026_valid_3525","Ultrasound image showing abdominal region with labeled pan head and distance measurement of 1.02 cm."
"ImageCLEFmedical_Caption_2026_valid_3526","Ultrasound image showing a hypoechoic lesion in the spleen region, marked with an arrow."
"ImageCLEFmedical_Caption_2026_valid_3527","Ultrasound image showing a fluid-filled structure with measured dimensions of 1.48 cm and 1.54 cm."
"ImageCLEFmedical_Caption_2026_valid_3528","Lateral skull base CT scan showing nasal and maxillary sinus anatomy with measurement scale from ANS to PNS."
"ImageCLEFmedical_Caption_2026_valid_3529","Abnormal lung parenchyma with focal consolidation and airway obstruction on chest radiograph."
"ImageCLEFmedical_Caption_2026_valid_3530","X-ray image showing a flexible endoscope with a circular opening in the upper region."
"ImageCLEFmedical_Caption_2026_valid_3531","Left elbow radiograph showing normal joint alignment and bone structure."
"ImageCLEFmedical_Caption_2026_valid_3532","Liver lesion indicated by arrow on CT scan."
"ImageCLEFmedical_Caption_2026_valid_3533","CT scan showing cervical spine with arrow indicating possible lesion or abnormality."
"ImageCLEFmedical_Caption_2026_valid_3534","CT scan showing a large abdominal aortic aneurysm indicated by the white arrow."
"ImageCLEFmedical_Caption_2026_valid_3535","AP portable chest X-ray showing cardiomegaly and bilateral pulmonary opacities with a central line in place."
"ImageCLEFmedical_Caption_2026_valid_3536","Abdominal CT scan showing a large central mass with surrounding vascular structures and bowel loops."
"ImageCLEFmedical_Caption_2026_valid_3537","Ultrasound image showing uterine cavity with annotations for intrauterine pregnancy and scar pregnancy."
"ImageCLEFmedical_Caption_2026_valid_3538","Echocardiogram showing cardiac structure with color Doppler flow indicating blood flow patterns."
"ImageCLEFmedical_Caption_2026_valid_3539","Doppler ultrasound image showing blood flow with red and blue color coding indicating direction of flow, marked with annotations 1+ and 2+."
"ImageCLEFmedical_Caption_2026_valid_3540","Abdominal CT scan showing a large pelvic mass with surrounding bowel and vascular structures."
"ImageCLEFmedical_Caption_2026_valid_3541","Brain CT scan showing no significant abnormalities or pathology."
"ImageCLEFmedical_Caption_2026_valid_3542","Brain CT scan showing no acute abnormalities or hemorrhage."
"ImageCLEFmedical_Caption_2026_valid_3543","Head CT showing no acute intracranial pathology."
"ImageCLEFmedical_Caption_2026_valid_3544","Head CT scan showing intracranial hemorrhage with significant hyperdensity in the left parietal region."
"ImageCLEFmedical_Caption_2026_valid_3545","Axial CT scan of the head showing normal brain parenchyma with no evident hemorrhage or mass lesion."
"ImageCLEFmedical_Caption_2026_valid_3546","Maxillary molar radiograph showing dental structure with visible root canal and surrounding alveolar bone."
"ImageCLEFmedical_Caption_2026_valid_3547","Posterior hip replacement with cemented stem and screw fixation visible on radiograph."
"ImageCLEFmedical_Caption_2026_valid_3548","Anterior-posterior radiograph of a total hip replacement showing the prosthesis aligned with the femur, marked with a lateral indicator."
"ImageCLEFmedical_Caption_2026_valid_3549","Anterior-posterior radiograph of left hip showing total hip replacement with stem and screws in place."
"ImageCLEFmedical_Caption_2026_valid_3550","Hip replacement implant with visible stem and head in pelvic region."
"ImageCLEFmedical_Caption_2026_valid_3551","MRI showing bilateral adrenal glands with red arrows indicating regions of interest."
"ImageCLEFmedical_Caption_2026_valid_3552","Echocardiogram showing enlarged cardiac chambers with reduced ventricular wall motion."
"ImageCLEFmedical_Caption_2026_valid_3553","Echocardiogram image showing cardiac structure with standard ultrasound markers and scale indicators."
"ImageCLEFmedical_Caption_2026_valid_3554","CT scan showing a renal artery with a red arrow indicating a possible obstruction or abnormality."
"ImageCLEFmedical_Caption_2026_valid_3555","Right renal angiogram showing contrast-filled renal pelvis and calyces with a catheter in place."
"ImageCLEFmedical_Caption_2026_valid_3556","Renal mass with contrast enhancement indicated by arrow on MRI scan."
"ImageCLEFmedical_Caption_2026_valid_3557","Color Doppler ultrasound image showing blood flow in the left internal carotid artery with color-coded flow patterns and annotations indicating the left internal carotid artery (LT MRA)."
"ImageCLEFmedical_Caption_2026_valid_3558","CT scan of pelvis without contrast showing bilateral renal masses with arrows indicating suspicious lesions."
"ImageCLEFmedical_Caption_2026_valid_3559","Panoramic dental X-ray showing full dental arch with visible roots, crowns, and a foreign object in the maxillary region."
"ImageCLEFmedical_Caption_2026_valid_3560","CT scan showing bilateral pulmonary nodules with arrows indicating focal opacities in both lungs."
"ImageCLEFmedical_Caption_2026_valid_3561","CT scan showing multiple pulmonary nodules indicated by red arrows."
"ImageCLEFmedical_Caption_2026_valid_3562","CT scan showing a large abdominal mass with a red arrow indicating the lesion."
"ImageCLEFmedical_Caption_2026_valid_3563","Right ankle lateral radiograph showing multiple foreign bodies in the foot and ankle region."
"ImageCLEFmedical_Caption_2026_valid_3564","X-ray showing a tibial fracture with internal fixation using a plate and screws."
"ImageCLEFmedical_Caption_2026_valid_3565","Radiograph showing bilateral femoral shafts with no obvious fractures or abnormalities."
"ImageCLEFmedical_Caption_2026_valid_3566","MRI showing heart with multiple arrow indicators pointing to areas of abnormality or pathology."
"ImageCLEFmedical_Caption_2026_valid_3567","Ultrasound image showing right and left ovaries with uterus in the center"
"ImageCLEFmedical_Caption_2026_valid_3568","Coronal CT scan showing symmetrical lung fields with visible bronchial tree and mediastinal structures."
"ImageCLEFmedical_Caption_2026_valid_3569","CT scan showing bilateral adrenal masses with arrows indicating enlarged adrenal glands."
"ImageCLEFmedical_Caption_2026_valid_3570","CT scan showing bilateral renal masses with arrows indicating abnormal renal tissue."
"ImageCLEFmedical_Caption_2026_valid_3571","Pediatric thoracic spine radiograph showing vertebral alignment and rib cage silhouette."
"ImageCLEFmedical_Caption_2026_valid_3572","Radiograph showing a fractured bone with visible displacement and surrounding soft tissue shadow."
"ImageCLEFmedical_Caption_2026_valid_3573","CT scan showing hand and wrist with arrows indicating bone abnormalities."
"ImageCLEFmedical_Caption_2026_valid_3574","Ultrasound image showing a vascular structure with labeled ""Venous"" region."
"ImageCLEFmedical_Caption_2026_valid_3575","Echocardiogram showing right ventricular inflow with red arrow indicating flow direction."
"ImageCLEFmedical_Caption_2026_valid_3576","CT scan showing a pulmonary nodule in the right lower lobe with a red arrow indicating the lesion."
"ImageCLEFmedical_Caption_2026_valid_3577","CT scan showing a liver lesion with a red arrow indicating a focal area of interest."
"ImageCLEFmedical_Caption_2026_valid_3578","Posteroanterior chest X-ray showing cardiac silhouette and rib cage with no obvious opacities or fractures."
"ImageCLEFmedical_Caption_2026_valid_3579","Cervical spine radiograph with vertebral level markings and T1 slope measurement indicated."
"ImageCLEFmedical_Caption_2026_valid_3580","Spinal cord MRI showing vertebral column and surrounding soft tissues."
"ImageCLEFmedical_Caption_2026_valid_3581","MRI showing spinal cord lesion at cervical level with arrow indicating abnormal signal intensity."
"ImageCLEFmedical_Caption_2026_valid_3582","MRI showing cervical spine with arrow indicating disc herniation at C5-C6 level."
"ImageCLEFmedical_Caption_2026_valid_3583","MRI showing cervical spine with arrow indicating a lesion in the cervical region."
"ImageCLEFmedical_Caption_2026_valid_3584","MRI showing bilateral orbital masses with arrows indicating lesions."
"ImageCLEFmedical_Caption_2026_valid_3585","Ankle X-ray showing labeled anatomical landmarks and measurement markers."
"ImageCLEFmedical_Caption_2026_valid_3586","CT scan showing pulmonary embolism with arrows indicating areas of increased density in the lungs."
"ImageCLEFmedical_Caption_2026_valid_3587","Abdominal X-ray showing bowel obstruction with air-fluid levels and marked distension in the right lower quadrant."
"ImageCLEFmedical_Caption_2026_valid_3588","Abdominal CT scan showing liver, stomach, and spinal column with 38 cm measurement indicator."
"ImageCLEFmedical_Caption_2026_valid_3589","Panoramic dental radiograph showing full dental arch with visible teeth and jawbone structure."
"ImageCLEFmedical_Caption_2026_valid_3590","Chest X-ray showing a patient with a visible cardiac silhouette and a red arrow pointing to the right lung field."
"ImageCLEFmedical_Caption_2026_valid_3591","Echocardiogram showing a large mass in the left atrium, indicated by the red arrow."
"ImageCLEFmedical_Caption_2026_valid_3592","Brain CT scan showing intracranial hemorrhage indicated by red arrow."
"ImageCLEFmedical_Caption_2026_valid_3593","Thoracic CT scan showing enlarged heart and large mass in the mediastinum."
"ImageCLEFmedical_Caption_2026_valid_3594","CT scan showing abdominal cross-section with visible liver, stomach, and vertebral column."
"ImageCLEFmedical_Caption_2026_valid_3595","Liver CT scan showing heterogeneous parenchymal texture with focal lesion and preserved vascular architecture."
"ImageCLEFmedical_Caption_2026_valid_3596","Abdominal CT scan showing liver, kidneys, and spinal column with a large central lesion."
"ImageCLEFmedical_Caption_2026_valid_3597","Abdominal MRI showing kidneys with multiple cystic lesions and a prominent pelvic structure."
"ImageCLEFmedical_Caption_2026_valid_3598","MRI scan showing spinal canal with 68-degree angle measurement indicated."
"ImageCLEFmedical_Caption_2026_valid_3599","MRI scan showing spinal alignment with 60-degree angle measurement indicated."
"ImageCLEFmedical_Caption_2026_valid_3600","MRI scan of cervical spine with annotated anatomical landmarks and measurement lines."
"ImageCLEFmedical_Caption_2026_valid_3601","Radiograph showing a foreign object in the left upper chest region, indicated by the red arrow."
"ImageCLEFmedical_Caption_2026_valid_3602","X-ray of bilateral lower limbs showing asymmetric leg lengths with measurements: left 53.29 cm, right 61.35 cm, and knee-to-ankle distance of 41.82 cm on left and 40.02 cm on right."
"ImageCLEFmedical_Caption_2026_valid_3603","Ultrasound image showing superficial transverse section with labeled anatomical structures: OE, OI, Tr, Abd, and a white arrow indicating a specific region of interest."
"ImageCLEFmedical_Caption_2026_valid_3604","Echocardiogram showing pulmonary artery and branch structures with labeled anatomical landmarks."
"ImageCLEFmedical_Caption_2026_valid_3605","Coronary artery with plaque and stenosis indicated by arrows."
"ImageCLEFmedical_Caption_2026_valid_3606","Ultrasound image showing left ventricle LV, main pulmonary artery MPA, and aortic arch AAo with marked MP and asterisk indicating a focal area of interest."
"ImageCLEFmedical_Caption_2026_valid_3607","Liver lesion with arrow indicating focal abnormality."
"ImageCLEFmedical_Caption_2026_valid_3608","Abdominal CT scan showing a 12.1 mm renal lesion with 38.0 mm circumference."
"ImageCLEFmedical_Caption_2026_valid_3609","CT scan showing a needle trajectory through the thoracic region, likely for a diagnostic or therapeutic procedure."
"ImageCLEFmedical_Caption_2026_valid_3610","Ultrasound image showing a hypoechoic mass with multiple internal echoes and measurement markers indicating dimensions of 2.48 cm and 2.33 cm."
"ImageCLEFmedical_Caption_2026_valid_3611","Fetal MRI showing central nervous system and abdominal structures in utero."
"ImageCLEFmedical_Caption_2026_valid_3612","Renal pelvis and ureter with contrast medium visible on radiograph."
"ImageCLEFmedical_Caption_2026_valid_3613","Renal stone with obstructed ureter on abdominal X-ray."
"ImageCLEFmedical_Caption_2026_valid_3614","Radiograph showing elbow joint with arrow indicating a small radiopaque foreign body near the distal humerus."
"ImageCLEFmedical_Caption_2026_valid_3615","CT scan showing aortic dissection with arrow indicating the tear in the aortic wall."
"ImageCLEFmedical_Caption_2026_valid_3616","CT chest scan showing bilateral pulmonary nodules with measured diameters of 42.4 mm and 30.0 mm."
"ImageCLEFmedical_Caption_2026_valid_3617","Ultrasound image of breast tissue showing heterogeneous echotexture with a focal hypoechoic lesion."
"ImageCLEFmedical_Caption_2026_valid_3618","Ultrasound image showing a hypoechoic lesion within the thyroid gland, marked with a crosshair and depth scale."
"ImageCLEFmedical_Caption_2026_valid_3619","CT scan showing pulmonary artery with arrow and triangle indicating branch, and yellow cross highlighting a vascular structure."
"ImageCLEFmedical_Caption_2026_valid_3620","Chest X-ray showing cardiac enlargement with visible mediastinal shift and pulmonary congestion."
"ImageCLEFmedical_Caption_2026_valid_3621","Liver CT scan showing a hypervascular hepatic lesion marked with a star."
"ImageCLEFmedical_Caption_2026_valid_3622","CT scan showing pelvic mass marked with star."
"ImageCLEFmedical_Caption_2026_valid_3623","CT scan showing liver with highlighted lesion in green and bright spot in yellow."
"ImageCLEFmedical_Caption_2026_valid_3624","MRI scan showing bilateral parotid glands highlighted in green."
"ImageCLEFmedical_Caption_2026_valid_3625","Axial MRI scan showing a bright lesion in the posterior fossa, highlighted in green."
"ImageCLEFmedical_Caption_2026_valid_3626","Axial MRI scan showing cervical spine with highlighted cervical vertebrae and adjacent structures."
"ImageCLEFmedical_Caption_2026_valid_3627","Hip X-ray showing femoral neck with 1cm measurement marker and angle indicator A."
"ImageCLEFmedical_Caption_2026_valid_3628","Radiographic image of a hip with measurement markers indicating a 3 cm and 10 cm distance along the femoral shaft, with red lines and points labeled X, Y."
"ImageCLEFmedical_Caption_2026_valid_3629","Chest X-ray showing enlarged heart shadow with increased lung markings and possible cardiomegaly."
"ImageCLEFmedical_Caption_2026_valid_3630","CT scan showing pulmonary consolidation and pleural effusion with arrows indicating areas of concern."
"ImageCLEFmedical_Caption_2026_valid_3631","L-shaped LMCA on angiogram"
"ImageCLEFmedical_Caption_2026_valid_3632","CT scan showing a liver lesion with an arrow indicating a focal area of interest."
"ImageCLEFmedical_Caption_2026_valid_3633","Chest X-ray showing a child with a central airway device in place, symmetric lung fields, and no evident pneumothorax or consolidation."
"ImageCLEFmedical_Caption_2026_valid_3634","CT scan showing bilateral renal masses with arrows indicating suspicious lesions."
"ImageCLEFmedical_Caption_2026_valid_3635","CT scan showing a large renal mass with arrow indicating lesion in left kidney."
"ImageCLEFmedical_Caption_2026_valid_3636","CT scan showing cervical spine with arrow indicating vertebral body lesion."
"ImageCLEFmedical_Caption_2026_valid_3637","Brain MRI showing multiple small bright foci in the cerebral white matter, indicating possible demyelinating lesions."
"ImageCLEFmedical_Caption_2026_valid_3638","Brain MRI showing multiple white matter hyperintensities with arrows indicating lesions in cortical and subcortical regions."
"ImageCLEFmedical_Caption_2026_valid_3639","Panoramic dental radiograph showing multiple teeth with visible roots and crowns."
"ImageCLEFmedical_Caption_2026_valid_3640","Panoramic dental X-ray showing full dental arch with visible teeth, roots, and surrounding bone structure."
"ImageCLEFmedical_Caption_2026_valid_3641","Abdominal X-ray showing air-fluid levels and a foreign object in the bowel."
"ImageCLEFmedical_Caption_2026_valid_3642","Ultrasound image showing the right bulb with a 1.1 mm diameter structure, captured on 17.07.2019 using a Siemens ultrasound machine."
"ImageCLEFmedical_Caption_2026_valid_3643","CT scan showing abdominal organs including liver, kidneys, and spinal column."
"ImageCLEFmedical_Caption_2026_valid_3644","Abdominal X-ray showing air-fluid levels in the right upper quadrant indicated by red arrows."
"ImageCLEFmedical_Caption_2026_valid_3645","Chest X-ray showing a patient with a visible central line or catheter in the thoracic region."
"ImageCLEFmedical_Caption_2026_valid_3646","CT scan showing bilateral lung nodules with lymph node involvement indicated by L.N. annotations."
"ImageCLEFmedical_Caption_2026_valid_3647","Spinal column with visible vertebral bodies and surrounding soft tissue structures."
"ImageCLEFmedical_Caption_2026_valid_3648","Echocardiogram showing cardiac structure with measured dimensions of 1.6 cm and 1.1 cm."
"ImageCLEFmedical_Caption_2026_valid_3649","Abdominal CT scan showing enlarged liver with portal vein thrombosis and splenic vein thrombosis."
"ImageCLEFmedical_Caption_2026_valid_3650","Echocardiogram showing cardiac structure with ECG trace below."
"ImageCLEFmedical_Caption_2026_valid_3651","Abdominal CT scan showing bowel loops, fat, and central vertebral structure."
"ImageCLEFmedical_Caption_2026_valid_3652","Abdominal CT scan showing enlarged liver with heterogeneous parenchyma and surrounding fluid collection."
"ImageCLEFmedical_Caption_2026_valid_3653","Brain MRI showing a mass lesion in the left frontal lobe indicated by the arrow."
"ImageCLEFmedical_Caption_2026_valid_3654","CT scan showing intracranial hemorrhage with arrow indicating location of bleeding."
"ImageCLEFmedical_Caption_2026_valid_3655","MRI showing orbital mass with arrow indicating lesion in the left orbit."
"ImageCLEFmedical_Caption_2026_valid_3656","CT scan showing a large hepatic lesion with a central area of necrosis and surrounding hypervascular rim."
"ImageCLEFmedical_Caption_2026_valid_3657","CT scan showing pelvic mass with surrounding inflammation and bowel displacement."
"ImageCLEFmedical_Caption_2026_valid_3658","CT scan showing a mass in the upper abdomen with arrow indicating lesion."
"ImageCLEFmedical_Caption_2026_valid_3659","CT scan showing a 14.4 mm renal mass with central calcification."
"ImageCLEFmedical_Caption_2026_valid_3660","CT scan showing mediastinal mass with arrows indicating lesion location"
"ImageCLEFmedical_Caption_2026_valid_3661","CT scan showing cardiac silhouette with arrows indicating regions of interest."
"ImageCLEFmedical_Caption_2026_valid_3662","CT scan showing aortic arch with arrow indicating aortic dissection or aneurysm."
"ImageCLEFmedical_Caption_2026_valid_3663","CT scan showing aortic dissection with arrows indicating the intimal flap and true lumen."
"ImageCLEFmedical_Caption_2026_valid_3664","CT scan showing a large mediastinal mass with arrow indicating lesion."
"ImageCLEFmedical_Caption_2026_valid_3665","CT scan showing liver with arrow indicating a lesion or abnormality."
"ImageCLEFmedical_Caption_2026_valid_3666","CT scan showing liver with measured dimensions of 94.00mm and 46.08mm."
"ImageCLEFmedical_Caption_2026_valid_3667","Thoracic CT scan showing bilateral lung fields with central mediastinal structures and no apparent focal lesions."
"ImageCLEFmedical_Caption_2026_valid_3668","CT scan showing liver lesion with arrow indicating focal area of abnormality in equilibrium phase imaging."
"ImageCLEFmedical_Caption_2026_valid_3669","Brain MRI showing multiple small hyperintense lesions in the cerebral hemispheres, marked by arrows and asterisks."
"ImageCLEFmedical_Caption_2026_valid_3670","CT scan showing pelvic organs with arrows indicating areas of interest."
"ImageCLEFmedical_Caption_2026_valid_3671","CT scan showing liver, gallbladder, and abdominal organs with marked lesions and bowel gas patterns."
"ImageCLEFmedical_Caption_2026_valid_3672","Abdominal CT scan showing liver, kidneys, and gastrointestinal structures with no immediate abnormalities detected."
"ImageCLEFmedical_Caption_2026_valid_3673","Chest X-ray showing bilateral infiltrates with central lines and pacemaker in place."
"ImageCLEFmedical_Caption_2026_valid_3674","Chest X-ray showing bilateral infiltrates with a central mediastinal shift and a central line in place."
"ImageCLEFmedical_Caption_2026_valid_3675","Thoracic CT scan showing bilateral pulmonary infiltrates with airway branching and mediastinal structures."
"ImageCLEFmedical_Caption_2026_valid_3676","CT scan showing bilateral renal cysts with arrows indicating cystic lesions in the kidneys."
"ImageCLEFmedical_Caption_2026_valid_3677","CT scan showing a liver lesion with a small arrow indicating a focal area of interest."
"ImageCLEFmedical_Caption_2026_valid_3678","Abdominal CT scan showing contrast-enhanced gastrointestinal tract with marked dilation and obstruction at the distal ileum, indicated by red and yellow arrows."
"ImageCLEFmedical_Caption_2026_valid_3679","Abdominal CT scan showing liver, spleen, and spinal vertebrae with no apparent acute pathology."
"ImageCLEFmedical_Caption_2026_valid_3680","Abdominal X-ray showing intestinal gas patterns and vertebral alignment"
"ImageCLEFmedical_Caption_2026_valid_3681","Vertebral body with arrow indicating lesion or abnormality."
"ImageCLEFmedical_Caption_2026_valid_3682","Spinal canal stenosis with vertebral body compression fracture indicated by arrows."
"ImageCLEFmedical_Caption_2026_valid_3683","Vertebral body with arrow indicating lesion or abnormality."
"ImageCLEFmedical_Caption_2026_valid_3684","CT scan showing bilateral pulmonary consolidation with arrow indications of airspace opacities."
"ImageCLEFmedical_Caption_2026_valid_3685","MRI of cervical spine showing spinal cord with arrow indicating region of interest."
"ImageCLEFmedical_Caption_2026_valid_3686","Anteroposterior radiograph of the cervical spine showing vertebral alignment and surrounding soft tissue structures."
"ImageCLEFmedical_Caption_2026_valid_3687","Panoramic radiograph showing AGA with marked dental structures and jawbone."
"ImageCLEFmedical_Caption_2026_valid_3688","CT scan showing thoracic cross-section with average HU value of 131.0 in the central region."
"ImageCLEFmedical_Caption_2026_valid_3689","Cardiac MRI showing heart with prominent chamber and surrounding vasculature."
"ImageCLEFmedical_Caption_2026_valid_3690","Echocardiogram showing mitral valve with arrows indicating valve leaflet motion and distance measurements."
"ImageCLEFmedical_Caption_2026_valid_3691","Ultrasound image showing femoral artery and nerve within the proximal thigh, with labeled structures including fascia lata, fascia iliaca, sartorius muscle, and iliacus muscle."
"ImageCLEFmedical_Caption_2026_valid_3692","PET scan showing multiple high SUV lesions in head, thoracic, and abdominal regions indicating metabolic activity in various organs."
"ImageCLEFmedical_Caption_2026_valid_3693","Panoramic radiograph showing full dental arch with visible teeth, jawbone, and surrounding structures."
"ImageCLEFmedical_Caption_2026_valid_3694","Radiographic image showing multiple dental implants placed in the mandible region, indicated by red arrows."
"ImageCLEFmedical_Caption_2026_valid_3695","Panoramic radiograph showing multiple dental implants with arrows indicating their positions."
"ImageCLEFmedical_Caption_2026_valid_3696","Transesophageal echocardiogram showing colorful Doppler flow patterns in the left ventricle with velocity measurements and patient vital signs displayed."
"ImageCLEFmedical_Caption_2026_valid_3697","Chest X-ray showing bilateral pulmonary infiltrates and increased opacity in the lower lung fields, suggestive of pneumonia or interstitial lung disease."
"ImageCLEFmedical_Caption_2026_valid_3698","Chest X-ray showing semi-erect position with visible cardiac silhouette and pulmonary markings."
"ImageCLEFmedical_Caption_2026_valid_3699","Radiograph of a hand showing detailed bone structure of fingers and wrist."
"ImageCLEFmedical_Caption_2026_valid_3700","Radiograph showing a needle being inserted into a joint space."
"ImageCLEFmedical_Caption_2026_valid_3701","MRI of cervical spine showing vertebral body and intervertebral disc abnormalities."
"ImageCLEFmedical_Caption_2026_valid_3702","MRI scan showing spinal cord and surrounding structures with arrows indicating areas of interest."
"ImageCLEFmedical_Caption_2026_valid_3703","MRI scan showing cervical spine with marked spinal cord compression at C4-C5 level."
"ImageCLEFmedical_Caption_2026_valid_3704","Mammogram showing a calcified lesion with associated microcalcifications and architectural distortion."
"ImageCLEFmedical_Caption_2026_valid_3705","Renal artery stenosis with contrast injection shown on radiograph."
"ImageCLEFmedical_Caption_2026_valid_3706","Angiogram showing renal artery stenosis with catheter guidance indicated by arrows."
"ImageCLEFmedical_Caption_2026_valid_3707","Ultrasound image showing needle in renal space with labeled ITL and LPV space near kidney."
"ImageCLEFmedical_Caption_2026_valid_3708","Ultrasound image showing needle in thoracic cavity with labeled structures including pleura, lung, TVP space, and SP."
"ImageCLEFmedical_Caption_2026_valid_3709","Abdominal CT scan showing kidneys, spine, and surrounding abdominal structures."
"ImageCLEFmedical_Caption_2026_valid_3710","Thoracic CT scan showing bilateral lung consolidation with air bronchogram and mediastinal shift."
"ImageCLEFmedical_Caption_2026_valid_3711","Thoracic CT scan showing bilateral pulmonary consolidation with air bronchograms and mediastinal shift."
"ImageCLEFmedical_Caption_2026_valid_3712","CT scan showing enlarged heart with surrounding fluid and structural abnormalities."
"ImageCLEFmedical_Caption_2026_valid_3713","CT scan showing bilateral pulmonary infiltrates with central mediastinal structures and thoracic cage visible."
"ImageCLEFmedical_Caption_2026_valid_3714","CT scan showing bilateral pulmonary nodules with arrows indicating focal lesions in the lungs."
"ImageCLEFmedical_Caption_2026_valid_3715","Chest X-ray showing bilateral pulmonary infiltrates with arrows indicating affected areas."
"ImageCLEFmedical_Caption_2026_valid_3716","Brain MRI showing a small lesion in the left cerebral hemisphere."
"ImageCLEFmedical_Caption_2026_valid_3717","Fetal echocardiogram showing ventricular and atrial heart rates with labeled chambers."
"ImageCLEFmedical_Caption_2026_valid_3718","CT scan image with statistical overlay showing measurements and metrics for a circular structure."
"ImageCLEFmedical_Caption_2026_valid_3719","Hip joint radiograph showing a prosthetic implant in the left hip with visible acetabular and femoral components."
"ImageCLEFmedical_Caption_2026_valid_3720","X-ray of ankle showing osteochondral lesion at the posterior aspect of the talus indicated by red arrow."
"ImageCLEFmedical_Caption_2026_valid_3721","Transvaginal ultrasound showing a left adnexal mass in the mid-ovarian region."
"ImageCLEFmedical_Caption_2026_valid_3722","Transvaginal ultrasound image showing left ovary (LT OV) and surrounding adnexal structures labeled A and B."
"ImageCLEFmedical_Caption_2026_valid_3723","Transvaginal ultrasound showing bilateral ovarian cysts labeled A and B in sagittal view."
"ImageCLEFmedical_Caption_2026_valid_3724","Ultrasound image showing a tube and a mass in the left adnexa, medium to ovary region."
"ImageCLEFmedical_Caption_2026_valid_3725","Ultrasound image showing sac with adnexa, no heart rate detected."
"ImageCLEFmedical_Caption_2026_valid_3726","CT scan showing a liver lesion with a red arrow indicating a focal area of interest."
"ImageCLEFmedical_Caption_2026_valid_3727","CT scan showing a 18.8 mm hepatic lesion with a red arrow indicating its location."
"ImageCLEFmedical_Caption_2026_valid_3728","Balloon catheter positioned at annular plane with bottom border of marker aligned with the plane"
"ImageCLEFmedical_Caption_2026_valid_3729","CT scan showing normal lung parenchyma with no visible lesions or abnormalities."
"ImageCLEFmedical_Caption_2026_valid_3730","MRI scan showing spinal column with annotated regions indicating measurements for each vertebral segment including area, width, height, average values, standard deviation, and corresponding region identifiers."
"ImageCLEFmedical_Caption_2026_valid_3731","CT scan showing enlarged cervical lymph node with arrow indicating lymphadenopathy."
"ImageCLEFmedical_Caption_2026_valid_3732","Radiograph showing a child with a foreign body obstruction in the gastrointestinal tract, appearing as a cluster of beads or small objects."
"ImageCLEFmedical_Caption_2026_valid_3733","Posterior spinal fusion with multiple pedicle screws and a spinal implant visible on radiograph."
"ImageCLEFmedical_Caption_2026_valid_3734","Barium swallow showing esophageal stricture with narrowing at the level of the lower esophagus and a contrast-filled gastric air bubble."
"ImageCLEFmedical_Caption_2026_valid_3735","Brain MRI showing symmetrical hyperintensity in the midbrain and cerebellar regions, with prominent midline structures and surrounding cortical folds."
"ImageCLEFmedical_Caption_2026_valid_3736","Anterior-posterior radiograph of the neck and thorax with a red arrow pointing to a cervical vertebral anomaly."
"ImageCLEFmedical_Caption_2026_valid_3737","CT scan showing pelvic organs with highlighted areas indicating potential pathology or anatomical structures."
"ImageCLEFmedical_Caption_2026_valid_3738","CT scan showing a large air-filled space in the left lung field, consistent with a pneumothorax."
"ImageCLEFmedical_Caption_2026_valid_3739","MRI scan of the ankle joint showing bone and soft tissue structures."
"ImageCLEFmedical_Caption_2026_valid_3740","MRI showing renal artery stenosis with arrow indicating narrowing."
"ImageCLEFmedical_Caption_2026_valid_3741","MRI showing spinal cord with arrow indicating lesion or abnormality."
"ImageCLEFmedical_Caption_2026_valid_3742","MRI scan showing spinal cord with arrow indicating lesion."
"ImageCLEFmedical_Caption_2026_valid_3743","Chest X-ray showing a central line with a measurement of 55.6 mm and a yellow arrow indicating a suspected complication or landmark."
"ImageCLEFmedical_Caption_2026_valid_3744","Brain CT scan showing multiple hyperdense foci in the cerebral parenchyma, consistent with intracranial hemorrhage."
"ImageCLEFmedical_Caption_2026_valid_3745","PET scan showing high metabolic activity in thoracic region with color-coded intensity scale."
"ImageCLEFmedical_Caption_2026_valid_3746","PET scan showing high metabolic activity in liver region with color-coded intensity scale indicating tumor presence."
"ImageCLEFmedical_Caption_2026_valid_3747","PET scan showing multiple metastatic lesions in thoracic and pelvic regions."
"ImageCLEFmedical_Caption_2026_valid_3748","PET scan showing high metabolic activity in liver region with color gradient indicating 50% PET uptake."
"ImageCLEFmedical_Caption_2026_valid_3749","PET scan showing increased metabolic activity in thoracic region with bright hotspots indicating potential tumor presence."
"ImageCLEFmedical_Caption_2026_valid_3750","Whole body PET scan showing metabolic activity with focal uptake in abdominal region."
"ImageCLEFmedical_Caption_2026_valid_3751","Ultrasound image showing multiple hypoechoic lesions within the liver parenchyma, with a large arrow indicating a region of interest and a smaller arrow pointing to a specific lesion."
"ImageCLEFmedical_Caption_2026_valid_3752","CT scan showing right lung with consolidation and air bronchogram, left lung normal."
"ImageCLEFmedical_Caption_2026_valid_3753","Ultrasound image showing a hypoechoic mass within the abdominal cavity, outlined by a dotted circle."
"ImageCLEFmedical_Caption_2026_valid_3754","CT scan showing abdominal organs with arrows indicating potential pathologies or areas of interest."
"ImageCLEFmedical_Caption_2026_valid_3755","Pelvic X-ray showing hip joint abnormalities with arrows indicating potential fractures or dislocations."
"ImageCLEFmedical_Caption_2026_valid_3756","Abdominal MRI showing a large, well-defined, hyperechoic lesion in the upper abdomen with surrounding anatomical structures."
"ImageCLEFmedical_Caption_2026_valid_3757","Echocardiogram showing a cardiac structure with a red marker indicating a specific anatomical feature."
"ImageCLEFmedical_Caption_2026_valid_3758","Catheter and stent in coronary artery during angiography."
"ImageCLEFmedical_Caption_2026_valid_3759","Echocardiogram showing mitral valve with arrow indicating possible mitral valve prolapse or regurgitation."
"ImageCLEFmedical_Caption_2026_valid_3760","Ultrasound image showing anatomical structures including superficial, dorsolateral, ventromedial, and profound regions with labeled landmarks such as mSM, aSM, and LA."
"ImageCLEFmedical_Caption_2026_valid_3761","Ultrasound image showing cervical spine with labeled anatomical structures including SCM, iJV, C5, C6, aSM, mSM, CCA, and TPC6, with red and yellow arrows indicating specific regions of interest."
"ImageCLEFmedical_Caption_2026_valid_3762","Ultrasound image showing anatomical landmarks including SCM, aSM, C5/6, C7, C8, 1st rib, iJV, VA, and LA with labeled regions and probe depth indicators."
"ImageCLEFmedical_Caption_2026_valid_3763","Ultrasound image of the brachial plexus showing nerves and surrounding structures including SCM, mSM, C5-C7, and major vessels."
"ImageCLEFmedical_Caption_2026_valid_3764","Abdominal X-ray showing intestinal obstruction with air-fluid levels and bowel distension."
"ImageCLEFmedical_Caption_2026_valid_3765","Abdominal X-ray showing gas patterns and soft tissue densities with no obvious free air or large foreign bodies."
"ImageCLEFmedical_Caption_2026_valid_3766","Abdominal CT scan showing liver, kidneys, and surrounding organs at axial view."
"ImageCLEFmedical_Caption_2026_valid_3767","MRI showing a hepatic lesion with arrow indicating focal area of interest."
"ImageCLEFmedical_Caption_2026_valid_3768","Chest X-ray showing bilateral lung opacities, mediastinal shift, and multiple central lines with visible tubing."
"ImageCLEFmedical_Caption_2026_valid_3769","Chest X-ray showing bilateral lung infiltrates, mediastinal shift, and a central line with visible coils."
"ImageCLEFmedical_Caption_2026_valid_3770","CT scan showing hepatic artery and portal vein with arrows indicating vascular structures."
"ImageCLEFmedical_Caption_2026_valid_3771","Transvaginal ultrasound image showing a large, dark, fluid-filled structure within the pelvic cavity."
"ImageCLEFmedical_Caption_2026_valid_3772","Doppler ultrasound image showing blood flow in the V.a Sakto salpinx with color-coded velocity patterns."
"ImageCLEFmedical_Caption_2026_valid_3773","Echocardiogram showing enlarged heart with irregular contours and reduced contractile function."
"ImageCLEFmedical_Caption_2026_valid_3774","Radiograph showing cardiomegaly with enlarged cardiac silhouette and possible lung field consolidation indicated by arrows."
"ImageCLEFmedical_Caption_2026_valid_3775","CT scan showing mediastinal mass with arrows indicating tumor location."
"ImageCLEFmedical_Caption_2026_valid_3776","CT scan showing abdominal aorta with arrow indicating a possible aneurysm or vascular abnormality."
"ImageCLEFmedical_Caption_2026_valid_3777","Abdominal radiograph showing dilated colon with arrow indicating obstruction."
"ImageCLEFmedical_Caption_2026_valid_3778","CT scan showing bilateral maxillary sinus opacification with air-fluid levels and adjacent sinus wall thickening."
"ImageCLEFmedical_Caption_2026_valid_3779","Root canal radiograph showing three teeth with varying levels of radiopacity and a dark central area indicating potential canal filling or obstruction."
"ImageCLEFmedical_Caption_2026_valid_3780","Root canal radiograph showing a tooth with a filled root canal and surrounding bone structure."
"ImageCLEFmedical_Caption_2026_valid_3781","CT scan showing abdominal and pelvic region with visible spinal column and organ structures."
"ImageCLEFmedical_Caption_2026_valid_3782","Abdominal CT scan showing cross-sectional view of gastrointestinal structures and surrounding organs."
"ImageCLEFmedical_Caption_2026_valid_3783","T2 FLAIR MRI showing a small lesion in the left frontal lobe."
"ImageCLEFmedical_Caption_2026_valid_3784","Heart MRI showing a large pericardial effusion indicated by the red arrow."
"ImageCLEFmedical_Caption_2026_valid_3785","Echocardiogram showing mitral valve vegetation with labeled cardiac chambers and structures."
"ImageCLEFmedical_Caption_2026_valid_3786","X-ray image showing a catheter in the thoracic region."
"ImageCLEFmedical_Caption_2026_valid_3787","Thoracic CT scan showing cardiac silhouette with surrounding mediastinal structures and rib cage."
"ImageCLEFmedical_Caption_2026_valid_3788","Thoracic CT scan showing bilateral lung fields with central airway and mediastinal structures."
"ImageCLEFmedical_Caption_2026_valid_3789","Thoracic CT scan showing bilateral lung fields with visible bronchial tree and mediastinal structures."
"ImageCLEFmedical_Caption_2026_valid_3790","MRI scan of knee joint with blue circle highlighting the medial compartment."
"ImageCLEFmedical_Caption_2026_valid_3791","MRI scan showing spinal region with annotated region metrics including min/max values, mean/SD, area, sum, and pixel count for multiple regions."
"ImageCLEFmedical_Caption_2026_valid_3792","Intraoperative radiographic image showing a catheter navigating through a vascular structure."
"ImageCLEFmedical_Caption_2026_valid_3793","Radiograph showing a child's shoulder and upper arm with a visible foreign object in the thoracic region."
"ImageCLEFmedical_Caption_2026_valid_3794","Radiograph showing a fractured humerus with visible displacement and surrounding soft tissue swelling."
"ImageCLEFmedical_Caption_2026_valid_3795","Left arm X-ray showing a large, dark, irregular shadow within the upper arm, suggesting a possible mass or lesion."
"ImageCLEFmedical_Caption_2026_valid_3796","Ultrasound image of left internal carotid artery showing plaque formation."
"ImageCLEFmedical_Caption_2026_valid_3797","CT scan showing a renal mass with arrow indicating lesion."
"ImageCLEFmedical_Caption_2026_valid_3798","CT scan showing a large mass in the right lung field."
"ImageCLEFmedical_Caption_2026_valid_3799","Portable chest X-ray showing cardiomegaly with enlarged cardiac silhouette."
"ImageCLEFmedical_Caption_2026_valid_3800","Ultrasound image showing fluid injection into superficial fascia with labeled anatomical structures including epimysium, deep fascia, and anterior-posterior orientation markers."
"ImageCLEFmedical_Caption_2026_valid_3801","MRI of knee joint with red arrow indicating meniscal tear"
"ImageCLEFmedical_Caption_2026_valid_3802","MRI of knee joint showing osteochondral lesion at the medial tibial plateau indicated by red arrow."
"ImageCLEFmedical_Caption_2026_valid_3803","Knee MRI showing a bright signal intensity region in the medial joint space, indicating possible fluid or inflammation."
"ImageCLEFmedical_Caption_2026_valid_3804","Knee MRI showing a focal lesion in the medial joint space, indicated by the red arrow."
"ImageCLEFmedical_Caption_2026_valid_3805","MRI scan showing a lesion in the shoulder joint with a red arrow indicating the area of interest."
"ImageCLEFmedical_Caption_2026_valid_3806","MRI of knee joint showing meniscal tear indicated by red arrow."
"ImageCLEFmedical_Caption_2026_valid_3807","MRI of the knee joint showing joint space and surrounding soft tissues."
"ImageCLEFmedical_Caption_2026_valid_3808","Echocardiogram showing right ventricle, left ventricle, left atrium, and ascending and descending aorta."
"ImageCLEFmedical_Caption_2026_valid_3809","Thoracic spine MRI showing vertebral bodies and spinal cord with labeled levels T1 to T11."
"ImageCLEFmedical_Caption_2026_valid_3810","Brain MRI showing symmetrical cerebral hemispheres with normal gyral pattern and no apparent mass or lesion."
"ImageCLEFmedical_Caption_2026_valid_3811","Radiographic image of hip with measured alignment markers indicating 10cm and 3cm distances along the femur."
"ImageCLEFmedical_Caption_2026_valid_3812","Radiographic image showing two teeth with arrows indicating areas of interest, likely for dental evaluation."
"ImageCLEFmedical_Caption_2026_valid_3813","Root canal with filling material visible at the apex."
"ImageCLEFmedical_Caption_2026_valid_3814","MRI showing spinal cord with circumscribed lesion at cervical level"
"ImageCLEFmedical_Caption_2026_valid_3815","CT scan showing a lytic lesion with cortical erosion in the left acetabulum, indicated by arrows."
"ImageCLEFmedical_Caption_2026_valid_3816","CT scan axial view of thoracic cavity with green anatomical landmarks indicating ventral, centro-ventral, centro-dorsal, and dorsal regions."
"ImageCLEFmedical_Caption_2026_valid_3817","Brain CT showing multiple areas of intracranial hemorrhage indicated by arrows."
"ImageCLEFmedical_Caption_2026_valid_3818","AP supine chest X-ray showing chest tube placement with visible tube trajectory."
"ImageCLEFmedical_Caption_2026_valid_3819","Portable chest X-ray showing cardiac silhouette and pulmonary fields with visible tubing and electrode placement."
"ImageCLEFmedical_Caption_2026_valid_3820","Panoramic dental radiograph showing full dental arch with visible roots, crowns, and surrounding alveolar bone."
"ImageCLEFmedical_Caption_2026_valid_3821","Panoramic radiograph showing full dental arch with visible roots, crowns, and surrounding bone structure."
"ImageCLEFmedical_Caption_2026_valid_3822","MRI scan showing labeled regions 44 and 45 in the oral cavity with a green arrow pointing to a region of interest."
"ImageCLEFmedical_Caption_2026_valid_3823","Abdominal MRI showing liver, spleen, and surrounding organs with visible vascular structures and gastrointestinal contents."
"ImageCLEFmedical_Caption_2026_valid_3824","Pelvic X-ray showing hip fracture with surgical fixation device."
"ImageCLEFmedical_Caption_2026_valid_3825","Pelvic X-ray showing hip joints and femoral heads with visible bone structure and alignment."
"ImageCLEFmedical_Caption_2026_valid_3826","CT scan showing a pelvic mass with surrounding inflammation and bowel displacement."
"ImageCLEFmedical_Caption_2026_valid_3827","CT angiogram showing a large intraluminal thrombus in the common iliac artery with significant luminal obstruction."
"ImageCLEFmedical_Caption_2026_valid_3828","CT scan showing a pulmonary nodule in the left lung field."
"ImageCLEFmedical_Caption_2026_valid_3829","CT scan showing a pulmonary nodule in the left lung field."
"ImageCLEFmedical_Caption_2026_valid_3830","CT scan showing a large abdominal mass with a yellow arrow indicating a localized area of interest."
"ImageCLEFmedical_Caption_2026_valid_3831","Radiograph showing a contrast-filled gastrointestinal tract with a yellow arrow indicating a procedural landmark or anomaly."
"ImageCLEFmedical_Caption_2026_valid_3832","Shoulder X-ray showing dislocated humerus with visible joint space and bone alignment disruption."
"ImageCLEFmedical_Caption_2026_valid_3833","X-ray showing cervical spine and thoracic region with arrow indicating abnormality at C6 level."
"ImageCLEFmedical_Caption_2026_valid_3834","MRI scan showing pelvic anatomy with measured distances between structures marked in centimeters."
"ImageCLEFmedical_Caption_2026_valid_3835","CT scan showing a large abdominal mass with a red arrow pointing to it."
"ImageCLEFmedical_Caption_2026_valid_3836","CT scan showing multiple abdominal masses indicated by arrows."
"ImageCLEFmedical_Caption_2026_valid_3837","CT scan showing abdominal aortic aneurysm with blue and yellow arrows indicating areas of concern."
"ImageCLEFmedical_Caption_2026_valid_3838","CT scan showing pelvic region with yellow arrow indicating a mass or lesion in the pelvic cavity."
"ImageCLEFmedical_Caption_2026_valid_3839","Barium swallow showing esophageal stricture with narrowing at the mid-esophagus indicated by arrow."
"ImageCLEFmedical_Caption_2026_valid_3840","Chest X-ray showing bilateral lung consolidation with mediastinal shift and presence of central line and pacemaker."
"ImageCLEFmedical_Caption_2026_valid_3841","CT scan showing bilateral pulmonary infiltrates with arrows indicating areas of consolidation."
"ImageCLEFmedical_Caption_2026_valid_3842","Liver lesion with arrow indicating focal abnormality on CT scan."
"ImageCLEFmedical_Caption_2026_valid_3843","Ultrasound image showing a dark, fluid-filled structure with surrounding tissue and measurement markers."
"ImageCLEFmedical_Caption_2026_valid_3844","Axial CT scan showing abdominal aorta with a small metallic foreign body near the right renal area."
"ImageCLEFmedical_Caption_2026_valid_3845","CT scan showing a large abdominal mass with a central cavity, surrounded by bowel loops and adjacent to the liver and spleen."
"ImageCLEFmedical_Caption_2026_valid_3846","CT scan showing cardiac silhouette with visible great vessels and surrounding thoracic structures."
"ImageCLEFmedical_Caption_2026_valid_3847","Chest X-ray showing a patient with central lines and a visible cardiac silhouette, no obvious pneumothorax or consolidation."
"ImageCLEFmedical_Caption_2026_valid_3848","Echocardiogram showing a large mass in the left atrium, indicated by the arrow."
"ImageCLEFmedical_Caption_2026_valid_3849","Angiogram showing aneurysm with thrombus formation"
"ImageCLEFmedical_Caption_2026_valid_3850","Coronary angiogram showing normal coronary arteries with labeled branches: MPA, LAD, LMCA, and LCX."
"ImageCLEFmedical_Caption_2026_valid_3851","LV lateral wall edema indicated by arrow"
"ImageCLEFmedical_Caption_2026_valid_3852","Cardiac MRI showing endocardial enhancement in the left ventricle (LV)"
"ImageCLEFmedical_Caption_2026_valid_3853","Ultrasound image showing a fetal heart with arrow indicating the cardiac region."
"ImageCLEFmedical_Caption_2026_valid_3854","CT scan showing a pulmonary nodule in the left lower lobe with a green arrow indicating the lesion."
"ImageCLEFmedical_Caption_2026_valid_3855","CT scan showing a small pulmonary nodule in the left lower lobe."
"ImageCLEFmedical_Caption_2026_valid_3856","Pelvic X-ray showing hip joint with surgical implant and anatomical landmarks labeled."
"ImageCLEFmedical_Caption_2026_valid_3857","Hip X-ray showing bilateral pelvic bones with a hip replacement implant on the left side."
"ImageCLEFmedical_Caption_2026_valid_3858","Knee X-ray showing a small, well-defined osteochondroma at the proximal tibia, indicated by the yellow arrow."
"ImageCLEFmedical_Caption_2026_valid_3859","Shoulder X-ray showing joint space measurement of 50.32 mm"
"ImageCLEFmedical_Caption_2026_valid_3860","Echocardiogram showing cardiac structure with color Doppler flow patterns indicating blood flow dynamics."
"ImageCLEFmedical_Caption_2026_valid_3861","Cardiomegaly with bilateral lung opacity on chest X-ray."
"ImageCLEFmedical_Caption_2026_valid_3862","CT scan showing a large abdominal mass indicated by the blue arrow."
"ImageCLEFmedical_Caption_2026_valid_3863","MRI scan showing a 8.54 cm lesion in the pelvic region."
"ImageCLEFmedical_Caption_2026_valid_3864","CT scan showing a renal mass with arrow indicating lesion in the right kidney."
"ImageCLEFmedical_Caption_2026_valid_3865","CT scan showing a pelvic cross-section with a blue arrow indicating a lesion or abnormality in the central pelvic region."
"ImageCLEFmedical_Caption_2026_valid_3866","Renal scan showing 13.95 cm measurement of kidney structure."
"ImageCLEFmedical_Caption_2026_valid_3867","CT scan showing a large abdominal aortic aneurysm indicated by the blue arrow."
"ImageCLEFmedical_Caption_2026_valid_3868","Axial MRI showing a large abdominal mass with a blue arrow indicating the lesion."
"ImageCLEFmedical_Caption_2026_valid_3869","Renal artery stenosis indicated by blue arrow on MRI scan."
"ImageCLEFmedical_Caption_2026_valid_3870","Abdominal MRI showing a 8.66 cm renal mass."
"ImageCLEFmedical_Caption_2026_valid_3871","CT scan showing a large renal mass with a blue arrow indicating the lesion."
"ImageCLEFmedical_Caption_2026_valid_3872","CT scan showing liver with focal lesion and adjacent vascular structures."
"ImageCLEFmedical_Caption_2026_valid_3873","Echocardiogram showing a large pericardial effusion with arrow indicating fluid collection around the heart."
"ImageCLEFmedical_Caption_2026_valid_3874","Radiograph showing a heart with a yellow arrow indicating a possible cardiac anomaly or lesion."
"ImageCLEFmedical_Caption_2026_valid_3875","CT scan showing left subclavian artery (LSA) and a staple near the thoracic inlet."
"ImageCLEFmedical_Caption_2026_valid_3876","CT scan showing a large pneumothorax on the left side with collapsed lung and visible air in the pleural space."
"ImageCLEFmedical_Caption_2026_valid_3877","Brain MRI showing a lesion in the brainstem indicated by a red arrow."
"ImageCLEFmedical_Caption_2026_valid_3878","Brain CT scan showing a small intracranial lesion indicated by a red arrow."
"ImageCLEFmedical_Caption_2026_valid_3879","MRI showing a mass in the abdominal cavity indicated by a white arrow."
"ImageCLEFmedical_Caption_2026_valid_3880","Panoramic radiograph with 155-degree beam angle indication."
"ImageCLEFmedical_Caption_2026_valid_3881","Panoramic radiograph showing dental arch with annotated measurement of 3.4 units between two reference lines."
"ImageCLEFmedical_Caption_2026_valid_3882","Panoramic radiograph showing dental arch with measurement of 2.9 mm indicated by arrow."
"ImageCLEFmedical_Caption_2026_valid_3883","Panoramic radiograph with angle measurement of 163 degrees indicated between two lines."
"ImageCLEFmedical_Caption_2026_valid_3884","Panoramic radiograph showing mandibular teeth with marked radiolucent area near the mandible, annotated with angle measurement 157."
"ImageCLEFmedical_Caption_2026_valid_3885","Radiograph showing multiple arrow-marked fractures in a child's hand and forearm."
"ImageCLEFmedical_Caption_2026_valid_3886","CT scan showing enlarged lymph nodes in the neck region."
"ImageCLEFmedical_Caption_2026_valid_3887","CT scan showing multiple arrow-marked areas of abnormality along the left lung field."
"ImageCLEFmedical_Caption_2026_valid_3888","Abdominal X-ray showing a contrast-filled surgical mesh in the pelvic region."
"ImageCLEFmedical_Caption_2026_valid_3889","Pelvic PET scan showing increased radiotracer uptake in prostate and surrounding pelvic structures."
"ImageCLEFmedical_Caption_2026_valid_3890","Ultrasound image showing a fetal structure within a gestational sac, outlined by a green rectangular region."
"ImageCLEFmedical_Caption_2026_valid_3891","Pelvic PET scan showing intense radiotracer uptake in the central pelvic region, indicative of pathological activity."
"ImageCLEFmedical_Caption_2026_valid_3892","Pelvic CT scan showing symmetrical pelvic bones and central pelvic organs."
"ImageCLEFmedical_Caption_2026_valid_3893","MRI brain showing cerebellar atrophy with reduced volume and signal intensity in the cerebellar hemispheres."
"ImageCLEFmedical_Caption_2026_valid_3894","Abdominal X-ray showing intestinal obstruction with distended bowel loops and air-fluid levels."
"ImageCLEFmedical_Caption_2026_valid_3895","Abdominal radiograph showing vertebral column and pelvic bones with soft tissue opacity suggestive of renal calculi or obstruction."
"ImageCLEFmedical_Caption_2026_valid_3896","Brain MRI showing a midline cystic lesion in the cerebral hemisphere."
"ImageCLEFmedical_Caption_2026_valid_3897","Panoramic radiograph showing multiple dental anomalies including unerupted teeth and large radiopaque lesions in the mandible."
"ImageCLEFmedical_Caption_2026_valid_3898","Panoramic radiograph showing multiple arrow-marked radiolucent lesions in the mandible and maxilla."
"ImageCLEFmedical_Caption_2026_valid_3899","Panoramic radiograph showing a radiopaque lesion in the mandible region, indicated by a red arrow."
"ImageCLEFmedical_Caption_2026_valid_3900","Panoramic radiograph highlighting impacted teeth with yellow arrows indicating potential dental anomalies."
"ImageCLEFmedical_Caption_2026_valid_3901","MRI scan showing a liver lesion with a red arrow indicating a focal abnormality."
"ImageCLEFmedical_Caption_2026_valid_3902","Abdominal MRI showing a liver lesion indicated by a red arrow."
"ImageCLEFmedical_Caption_2026_valid_3903","MRI showing a renal artery with a red arrow indicating a possible stenosis or abnormality."
"ImageCLEFmedical_Caption_2026_valid_3904","Ultrasound image showing hypodermic needle tip advancing through the trapezius muscle (TrA), with the IO and EO layers labeled."
"ImageCLEFmedical_Caption_2026_valid_3905","CT scan showing a mass in the right upper quadrant of the abdomen, indicated by the white arrow."
"ImageCLEFmedical_Caption_2026_valid_3906","CT scan showing a large pelvic mass indicated by the arrow."
"ImageCLEFmedical_Caption_2026_valid_3907","Brain MRI showing a cerebellar lesion indicated by the arrow."
"ImageCLEFmedical_Caption_2026_valid_3908","Transvaginal ultrasound image showing uterine cavity with heterogeneous echo texture and central focal point."
"ImageCLEFmedical_Caption_2026_valid_3909","Ultrasound image showing a hypoechoic lesion with a blue arrow indicating a focal area of interest."
"ImageCLEFmedical_Caption_2026_valid_3910","Echocardiogram showing left ventricular and left atrial structures with velocity color flow mapping indicating blood flow dynamics."
"ImageCLEFmedical_Caption_2026_valid_3911","Echocardiogram showing non-compaction of the left ventricle with marked trabeculations and deep intertrabecular spaces."
"ImageCLEFmedical_Caption_2026_valid_3912","Echocardiogram showing heart chambers with annotations for right ventricle (RV), left ventricle (LV), right atrium (RA), and left atrium (LA), with an arrow indicating trabeculation."
"ImageCLEFmedical_Caption_2026_valid_3913","Echocardiogram showing trabeculations in the left ventricle with labeled left atrium and heart rate of 85 bpm."
"ImageCLEFmedical_Caption_2026_valid_3914","MRI of cervical spine showing spinal cord lesion at C4-C5 level."
"ImageCLEFmedical_Caption_2026_valid_3915","Chest X-ray showing bilateral lung infiltrates with marked opacification and mediastinal shift, indicative of significant pulmonary pathology."
"ImageCLEFmedical_Caption_2026_valid_3916","Thoracic CT scan showing bilateral lung parenchyma with diffuse ground-glass opacities and consolidation, consistent with viral pneumonia or interstitial lung disease."
"ImageCLEFmedical_Caption_2026_valid_3917","Corneal thinning and optic nerve head elevation indicated by arrows and asterisk on axial CT scan."
"ImageCLEFmedical_Caption_2026_valid_3918","CT scan showing aortic dissection with arrow indicating tear site."
"ImageCLEFmedical_Caption_2026_valid_3919","CT scan showing wrist joint with measured dimensions of 14.2 mm and 16.5 mm, indicated by green lines and a blue arrow."
"ImageCLEFmedical_Caption_2026_valid_3920","Panoramic dental radiograph with highlighted mandibular and maxillary dental arches."
"ImageCLEFmedical_Caption_2026_valid_3921","Panoramic dental radiograph showing full dental arch with visible teeth, jawbone, and surrounding structures."
"ImageCLEFmedical_Caption_2026_valid_3922","X-ray of foot showing a fracture at the base of the toe."
"ImageCLEFmedical_Caption_2026_valid_3923","X-ray of a foot showing all five metatarsals and phalanges with normal bone alignment and no obvious fractures or deformities."
"ImageCLEFmedical_Caption_2026_valid_3924","Abdominal CT scan showing liver with multiple hyperechoic lesions and surrounding vascular structures."
"ImageCLEFmedical_Caption_2026_valid_3925","Ultrasound image showing a central, dark, circular structure within a dashed outline, surrounded by heterogeneous tissue."
"ImageCLEFmedical_Caption_2026_valid_3926","CT scan showing abdominal cross-section with arrow indicating a lesion in the pancreatic region."
"ImageCLEFmedical_Caption_2026_valid_3927","Brain MRI showing multiple intracranial lesions indicated by arrows."
"ImageCLEFmedical_Caption_2026_valid_3928","MRA showing bilateral cerebral arteries with arrow indicating stenosis or occlusion"
"ImageCLEFmedical_Caption_2026_valid_3929","X-ray showing metaphyseal bands in the femur and tibia"
"ImageCLEFmedical_Caption_2026_valid_3930","Chest X-ray showing bilateral pulmonary infiltrates and a central mediastinal shift."
"ImageCLEFmedical_Caption_2026_valid_3931","Pelvic MRI showing hip joints and surrounding soft tissues with central spinal canal visualization."
"ImageCLEFmedical_Caption_2026_valid_3932","MRI of the ankle and foot showing joint alignment and surrounding soft tissue structures."
"ImageCLEFmedical_Caption_2026_valid_3933","Ultrasound image showing shear wave propagation with labeled search pulse and push pulse, alongside a measurement chart displaying velocity and strain values."
"ImageCLEFmedical_Caption_2026_valid_3934","Panoramic radiograph showing a radiopaque lesion in the mandibular region indicated by a red arrow."
"ImageCLEFmedical_Caption_2026_valid_3935","Brain CT scan showing a large intracranial mass lesion with associated midline shift and hydrocephalus."
"ImageCLEFmedical_Caption_2026_valid_3936","Echocardiogram showing left atrium (LA), left ventricle (LV), and aortic valve (AAO) with LIOA measurement indicated by red lines and markers."
"ImageCLEFmedical_Caption_2026_valid_3937","Ultrasound image showing liver with post biopsy area indicated"
"ImageCLEFmedical_Caption_2026_valid_3938","Ultrasound image showing a fetal structure with visible contours and internal echoes."
"ImageCLEFmedical_Caption_2026_valid_3939","Radiograph of the femur with labeled anatomical regions A, B, and C."
"ImageCLEFmedical_Caption_2026_valid_3940","MRI showing brain with arrow pointing to a lesion in the midbrain region."
"ImageCLEFmedical_Caption_2026_valid_3941","CT scan showing pulmonary nodule in the right lung field."
"ImageCLEFmedical_Caption_2026_valid_3942","CT scan showing a small pulmonary nodule indicated by a red arrow in the lower lobe of the lung."
"ImageCLEFmedical_Caption_2026_valid_3943","CT scan showing a large intraperitoneal mass with a yellow arrow indicating the lesion."
"ImageCLEFmedical_Caption_2026_valid_3944","Coronal CT scan showing spinal column, ribs, and pelvic bones with no apparent fractures or abnormalities."
"ImageCLEFmedical_Caption_2026_valid_3945","Echocardiogram showing mitral valve regurgitation with red arrow indicating flow jet."
"ImageCLEFmedical_Caption_2026_valid_3946","CT scan showing right upper lobe lung consolidation with arrow indicating area of interest."
"ImageCLEFmedical_Caption_2026_valid_3947","MRI showing a renal mass with arrow indicating lesion location."
"ImageCLEFmedical_Caption_2026_valid_3948","Spinal MRI showing a lesion at the level of the cervical spine indicated by the arrow."
"ImageCLEFmedical_Caption_2026_valid_3949","Spinal MRI showing a lesion at the level of the yellow arrow."
"ImageCLEFmedical_Caption_2026_valid_3950","MRI scan showing spinal cord with arrow indicating lesion or abnormality."
"ImageCLEFmedical_Caption_2026_valid_3951","Spinal MRI showing vertebral body and spinal canal abnormalities indicated by arrows."
"ImageCLEFmedical_Caption_2026_valid_3952","Abdominal radiograph showing air-fluid levels and bowel gas pattern with arrow indicating suspected obstruction or distension."
"ImageCLEFmedical_Caption_2026_valid_3953","CT scan showing liver with arrow indicating lesion."
"ImageCLEFmedical_Caption_2026_valid_3954","CT scan showing measured anatomical distances within a joint space with labeled measurements in millimeters."
"ImageCLEFmedical_Caption_2026_valid_3955","Inferior Epigastric, Common Femoral Artery, Femoral Head, Access Sheath, Femoral Artery Bifurcation"
"ImageCLEFmedical_Caption_2026_valid_3956","Abdominal CT scan showing a large, well-defined, hyperechoic mass in the right upper quadrant, with arrows indicating its location and extent."
"ImageCLEFmedical_Caption_2026_valid_3957","Radiograph of wrist showing carpal bones with red overlay indicating points A, B, and C for measurement."
"ImageCLEFmedical_Caption_2026_valid_3958","Anterior-posterior chest X-ray showing a 3.1 mm foreign body in the right upper lung field, indicated by the red arrow."
"ImageCLEFmedical_Caption_2026_valid_3959","Radiograph showing a small, well-defined, radiopaque foreign body in the left upper quadrant of the thoracic cavity, indicated by the red arrow."
"ImageCLEFmedical_Caption_2026_valid_3960","CT scan showing a pulmonary nodule with an arrow indicating the lesion."
"ImageCLEFmedical_Caption_2026_valid_3961","CT scan showing lung nodule indicated by arrow."
"ImageCLEFmedical_Caption_2026_valid_3962","PA chest X-ray showing bilateral infiltrates with arrows indicating areas of consolidation."
"ImageCLEFmedical_Caption_2026_valid_3963","Radiographic image showing a tooth with three root canals."
"ImageCLEFmedical_Caption_2026_valid_3964","Radiographic image of a tooth with visible root canal and surrounding bone structure."
"ImageCLEFmedical_Caption_2026_valid_3965","Echocardiogram showing mitral valve with annotations indicating valve leaflet motion and potential stenosis or regurgitation."
"ImageCLEFmedical_Caption_2026_valid_3966","Echocardiogram showing heart structure with arrows indicating specific regions."
"ImageCLEFmedical_Caption_2026_valid_3967","Heart MRI showing atrial enlargement with arrows indicating atrial chambers."
"ImageCLEFmedical_Caption_2026_valid_3968","Axial CT scan showing cerebral structures with symmetrical ventricles and no evident mass or hemorrhage."
"ImageCLEFmedical_Caption_2026_valid_3969","Spinal radiograph showing vertebral alignment with 33.8° lumbar lordosis angle."
"ImageCLEFmedical_Caption_2026_valid_3970","Ultrasound image showing layered structures including PMM, IIM, TTM, PL, and Lung."
"ImageCLEFmedical_Caption_2026_valid_3971","Panoramic radiograph showing dental arch with visible teeth and jawbone structure."
"ImageCLEFmedical_Caption_2026_valid_3972","Pulmonary infiltrates with bilateral interstitial opacities and right upper lobe consolidation."
"ImageCLEFmedical_Caption_2026_valid_3973","CT scan showing bilateral pulmonary infiltrates with arrows indicating areas of consolidation."
"ImageCLEFmedical_Caption_2026_valid_3974","X-ray showing a long bone with two internal fixation plates and a fracture site indicated by arrows."
"ImageCLEFmedical_Caption_2026_valid_3975","Postoperative shoulder MRI showing surgical screws in the glenohumeral joint."
"ImageCLEFmedical_Caption_2026_valid_3976","CT scan showing a 0.30 cm renal lesion."
"ImageCLEFmedical_Caption_2026_valid_3977","CT scan showing abdominal and pelvic structures with a 15-degree angle of view."
"ImageCLEFmedical_Caption_2026_valid_3978","MRI of knee joint showing joint space, menisci, and surrounding soft tissues."
"ImageCLEFmedical_Caption_2026_valid_3979","Transvaginal ultrasound image showing pelvic anatomy with measurement indicators."
"ImageCLEFmedical_Caption_2026_valid_3980","Anterior shoulder X-ray showing dislocated humerus with evident joint space and displaced bone fragment."
"ImageCLEFmedical_Caption_2026_valid_3981","Posterior shoulder fixation with plate and screws in place."
"ImageCLEFmedical_Caption_2026_valid_3982","Brain MRI showing symmetric hyperintense lesions in the brainstem region indicated by arrows."
"ImageCLEFmedical_Caption_2026_valid_3983","CT scan showing aortic dissection with yellow arrow indicating the tear in the aortic wall."
"ImageCLEFmedical_Caption_2026_valid_3984","CT scan showing mediastinal mass with adjacent lung compression."
"ImageCLEFmedical_Caption_2026_valid_3985","Brain MRI showing symmetrical cortical gyri and sulci with no obvious lesions or structural abnormalities."
"ImageCLEFmedical_Caption_2026_valid_3986","Echocardiogram showing a large pericardial effusion with red and blue arrows indicating fluid accumulation around the heart."
"ImageCLEFmedical_Caption_2026_valid_3987","Axial MRI showing intracranial lesion with arrow indicating abnormal signal intensity."
"ImageCLEFmedical_Caption_2026_valid_3988","Color Doppler echocardiogram showing turbulent blood flow with a red arrow indicating a regurgitant jet."
"ImageCLEFmedical_Caption_2026_valid_3989","CT scan showing a large pericardial effusion with a prominent fluid collection around the heart."
"ImageCLEFmedical_Caption_2026_valid_3990","CT scan showing cardiac silhouette with arrow pointing to inferior vena cava region and star indicating myocardial area."
"ImageCLEFmedical_Caption_2026_valid_3991","CT scan showing enlarged liver with arrow indicating focal lesion and triangle marking adjacent bowel gas pattern."
"ImageCLEFmedical_Caption_2026_valid_3992","CT scan showing bilateral pulmonary infiltrates with arrows indicating areas of consolidation."
"ImageCLEFmedical_Caption_2026_valid_3993","CT scan showing bilateral renal masses with arrow indicators."
"ImageCLEFmedical_Caption_2026_valid_3994","MRI showing multiple intramuscular lesions in the thigh with red arrow markers."
"ImageCLEFmedical_Caption_2026_valid_3995","CT scan showing cervical spine with arrow indicating possible lesion or abnormality in the cervical region."
"ImageCLEFmedical_Caption_2026_valid_3996","PET scan showing multiple hypermetabolic lesions in the gastrointestinal tract indicated by red arrows."
"ImageCLEFmedical_Caption_2026_valid_3997","Angiographic view showing a catheter navigating through a vascular structure with multiple arrows indicating points of interest."
"ImageCLEFmedical_Caption_2026_valid_3998","Angiogram showing a vascular lesion with contrast medium highlighting the abnormal vessel structure."
"ImageCLEFmedical_Caption_2026_valid_3999","Pelvic X-ray showing a surgical fixator and screws in the hip region."
"ImageCLEFmedical_Caption_2026_valid_4000","Ultrasound image showing layered tissue structures with three vertical markers indicating depth."
"ImageCLEFmedical_Caption_2026_valid_4001","CT scan showing middle ear with red arrow indicating ossicular chain disruption"
"ImageCLEFmedical_Caption_2026_valid_4002","CT scan showing a mass in the right middle ear region."
"ImageCLEFmedical_Caption_2026_valid_4003","Ultrasound image showing a fluid-filled structure with color Doppler overlay indicating blood flow."
"ImageCLEFmedical_Caption_2026_valid_4004","C2 Lytic Mass on cervical spine MRI"
"ImageCLEFmedical_Caption_2026_valid_4005","X-ray showing a femoral shaft fracture with crossed intramedullary nails for stabilization."
"ImageCLEFmedical_Caption_2026_valid_4006","Brain MRI showing a lesion in the left cerebral hemisphere indicated by a red arrow."
"ImageCLEFmedical_Caption_2026_valid_4007","Brain MRI showing a lesion in the left cerebral hemisphere indicated by a red arrow."
"ImageCLEFmedical_Caption_2026_valid_4008","CT scan showing pelvic bones with arrow indicating lesion in left lower quadrant."
"ImageCLEFmedical_Caption_2026_valid_4009","Abdominal X-ray showing multiple air-fluid levels and a metallic object in the bowel region."
"ImageCLEFmedical_Caption_2026_valid_4010","Coronary angiogram showing patent vessel with contrast medium flow."
"ImageCLEFmedical_Caption_2026_valid_4011","Coronary angiogram showing patent vessels with no visible stenosis or blockage."
"ImageCLEFmedical_Caption_2026_valid_4012","Coronary angiogram showing patent vessel with no visible stenosis or blockage."
"ImageCLEFmedical_Caption_2026_valid_4013","CT scan showing a mass in the left lung field, indicated by the yellow arrow."
"ImageCLEFmedical_Caption_2026_valid_4014","Thoracic X-ray showing a yellow arrow pointing to a region of increased opacity in the left upper lung field."
"ImageCLEFmedical_Caption_2026_valid_4015","Hip X-ray showing asymmetrical acetabular alignment and a shortened right femoral head."
"ImageCLEFmedical_Caption_2026_valid_4016","CT scan showing nasal cavity with yellow arrow indicating nasal septum and blue arrow pointing to paranasal sinus region."
"ImageCLEFmedical_Caption_2026_valid_4017","Ultrasound image showing labeled anatomical structures: TM, RM, ESM, and TP."
"ImageCLEFmedical_Caption_2026_valid_4018","Echocardiogram showing left and right ventricles with labeled structures including TDA, LDM, SAM, ICM, and R."
"ImageCLEFmedical_Caption_2026_valid_4019","Ultrasound image showing right and left thyroid lobes with PMM and ICM annotations."
"ImageCLEFmedical_Caption_2026_valid_4020","Ultrasound image showing fetal movement with a yellow cross marker indicating the location of the fetus."
"ImageCLEFmedical_Caption_2026_valid_4021","Axial brain MRI showing symmetrical hyperintense lesions in the cerebral hemispheres and midbrain, consistent with multiple sclerosis plaques."
"ImageCLEFmedical_Caption_2026_valid_4022","MRI of cervical spine showing vertebral levels C2 to T1 with measured intervertebral disc spaces of 12.1 mm and 14.8 mm."
"ImageCLEFmedical_Caption_2026_valid_4023","MRI of lumbar spine showing vertebral bodies and intervertebral discs with labeled levels from T12 to S1."
"ImageCLEFmedical_Caption_2026_valid_4024","Renal mass with central necrosis and peripheral enhancement on MRI."
"ImageCLEFmedical_Caption_2026_valid_4025","Arrow indicates a contrast-filled ureteral stent within the urinary tract."
"ImageCLEFmedical_Caption_2026_valid_4026","Pneumothorax with visible air collection in the left lung field indicated by arrow."
"ImageCLEFmedical_Caption_2026_valid_4027","Chest X-ray showing bilateral pulmonary infiltrates with arrows indicating areas of consolidation."
"ImageCLEFmedical_Caption_2026_valid_4028","Angiogram showing cerebral vasculature with stent placement indicated by arrows."
"ImageCLEFmedical_Caption_2026_valid_4029","CT scan showing multiple pulmonary nodules with red arrows and a large central mass indicated by a blue arrow."
"ImageCLEFmedical_Caption_2026_valid_4030","CT scan showing a large mass in the upper limb with surrounding soft tissue and bone structures visible."
"ImageCLEFmedical_Caption_2026_valid_4031","Ultrasound image showing median, ulnar, and vagal nerve cross-sectional areas with annotated trunks and measurement data."
"ImageCLEFmedical_Caption_2026_valid_4032","Intracardiac catheterization with guidewire and contrast medium visualization."
"ImageCLEFmedical_Caption_2026_valid_4033","Ultrasound image showing fetal head with CAx marker and orange outlines indicating fetal structures."
"ImageCLEFmedical_Caption_2026_valid_4034","Brain MRI showing a lesion in the cerebellum indicated by arrow."
"ImageCLEFmedical_Caption_2026_valid_4035","Brain MRI showing cerebellar atrophy with arrow indicating volume loss."
"ImageCLEFmedical_Caption_2026_valid_4036","MRI showing cerebellar atrophy with arrow indicating volume loss in cerebellar structures."
"ImageCLEFmedical_Caption_2026_valid_4037","Ultrasound image showing VM, RF, and VI with measurements of 1.32 cm and 1.07 cm."
"ImageCLEFmedical_Caption_2026_valid_4038","Angiographic view showing contrast-filled coronary artery with labeled segments L1 and L2 and directional flow indicated by arrows."
"ImageCLEFmedical_Caption_2026_valid_4039","CT scan showing a large bowel obstruction with a blue arrow indicating the location of the obstruction."
"ImageCLEFmedical_Caption_2026_valid_4040","MRI scan showing a long bone with a prominent lesion or abnormality in the proximal region."
"ImageCLEFmedical_Caption_2026_valid_4041","Ultrasound image showing abdominal region with anatomical overlay and measurement markers."
"ImageCLEFmedical_Caption_2026_valid_4042","Posteroanterior chest X-ray showing cardiac silhouette with multiple metallic implants or devices visible within the thoracic region."
"ImageCLEFmedical_Caption_2026_valid_4043","Port upright chest X-ray showing cardiac silhouette with multiple radiopaque implants and a central line catheter."
"ImageCLEFmedical_Caption_2026_valid_4044","CT scan showing bilateral pulmonary nodules with arrows indicating lesions in the lower lobes."
"ImageCLEFmedical_Caption_2026_valid_4045","Thoracic CT scan showing bilateral lung fields with visible bronchial tree and mediastinal structures."
"ImageCLEFmedical_Caption_2026_valid_4046","CT scan showing bilateral pulmonary consolidation with ground-glass opacities and peripheral lung involvement."
"ImageCLEFmedical_Caption_2026_valid_4047","Hip joint radiograph showing total hip replacement prosthesis with acetabular and femoral components."
"ImageCLEFmedical_Caption_2026_valid_4048","Ultrasonic image showing a hypoechoic mass with dimensions 134.6mm and 187.4mm, indicated by a blue arrow."
"ImageCLEFmedical_Caption_2026_valid_4049","Intravascular catheter placement with bilateral arrow indicators."
"ImageCLEFmedical_Caption_2026_valid_4050","Pregnancy ultrasound showing fetal crown-rump length of 50.2mm at 11 weeks and 5 days gestation."
"ImageCLEFmedical_Caption_2026_valid_4051","MRI showing pelvic mass with arrow indicating lesion."
"ImageCLEFmedical_Caption_2026_valid_4052","Ultrasound image showing left kidney with arrow indicating a structure within the renal region."
"ImageCLEFmedical_Caption_2026_valid_4053","MRI of ankle and foot showing joint structures with labeled regions: HAL (hindfoot), PLH (plantar heel), ARF (anterior foot region), and FPR (forefoot region)."
"ImageCLEFmedical_Caption_2026_valid_4054","Left ankle X-ray showing joint space and bone alignment"
"ImageCLEFmedical_Caption_2026_valid_4055","Left ankle X-ray showing joint space and bone alignment"
"ImageCLEFmedical_Caption_2026_valid_4056","Left ankle X-ray showing joint space narrowing and bone density changes consistent with osteoarthritis."
"ImageCLEFmedical_Caption_2026_valid_4057","Radiograph showing a tooth with a marked area indicating potential periodontal bone loss or lesion."
"ImageCLEFmedical_Caption_2026_valid_4058","Radiograph showing two teeth with arrows indicating specific areas of interest."
"ImageCLEFmedical_Caption_2026_valid_4059","Angiogram showing left anterior descending artery (LAD) with arrow indication"
"ImageCLEFmedical_Caption_2026_valid_4060","Ultrasound image showing hepatic parenchyma with color Doppler flow signals indicating blood flow patterns."
"ImageCLEFmedical_Caption_2026_valid_4061","Ultrasound image showing a fetal heart with color Doppler flow, indicated by a blue and red region, with a white arrow pointing to the structure."
"ImageCLEFmedical_Caption_2026_valid_4062","CT scan showing hepatic lesion with arrow indicating mass and star marking another lesion."
"ImageCLEFmedical_Caption_2026_valid_4063","CT scan showing large abdominal mass with red arrow indicating lesion and white arrow pointing to surrounding structures."
"ImageCLEFmedical_Caption_2026_valid_4064","CT scan showing liver with multiple lesions and splenic artery aneurysm indicated by arrows and stars."
"ImageCLEFmedical_Caption_2026_valid_4065","Radiograph of left forearm showing a fracture in the distal radius indicated by a blue arrow."
"ImageCLEFmedical_Caption_2026_valid_4066","CT scan showing a 120 mm lesion in the right lower lobe of the lung."
"ImageCLEFmedical_Caption_2026_valid_4067","Color Doppler echocardiogram showing tricuspid regurgitation with labeled TR jet."
"ImageCLEFmedical_Caption_2026_valid_4068","Radiograph of lower limbs showing alignment lines and angular measurement markers for hip and knee assessment."
"ImageCLEFmedical_Caption_2026_valid_4069","Chest X-ray showing bilateral infiltrates and a central line in the right upper chest."
"ImageCLEFmedical_Caption_2026_valid_4070","Portable chest X-ray showing cardiac silhouette with intrathoracic devices and arrows indicating electrode placement."
"ImageCLEFmedical_Caption_2026_valid_4071","MRI scan showing spinal region with fat fraction measurement of 28% in both indicated areas."
"ImageCLEFmedical_Caption_2026_valid_4072","MRI showing cervical spine with red arrow indicating a lesion or abnormality in the cervical region."
"ImageCLEFmedical_Caption_2026_valid_4073","CT scan showing a large intracranial hemorrhage indicated by the red arrow."
"ImageCLEFmedical_Caption_2026_valid_4074","Abdominal X-ray showing spinal alignment and pelvic bones with visible gas patterns in the gastrointestinal tract."
"ImageCLEFmedical_Caption_2026_valid_4075","Coronal CT scan showing spinal column, kidneys, and pelvic bones with no apparent abnormalities."
"ImageCLEFmedical_Caption_2026_valid_4076","Chest X-ray showing enlarged heart and increased lung markings, indicative of cardiomegaly and possible pulmonary congestion."
"ImageCLEFmedical_Caption_2026_valid_4077","Arrow indicates a radiopaque foreign body or device within the gastrointestinal tract."
"ImageCLEFmedical_Caption_2026_valid_4078","CT scan showing thoracic cross-section with arrows indicating lung fields and mediastinum."
"ImageCLEFmedical_Caption_2026_valid_4079","MRI scan showing cervical spine with visible vertebral bodies and spinal cord."
"ImageCLEFmedical_Caption_2026_valid_4080","Abdominal X-ray showing gas patterns and bowel loops with no obvious obstruction or free air under the diaphragm."
"ImageCLEFmedical_Caption_2026_valid_4081","MRI showing cerebral structures with multiple white arrow indicators and a star marker highlighting specific regions."
"ImageCLEFmedical_Caption_2026_valid_4082","Brain CT scan showing intracranial hemorrhage with adjacent edema and midline shift."
"ImageCLEFmedical_Caption_2026_valid_4083","Brain CT scan showing normal anatomy with no apparent abnormalities."
"ImageCLEFmedical_Caption_2026_valid_4084","Abdominal CT scan showing liver, spleen, and gastrointestinal structures with no obvious acute pathology."
"ImageCLEFmedical_Caption_2026_valid_4085","Ultrasound image showing a sigmoid-shaped structure highlighted in green within a grayscale scan."
"ImageCLEFmedical_Caption_2026_valid_4086","CT scan showing bilateral pulmonary nodules and airway thickening with mediastinal shift."
"ImageCLEFmedical_Caption_2026_valid_4087","MRI of knee joint showing joint space and surrounding structures with arrows indicating specific areas of interest."
"ImageCLEFmedical_Caption_2026_valid_4088","Cervical spine X-ray showing vertebral alignment with marked intervertebral space and spinal curvature."
"ImageCLEFmedical_Caption_2026_valid_4089","CT scan showing bilateral lung consolidation with arrows indicating affected areas."
"ImageCLEFmedical_Caption_2026_valid_4090","CT scan showing bilateral pulmonary nodules with arrows indicating areas of interest."
"ImageCLEFmedical_Caption_2026_valid_4091","Ultrasound image showing the common bile duct, gallbladder with gallstone, and pancreas."
"ImageCLEFmedical_Caption_2026_valid_4092","CT scan showing intracranial hemorrhage at the level of the brainstem."
"ImageCLEFmedical_Caption_2026_valid_4093","Radiograph showing pediatric knee with blue arrow indicating osteochondroma at distal femur."
"ImageCLEFmedical_Caption_2026_valid_4094","Ultrasound image showing liver with multiple hypoechoic lesions and surrounding vasculature."
"ImageCLEFmedical_Caption_2026_valid_4095","Brain CT scan showing a hypodense lesion in the posterior fossa, indicated by the blue arrow."
"ImageCLEFmedical_Caption_2026_valid_4096","Left humerus with visible fracture line indicated by blue arrow."
"ImageCLEFmedical_Caption_2026_valid_4097","Brain CT scan showing a focal area of increased density in the cerebral hemisphere, indicated by the blue arrow."
"ImageCLEFmedical_Caption_2026_valid_4098","Abdominal X-ray showing bowel gas pattern with a blue arrow indicating a specific region of interest."
"ImageCLEFmedical_Caption_2026_valid_4099","Angiographic view showing a catheter positioned within a vascular structure."
"ImageCLEFmedical_Caption_2026_valid_4100","MRI showing brainstem with arrow indicating lesion in pons region."
"ImageCLEFmedical_Caption_2026_valid_4101","MRI showing cervical spinal cord with red arrow indicating lesion or abnormality."
"ImageCLEFmedical_Caption_2026_valid_4102","MRI showing brain with arrow pointing to pituitary gland region"
"ImageCLEFmedical_Caption_2026_valid_4103","Panoramic radiograph showing maxillary and mandibular teeth with arrows indicating specific dental structures."
"ImageCLEFmedical_Caption_2026_valid_4104","MRI scan showing hip joint with annotated landmarks a and b indicating specific anatomical features."
"ImageCLEFmedical_Caption_2026_valid_4105","MRI scan showing hip joint with visible joint space and surrounding soft tissues."
"ImageCLEFmedical_Caption_2026_valid_4106","MRI scan showing spinal anatomy with labeled lines a1, a2, b and angle A."
"ImageCLEFmedical_Caption_2026_valid_4107","R Supine chest X-ray showing multiple linear radiopaque lines extending from the neck down the thoracic cavity, with a measured distance of 11.95 cm indicated on the left side."
"ImageCLEFmedical_Caption_2026_valid_4108","Color Doppler ultrasound image showing a patent ductus arteriosus (PDA) with blood flow indicated by color mapping."
"ImageCLEFmedical_Caption_2026_valid_4109","CT scan showing pulmonary nodule in right lower lobe with arrow indication"
"ImageCLEFmedical_Caption_2026_valid_4110","Chest X-ray showing bilateral lung opacities and cardiomegaly."
"ImageCLEFmedical_Caption_2026_valid_4111","Color Doppler ultrasound image showing vascular structures within the pelvic region, with color-coded blood flow and grayscale tissue contrast."
"ImageCLEFmedical_Caption_2026_valid_4112","Ultrasonic image showing a large, dark, fluid-filled structure with measurement markers indicating dimensions of 5.14 cm and 2.01 cm, alongside a schematic representation of the pelvic anatomy."
"ImageCLEFmedical_Caption_2026_valid_4113","Ultrasound image showing a dark, circular structure with labeled measurements: 3 mm, OND, and ONSD."
"ImageCLEFmedical_Caption_2026_valid_4114","MRI scan showing a 3.69 cm lesion in the upper abdomen with a 1.76 cm diameter measurement indicated by the red arrow."
"ImageCLEFmedical_Caption_2026_valid_4115","CT scan showing a contrast-enhanced abdominal cross-section with a red arrow pointing to a structure in the central region."
"ImageCLEFmedical_Caption_2026_valid_4116","PET-CT scan showing increased metabolic activity in the liver and adjacent structures, indicated by white and red arrows."
"ImageCLEFmedical_Caption_2026_valid_4117","CT scan showing contrast-enhanced abdominal organs with arrows indicating specific structures or lesions."
"ImageCLEFmedical_Caption_2026_valid_4118","CT scan showing a large abdominal aortic aneurysm indicated by the yellow arrow."
"ImageCLEFmedical_Caption_2026_valid_4119","CT scan showing cervical spine with red triangle indicating a vertebral body lesion."
"ImageCLEFmedical_Caption_2026_valid_4120","CT scan showing cardiac and thoracic structures with highlighted areas indicating potential abnormalities or regions of interest."
"ImageCLEFmedical_Caption_2026_valid_4121","AP chest X-ray showing pneumoperitoneum with arrow indication"
"ImageCLEFmedical_Caption_2026_valid_4122","Transvaginal ultrasound showing uterine cavity with heterogeneous echo texture and focal areas of increased vascularity indicated by color Doppler signal."
"ImageCLEFmedical_Caption_2026_valid_4123","Transvaginal ultrasound image showing a heterogeneous pelvic mass with irregular borders and mixed echogenicity."
"ImageCLEFmedical_Caption_2026_valid_4124","MRI scan showing fourth ventricle and cerebellar folia"
"ImageCLEFmedical_Caption_2026_valid_4125","MRI scan highlighting cerebellum, pons, and fourth ventricle in brain cross-section."
"ImageCLEFmedical_Caption_2026_valid_4126","Brain MRI showing enlarged ventricular system with a yellow arrow indicating the central sulcus."
"ImageCLEFmedical_Caption_2026_valid_4127","Brain MRI showing cerebellar atrophy with symmetric signal changes in the cerebellar hemispheres."
"ImageCLEFmedical_Caption_2026_valid_4128","MRI brain image highlighting cerebellar peduncles, cerebellar folia, and the hot cross bun sign."
"ImageCLEFmedical_Caption_2026_valid_4129","Hot cross bun sign on MRI showing central lesion with surrounding ring-like enhancement."
"ImageCLEFmedical_Caption_2026_valid_4130","Echocardiogram showing right ventricular outflow tract (RVOT) and left ventricle (LV) with depth markers and ECG trace."
"ImageCLEFmedical_Caption_2026_valid_4131","Echocardiogram showing heart chambers with labels: RV, LA, RA, and LV."
"ImageCLEFmedical_Caption_2026_valid_4132","Radiographic image showing a central venous catheter with annotations indicating key landmarks and positioning within the thoracic region."
"ImageCLEFmedical_Caption_2026_valid_4133","Radiograph showing a fracture of the humerus indicated by the red arrow."
"ImageCLEFmedical_Caption_2026_valid_4134","Shoulder X-ray showing a fracture of the humerus indicated by the red arrow."
"ImageCLEFmedical_Caption_2026_valid_4135","Radiograph showing shoulder with surgical fixation including a long rod and screws, indicated by red arrow."
"ImageCLEFmedical_Caption_2026_valid_4136","Radiograph showing shoulder with proximal humerus fracture treated with intramedullary nail and screws."
"ImageCLEFmedical_Caption_2026_valid_4137","Right humerus fracture with visible displacement and associated hardware."
"ImageCLEFmedical_Caption_2026_valid_4138","Radiograph showing left humerus with intramedullary nail fixation."
"ImageCLEFmedical_Caption_2026_valid_4139","Radiograph showing a long bone with a cortical defect and an implanted intramedullary nail."
"ImageCLEFmedical_Caption_2026_valid_4140","Radiograph of the shoulder showing a long bone with a surgical nail and a red arrow pointing to a fracture site."
"ImageCLEFmedical_Caption_2026_valid_4141","Chest X-ray showing bilateral lung opacities with no obvious pleural effusion or pneumothorax."
"ImageCLEFmedical_Caption_2026_valid_4142","Radiograph showing right humerus with intramedullary nail and a red arrow indicating a fracture site."
"ImageCLEFmedical_Caption_2026_valid_4143","Left shoulder radiograph showing a fracture at the proximal humerus."
"ImageCLEFmedical_Caption_2026_valid_4144","Abdominal CT scan showing liver, spleen, and spinal column with no obvious abnormalities."
"ImageCLEFmedical_Caption_2026_valid_4145","Intracardiac mass with color Doppler flow signal detected on echocardiogram."
"ImageCLEFmedical_Caption_2026_valid_4146","Color Doppler ultrasound image showing a cardiac structure with blue and red flow signals indicating blood flow direction."
"ImageCLEFmedical_Caption_2026_valid_4147","Ultrasound image showing fetal heart with color Doppler flow visualization."
"ImageCLEFmedical_Caption_2026_valid_4148","Chest X-ray showing a child with a central line and a pacemaker in the mediastinum."
"ImageCLEFmedical_Caption_2026_valid_4149","Transvaginal ultrasound image showing heterogeneous pelvic organ with irregular echotexture and fluid-filled structures."
"ImageCLEFmedical_Caption_2026_valid_4150","MRI scan showing pelvic region with labeled structures 1 and 2."
"ImageCLEFmedical_Caption_2026_valid_4151","MRI showing splenic and spinal hemangiomas with labeled lesions."
"ImageCLEFmedical_Caption_2026_valid_4152","Pelvic X-ray showing bilateral hip joints with normal alignment and no obvious fractures or dislocations."
"ImageCLEFmedical_Caption_2026_valid_4153","Supine chest X-ray showing bilateral lung fields with visible mediastinal shadow and central line placement."
"ImageCLEFmedical_Caption_2026_valid_4154","Chest X-ray showing a patient with a central line in the right upper chest and a visible pacemaker device in the thoracic region."
"ImageCLEFmedical_Caption_2026_valid_4155","CT scan showing cervical spine with arrow indicating abnormality in cervical region."
"ImageCLEFmedical_Caption_2026_valid_4156","CT scan showing a large mediastinal mass with a central airway obstruction indicated by the arrow."
"ImageCLEFmedical_Caption_2026_valid_4157","CT scan showing cervical lymphadenopathy with arrows indicating enlarged lymph nodes."
"ImageCLEFmedical_Caption_2026_valid_4158","Thoracic CT scan showing mediastinal structures with a central vertical marker."
"ImageCLEFmedical_Caption_2026_valid_4159","CT scan showing mediastinal mass with vascular invasion arrow pointing to lesion in thoracic cavity"
"ImageCLEFmedical_Caption_2026_valid_4160","Brain MRI showing a lesion in the cerebellum."
"ImageCLEFmedical_Caption_2026_valid_4161","CT scan showing a cervical lymph node with a red circle indicating a potential lesion."
"ImageCLEFmedical_Caption_2026_valid_4162","Brain MRI showing a lesion in the cerebellum indicated by the arrow."
"ImageCLEFmedical_Caption_2026_valid_4163","CT scan showing a large mass in the right upper quadrant of the abdomen, with the arrow indicating the lesion."
"ImageCLEFmedical_Caption_2026_valid_4164","Radiograph showing a small, well-defined, radiopaque lesion in the right lower lobe of the lung."
"ImageCLEFmedical_Caption_2026_valid_4165","MRI scan highlighting a double-rumen tube in the thoracic region."
"ImageCLEFmedical_Caption_2026_valid_4166","Left-sided pleural effusion with arrow indicating fluid collection."
"ImageCLEFmedical_Caption_2026_valid_4167","Chest X-ray showing cardiac silhouette with multiple intracardiac pacing leads and a central venous line."
"ImageCLEFmedical_Caption_2026_valid_4168","Ultrasound image of left testicle showing 3.5 cm diameter and 22.2 ml volume."
"ImageCLEFmedical_Caption_2026_valid_4169","Transabdominal ultrasound image of right testicle showing volume of 23.10 cm³."
"ImageCLEFmedical_Caption_2026_valid_4170","Pelvic MRI showing uterine and adjacent pelvic structures with heterogeneous signal intensity."
"ImageCLEFmedical_Caption_2026_valid_4171","Axial brain MRI showing a small lesion in the left cerebral hemisphere, indicated by the arrow."
"ImageCLEFmedical_Caption_2026_valid_4172","MRA showing cerebral vasculature with arrow indicating a vascular anomaly or stenosis."
"ImageCLEFmedical_Caption_2026_valid_4173","Brain MRI showing multiple foci of abnormal signal intensity in the cerebral hemispheres and brainstem, indicative of possible pathology."
"ImageCLEFmedical_Caption_2026_valid_4174","Chest X-ray showing bilateral lower lobe opacities with arrow indicating area of consolidation."
"ImageCLEFmedical_Caption_2026_valid_4175","Ultrasound image showing gallbladder with wall thickness of 3.38 mm indicated by arrow."
"ImageCLEFmedical_Caption_2026_valid_4176","Abdominal X-ray showing bilateral renal calculi with arrow indications"
"ImageCLEFmedical_Caption_2026_valid_4177","Cerebral hemorrhage with multiple intracranial lesions indicated by arrows."
"ImageCLEFmedical_Caption_2026_valid_4178","Arrow pointing to a small radiopaque object within a vascular structure."
"ImageCLEFmedical_Caption_2026_valid_4179","Angiogram showing a catheter navigating through a vascular structure with a highlighted segment indicated by an arrow."
"ImageCLEFmedical_Caption_2026_valid_4180","CT scan showing a large intraperitoneal mass with arrow indicating lesion location."
"ImageCLEFmedical_Caption_2026_valid_4181","Lateral radiograph of the head and neck showing cervical spine alignment with labeled anatomical landmarks including MP, LIP, and points a, b, c."
"ImageCLEFmedical_Caption_2026_valid_4182","Radiograph showing a tooth with a white arrow indicating a radiopaque area and a triangle pointing to a radiolucent region."
"ImageCLEFmedical_Caption_2026_valid_4183","Echocardiogram showing a cardiac structure with a yellow arrow indicating a specific region of interest."
"ImageCLEFmedical_Caption_2026_valid_4184","Prone view CT scan showing pelvic fluid collection and rectum with air."
"ImageCLEFmedical_Caption_2026_valid_4185","Abdominal X-ray showing a large, well-defined, radiopaque mass in the pelvic region, labeled as ""FNB-WEC"" with an arrow pointing to it, taken from an oblique view of the bladder."
"ImageCLEFmedical_Caption_2026_valid_4186","Prone view CT scan showing trans-gluteal needle tract, pelvic fluid collection, rectum with air, and collapsed neobladder with catheter in situ."
"ImageCLEFmedical_Caption_2026_valid_4187","CT scan showing small bowel loop and rectum at pelvic level"
"ImageCLEFmedical_Caption_2026_valid_4188","CT scan of the abdomen and pelvis showing liver, spleen, kidneys, ascending colon, and surrounding structures with labeled anatomical landmarks."
"ImageCLEFmedical_Caption_2026_valid_4189","CT scan showing neo bladder with contrast, small bowel loop, pelvic fluid collection, rectum, and urinary catheter in pelvic region."
"ImageCLEFmedical_Caption_2026_valid_4190","Post void oblique radiograph showing NENB-WEC with urinary retention and bladder distension."
"ImageCLEFmedical_Caption_2026_valid_4191","Abdominal CT scan showing liver, small bowel, and labeled structures including SBD, PFC, UC, and NB."
"ImageCLEFmedical_Caption_2026_valid_4192","CT scan showing distended neobladder with catheter in situ, labeled with rectum and surrounding anatomical structures."
"ImageCLEFmedical_Caption_2026_valid_4193","Aortic valve replacement with a mesh-covered prosthesis, indicated by the arrow."
"ImageCLEFmedical_Caption_2026_valid_4194","Angiographic image showing a vascular structure with contrast medium highlighting the arterial tree and surrounding anatomical features."
"ImageCLEFmedical_Caption_2026_valid_4195","Ultrasound image highlighting the muscularis propria layer with yellow arrows and color Doppler flow signals."
"ImageCLEFmedical_Caption_2026_valid_4196","Ultrasound image showing a hypoechoic structure with measurement markers indicating dimensions."
"ImageCLEFmedical_Caption_2026_valid_4197","Chest X-ray showing enlarged heart shadow with clear lung fields and normal rib cage structure."
"ImageCLEFmedical_Caption_2026_valid_4198","Abdominal CT scan showing liver, stomach, and spinal column at midlevel."
"ImageCLEFmedical_Caption_2026_valid_4199","MRI showing urethra with adjacent pararethral mass indicated by arrows."
"ImageCLEFmedical_Caption_2026_valid_4200","Ultrasound image showing a hypoechoic lesion in the eye, indicated by a red arrow, with imaging parameters including 12 MHz frequency and 50-degree angle."
"ImageCLEFmedical_Caption_2026_valid_4201","Brain MRI showing a lesion in the cerebellum indicated by a red arrow."
"ImageCLEFmedical_Caption_2026_valid_4202","MRI showing orbital and intracranial lesions with arrows indicating abnormal tissue."
"ImageCLEFmedical_Caption_2026_valid_4203","Panoramic radiograph showing a radiopaque lesion in the left mandibular region, indicated by the yellow arrow."
"ImageCLEFmedical_Caption_2026_valid_4204","Pelvic X-ray showing Klein's line on both sides with a marked point between the lines."
"ImageCLEFmedical_Caption_2026_valid_4205","Pelvic radiograph showing Klein's line and acetabular orientation markers for hip joint assessment."
"ImageCLEFmedical_Caption_2026_valid_4206","Barium swallow showing esophageal narrowing with two arrows indicating stricture sites."
"ImageCLEFmedical_Caption_2026_valid_4207","Double-jugular shadow in esophagus indicating possible stricture or obstruction."
"ImageCLEFmedical_Caption_2026_valid_4208","Arrow indicates a radiopaque foreign body in the gastrointestinal tract."
"ImageCLEFmedical_Caption_2026_valid_4209","Radiographic image showing a gastrointestinal structure with two arrows indicating areas of interest, likely for diagnostic evaluation."
"ImageCLEFmedical_Caption_2026_valid_4210","CT scan showing symmetrical bone density reduction at the thoracic vertebrae level, indicated by red arrows."
"ImageCLEFmedical_Caption_2026_valid_4211","Echocardiogram showing a large, irregularly shaped mass in the left atrium, indicated by the yellow arrow."
"ImageCLEFmedical_Caption_2026_valid_4212","Cardiomegaly with bilateral pleural effusions indicated by arrows."
"ImageCLEFmedical_Caption_2026_valid_4213","MRI scan showing a lesion in the cervical spine region."
"ImageCLEFmedical_Caption_2026_valid_4214","CT scan showing a pulmonary nodule in the left lung field."
"ImageCLEFmedical_Caption_2026_valid_4215","Chest X-ray showing enlarged cardiac silhouette with visible lung fields and rib cage."
"ImageCLEFmedical_Caption_2026_valid_4216","CT scan showing a bright lesion in the mediastinum indicated by a red arrow."
"ImageCLEFmedical_Caption_2026_valid_4217","CT scan showing a cervical region with a highlighted lesion near the cervical spine."
"ImageCLEFmedical_Caption_2026_valid_4218","CT scan showing pulmonary nodules with arrows indicating areas of interest."
"ImageCLEFmedical_Caption_2026_valid_4219","PET-CT scan showing metabolically active lesion in the mediastinum with a red arrow pointing to the area of interest."
"ImageCLEFmedical_Caption_2026_valid_4220","Heart MRI showing enlarged cardiac silhouette with arrow indicating region of interest."
"ImageCLEFmedical_Caption_2026_valid_4221","Echocardiogram showing cardiac structure with measured dimensions and heart rate displayed."
"ImageCLEFmedical_Caption_2026_valid_4222","CT scan showing abdominal cross-section with highlighted liver lesion."
"ImageCLEFmedical_Caption_2026_valid_4223","Axial CT scan showing pelvic organs with visible bowel loops and vertebral body."
"ImageCLEFmedical_Caption_2026_valid_4224","Abdominal CT scan showing liver, spleen, and vertebral column with no obvious abnormalities."
"ImageCLEFmedical_Caption_2026_valid_4225","Abdominal X-ray showing gas-filled bowel loops and a prominent air-fluid level in the upper abdomen."
"ImageCLEFmedical_Caption_2026_valid_4226","Abdominal CT scan showing pelvic organs and spinal column."
"ImageCLEFmedical_Caption_2026_valid_4227","Axial MRI of the brain showing normal cerebral structures with no evident lesions or abnormalities."
"ImageCLEFmedical_Caption_2026_valid_4228","CT scan showing orbital and sinonasal structures with evident anatomical variations."
"ImageCLEFmedical_Caption_2026_valid_4229","Ultrasound image showing trachea and tube placement."
"ImageCLEFmedical_Caption_2026_valid_4230","Abdominal radiograph showing gas patterns and bowel loops with no immediate signs of obstruction or free air under the diaphragm."
"ImageCLEFmedical_Caption_2026_valid_4231","Radiograph showing a mass in the mediastinum indicated by the arrow."
"ImageCLEFmedical_Caption_2026_valid_4232","CT scan showing a large gastric bubble with a white arrow indicating a possible obstruction or mass."
"ImageCLEFmedical_Caption_2026_valid_4233","AP radiograph showing gastric air fluid level and bowel gas pattern."
"ImageCLEFmedical_Caption_2026_valid_4234","Portable chest X-ray showing cardiac silhouette with intracardiac leads and no obvious pneumothorax or consolidation."
"ImageCLEFmedical_Caption_2026_valid_4235","CT scan showing a 3.97mm cardiac mass with arrow indication."
"ImageCLEFmedical_Caption_2026_valid_4236","MRI scan showing spinal cord with highlighted region of abnormality in cervical spine."
"ImageCLEFmedical_Caption_2026_valid_4237","Chest X-ray showing enlarged cardiac silhouette with increased transverse diameter, suggesting cardiomegaly."
"ImageCLEFmedical_Caption_2026_valid_4238","CT scan showing enlarged liver with multiple small nodules and surrounding vascular structures."
"ImageCLEFmedical_Caption_2026_valid_4239","Chest X-ray showing enlarged cardiac silhouette with no acute lung infiltrates or pleural effusion."
"ImageCLEFmedical_Caption_2026_valid_4240","MRI showing uterine lesion with arrow indicating abnormality."
"ImageCLEFmedical_Caption_2026_valid_4241","MRI showing a pelvic mass with a white arrow indicating a lesion."
"ImageCLEFmedical_Caption_2026_valid_4242","CT scan showing liver portal vein angulation with labeled LPV and RPV angulation."
"ImageCLEFmedical_Caption_2026_valid_4243","Brain CT scan showing normal cerebral structures with no evident abnormalities."
"ImageCLEFmedical_Caption_2026_valid_4244","Abdominal X-ray showing spinal column, pelvic bones, and gastrointestinal structures with no obvious acute abnormalities."
"ImageCLEFmedical_Caption_2026_valid_4245","Intravenous pyelogram showing contrast-filled urinary tract with visible catheter trajectory through pelvis and spine."
"ImageCLEFmedical_Caption_2026_valid_4246","Ultrasound image showing collapsed jugular vein, cervical lymph node, and carotid artery with 2.7 cm scale indicator."
"ImageCLEFmedical_Caption_2026_valid_4247","CT scan showing thyroid gland with arrow indicating lesion or abnormality."
"ImageCLEFmedical_Caption_2026_valid_4248","Ultrasound image showing jugular vein, cervical lymph node, and carotid artery in the neck region."
"ImageCLEFmedical_Caption_2026_valid_4249","Thoracic CT scan showing mediastinal structures and lung fields with no immediate abnormalities visible."
"ImageCLEFmedical_Caption_2026_valid_4250","Posterior approach hip replacement with three screws and a long stem prosthesis."
"ImageCLEFmedical_Caption_2026_valid_4251","CT scan showing a large hepatic lesion with central necrosis and surrounding inflammatory changes."
"ImageCLEFmedical_Caption_2026_valid_4252","Liver MRI showing multiple focal lesions with arrow indicators."
"ImageCLEFmedical_Caption_2026_valid_4253","CT scan showing abdominal cross-section with circled lesion in pelvic region."
"ImageCLEFmedical_Caption_2026_valid_4254","CT scan showing pelvic region with labeled structures A and B."
"ImageCLEFmedical_Caption_2026_valid_4255","MRI scan showing a circular cross-section of a joint with a white arrow indicating a specific structure or lesion."
"ImageCLEFmedical_Caption_2026_valid_4256","Ultrasound image showing hypoechoic lesion with three arrows indicating suspicious areas."
"ImageCLEFmedical_Caption_2026_valid_4257","MRI scan showing dark tissue contrast with bright signal along the right side."
"ImageCLEFmedical_Caption_2026_valid_4258","CT scan showing aortic aneurysm with arrows indicating dilation of the aortic wall."
"ImageCLEFmedical_Caption_2026_valid_4259","CT scan showing abdominal aortic aneurysm with arrows indicating the aneurysmal dilation."
"ImageCLEFmedical_Caption_2026_valid_4260","CT scan showing a large intraperitoneal mass with bowel loops and surrounding fat stranding."
"ImageCLEFmedical_Caption_2026_valid_4261","Axial CT scan showing cervical spine and surrounding soft tissues with no apparent fractures or dislocations."
"ImageCLEFmedical_Caption_2026_valid_4262","T2-weighted sagittal MRI of the abdomen showing pelvic organs with varying signal intensities."
"ImageCLEFmedical_Caption_2026_valid_4263","MRI abdomen whole body sagittal T1 FS image showing abdominal structures and vasculature."
"ImageCLEFmedical_Caption_2026_valid_4264","CT scan showing thoracic cross-section with measured dimensions of 83.93 mm and 111.31 mm."
"ImageCLEFmedical_Caption_2026_valid_4265","MRI scan showing shoulder joint with measured diameter of 28.88mm and lesion size of 2.46mm."
"ImageCLEFmedical_Caption_2026_valid_4266","Pleural effusion with arrow indicating fluid collection in the left hemithorax."
"ImageCLEFmedical_Caption_2026_valid_4267","Left shoulder X-ray showing surgical fixation with screws and plate for fracture."
"ImageCLEFmedical_Caption_2026_valid_4268","Left humerus with internal fixation and blue arrow indicating a specific area of interest."
"ImageCLEFmedical_Caption_2026_valid_4269","Lateral radiograph of the head and neck with anatomical landmarks including condyle, gonion, pogonion, and menton."
"ImageCLEFmedical_Caption_2026_valid_4270","CT scan showing mediastinal mass with adjacent lung infiltration and cardiac silhouette."
"ImageCLEFmedical_Caption_2026_valid_4271","CT scan showing cervical spine and surrounding structures with no apparent fractures or dislocations."
"ImageCLEFmedical_Caption_2026_valid_4272","Chest X-ray showing enlarged heart shadow with no obvious lung infiltrates or pneumothorax."
"ImageCLEFmedical_Caption_2026_valid_4273","Pulmonary consolidation with air bronchogram in the left lower lobe."
"ImageCLEFmedical_Caption_2026_valid_4274","CT scan showing enlarged heart with arrow indicating right-sided cardiac enlargement."
"ImageCLEFmedical_Caption_2026_valid_4275","CT scan showing a large right-sided pleural effusion with an arrow indicating the fluid collection."
"ImageCLEFmedical_Caption_2026_valid_4276","Ultrasound image showing layered structures with annotations EO, IO, and TA indicated by red arrow."
"ImageCLEFmedical_Caption_2026_valid_4277","MRI scan showing spinal cord with arrow indicating lesion at T12 level."
"ImageCLEFmedical_Caption_2026_valid_4278","MRI showing uterine mass with arrows indicating lesion."
"ImageCLEFmedical_Caption_2026_valid_4279","MRI scan showing pelvic structures with arrow indicating a lesion or abnormality in the pelvic region."
"ImageCLEFmedical_Caption_2026_valid_4280","CT scan showing abdominal aorta with marked dilation and surrounding bowel loops."
"ImageCLEFmedical_Caption_2026_valid_4281","CT scan showing liver with focal lesion marked B."
"ImageCLEFmedical_Caption_2026_valid_4282","Liver with focal lesion and adjacent vascular structures highlighted by arrows and triangle."
"ImageCLEFmedical_Caption_2026_valid_4283","Liver with arrow indicating a vascular structure."
"ImageCLEFmedical_Caption_2026_valid_4284","Panoramic radiograph showing dental arches with visible roots, crowns, and surrounding bone structure."
"ImageCLEFmedical_Caption_2026_valid_4285","Radiograph showing a tooth with visible root canal filling and adjacent dental structures."
"ImageCLEFmedical_Caption_2026_valid_4286","Panoramic dental radiograph showing full dental arch with visible teeth, jawbone, and surrounding structures."
"ImageCLEFmedical_Caption_2026_valid_4287","Radiograph showing a tooth with a filled crown, adjacent tooth, and a radiopaque lesion near the apical region."
"ImageCLEFmedical_Caption_2026_valid_4288","Panoramic radiograph showing dental arch with visible roots and surrounding bone structure."
"ImageCLEFmedical_Caption_2026_valid_4289","CT scan showing pulmonary nodule in the right lung field."
"ImageCLEFmedical_Caption_2026_valid_4290","CT scan showing a large mass measuring 9.87 cm in the left upper quadrant with a 6.92 cm measurement indicated, near the spine and heart."
"ImageCLEFmedical_Caption_2026_valid_4291","Ultrasound image showing a hypoechoic mass with a central region of echogenicity, indicated by arrows and crosshairs."
"ImageCLEFmedical_Caption_2026_valid_4292","Intraoperative radiograph showing contrast-filled renal pelvis and ureters with multiple arrows indicating anatomical landmarks and procedural sites."
"ImageCLEFmedical_Caption_2026_valid_4293","MRI showing cerebellar structure with arrow indicating abnormality in posterior fossa region."
"ImageCLEFmedical_Caption_2026_valid_4294","MRI showing a lesion in the brainstem region indicated by the arrow."
"ImageCLEFmedical_Caption_2026_valid_4295","MRI showing uterine mass with two arrows indicating areas of interest."
"ImageCLEFmedical_Caption_2026_valid_4296","MRI showing uterine leiomyoma with arrows indicating lesion boundaries and surrounding anatomy."
"ImageCLEFmedical_Caption_2026_valid_4297","MRI showing uterine leiomyoma with arrows indicating lesion and adjacent structures."
"ImageCLEFmedical_Caption_2026_valid_4298","Thoracic CT scan showing a large mediastinal mass with adjacent lung compression and a central airway obstruction."
"ImageCLEFmedical_Caption_2026_valid_4299","CT scan showing thoracic cross-section with heart, lungs, and vertebral column visible."
"ImageCLEFmedical_Caption_2026_valid_4300","Left ventricular volume analysis with contour measurements and cardiac output data displayed on a cardiac MRI image."
"ImageCLEFmedical_Caption_2026_valid_4301","Spinal cord with visible disc herniation and vertebral alignment abnormality."
"ImageCLEFmedical_Caption_2026_valid_4302","CT scan showing a large abdominal mass with a white arrow indicating the lesion."
"ImageCLEFmedical_Caption_2026_valid_4303","Coronal CT scan highlighting a large abdominal mass indicated by the arrow."
"ImageCLEFmedical_Caption_2026_valid_4304","Echocardiogram showing left ventricle, interventricular septum, and right ventricle."
"ImageCLEFmedical_Caption_2026_valid_4305","Echocardiogram showing overriding aorta and ventricular septal defect with labeled heart structures including right ventricle, left ventricle, mitral valve, and atria."
"ImageCLEFmedical_Caption_2026_valid_4306","Radiograph showing a child with a large, well-defined, right-sided pulmonary mass."
"ImageCLEFmedical_Caption_2026_valid_4307","Colour flow Doppler across VSD showing overriding aorta with red and blue flow patterns in the heart chambers."
"ImageCLEFmedical_Caption_2026_valid_4308","Echocardiogram showing thickened right ventricular myocardium and interventricular septum with ventricular septal defect (VSD) and left ventricular (LV) and right ventricular (RV) chambers."
"ImageCLEFmedical_Caption_2026_valid_4309","Echocardiogram showing heart chambers and valves including TV, RA, AV, RV, PV, and RVOT."
"ImageCLEFmedical_Caption_2026_valid_4310","X-ray view of a pediatric chest with a central line and surgical instruments visible."
"ImageCLEFmedical_Caption_2026_valid_4311","Cardiac MRI showing enlarged heart with preserved chamber morphology and no evident wall motion abnormalities."
"ImageCLEFmedical_Caption_2026_valid_4312","Abdominal CT scan showing kidneys, spine, and surrounding abdominal structures."
"ImageCLEFmedical_Caption_2026_valid_4313","Liver with multiple hypervascular lesions indicated by arrows."
"ImageCLEFmedical_Caption_2026_valid_4314","Panoramic dental radiograph showing full dental arch with mixed dentition and visible root structures."
"ImageCLEFmedical_Caption_2026_valid_4315","Anterior-posterior radiograph of a left knee showing total knee replacement prosthesis with intact components and no obvious loosening or fracture."
"ImageCLEFmedical_Caption_2026_valid_4316","MRI showing lumbar spine with red arrow indicating disc herniation compressing spinal cord."
"ImageCLEFmedical_Caption_2026_valid_4317","Ultrasound image showing heterogeneous tissue with irregular echotexture and hypoechoic areas."
"ImageCLEFmedical_Caption_2026_valid_4318","MRI showing cervical spine with arrow indicating lesion at C4 level"
"ImageCLEFmedical_Caption_2026_valid_4319","Ultrasound image showing a grayscale sector scan with depth markers on the left side."
"ImageCLEFmedical_Caption_2026_valid_4320","Brain CT scan showing a large intracranial mass lesion in the right hemisphere."
"ImageCLEFmedical_Caption_2026_valid_4321","Brain CT scan showing intracranial mass with surrounding edema and midline shift."
"ImageCLEFmedical_Caption_2026_valid_4322","Transvaginal ultrasound image showing a gestational sac with measurable diameter of 3.72 cm, indicating early pregnancy."
"ImageCLEFmedical_Caption_2026_valid_4323","Transvaginal ultrasound image showing a uterine structure with measurements indicating a 4.72 cm diameter and 4.17 cm depth."
"ImageCLEFmedical_Caption_2026_valid_4324","Chest X-ray showing increased opacity in the left lower lung field, suggestive of pneumonia."
"ImageCLEFmedical_Caption_2026_valid_4325","MRI scan of knee joint showing a tear in the medial collateral ligament indicated by the white arrow."
"ImageCLEFmedical_Caption_2026_valid_4326","MRI showing knee joint with arrow indicating meniscal tear"
"ImageCLEFmedical_Caption_2026_valid_4327","CT scan showing a renal mass with calcification at the lower pole of the right kidney."
"ImageCLEFmedical_Caption_2026_valid_4328","CT scan axial view showing spinal cord and vertebral bodies with highlighted central region."
"ImageCLEFmedical_Caption_2026_valid_4329","Barium swallow showing esophageal stricture with narrowing at the mid-esophagus."
"ImageCLEFmedical_Caption_2026_valid_4330","Pregnancy ultrasound showing ventricular width measurement at 6.4mm with gestational age of 27 weeks 6 days."
"ImageCLEFmedical_Caption_2026_valid_4331","Ultrasound image showing cerebellum and cisterna magna with fetal brain structures labeled."
"ImageCLEFmedical_Caption_2026_valid_4332","Coronary angiogram showing anomalous right coronary artery origin from left coronary cusp with labeled left main, left anterior descending, and left circumflex branches."
"ImageCLEFmedical_Caption_2026_valid_4333","CT scan showing aortic dissection with red arrow indicating the tear in the aortic wall."
"ImageCLEFmedical_Caption_2026_valid_4334","Axial CT scan showing a tibial and fibular fracture with surrounding soft tissue detail."
"ImageCLEFmedical_Caption_2026_valid_4335","Left ankle X-ray showing normal bony architecture with no obvious fractures or dislocations."
"ImageCLEFmedical_Caption_2026_valid_4336","Left ankle X-ray showing normal bony architecture with no evident fractures or dislocations."
"ImageCLEFmedical_Caption_2026_valid_4337","X-ray of lower leg with intramedullary nail and external fixation screws in place."
"ImageCLEFmedical_Caption_2026_valid_4338","X-ray showing a fractured tibia with internal fixation using plates and screws."
"ImageCLEFmedical_Caption_2026_valid_4339","CT scan showing pelvic structures with arrows indicating potential pathology or abnormalities."
"ImageCLEFmedical_Caption_2026_valid_4340","Abdominal CT scan showing intestinal loops with arrows indicating potential obstruction or distension."
"ImageCLEFmedical_Caption_2026_valid_4341","Ultrasonic image showing a large, heterogeneous mass with internal echoes and defined borders, marked by arrows."
"ImageCLEFmedical_Caption_2026_valid_4342","Doppler ultrasound image showing blood flow with color-coded velocity map indicating red and blue regions of flow."
"ImageCLEFmedical_Caption_2026_valid_4343","Ultrasound image showing a heterogeneous mass with irregular borders and posterior shadowing in the breast tissue."
"ImageCLEFmedical_Caption_2026_valid_4344","Ultrasound image showing a hypoechoic lesion with posterior acoustic shadowing and internal debris, indicated by arrows."
"ImageCLEFmedical_Caption_2026_valid_4345","CT scan showing a large hepatic lesion with a red arrow indicating the area of interest."
"ImageCLEFmedical_Caption_2026_valid_4346","Panoramic dental radiograph showing upper and lower teeth with visible dental implants and a foreign object in the oral cavity."
"ImageCLEFmedical_Caption_2026_valid_4347","MRI showing brain with arrow indicating lesion in posterior fossa region."
"ImageCLEFmedical_Caption_2026_valid_4348","Brain MRI showing a lesion in the left hemisphere, indicated by the yellow triangle, with LHP and PFR labels for anatomical reference."
"ImageCLEFmedical_Caption_2026_valid_4349","Abdominal MRI showing liver and surrounding structures with a marked lesion indicated by a red star."
"ImageCLEFmedical_Caption_2026_valid_4350","Ultrasound image showing a dark, fluid-filled structure with a circular lesion highlighted by a red circle."
"ImageCLEFmedical_Caption_2026_valid_4351","Arrow indicates a lesion in the liver parenchyma."
"ImageCLEFmedical_Caption_2026_valid_4352","CT scan showing bilateral pleural effusions indicated by arrows."
"ImageCLEFmedical_Caption_2026_valid_4353","Radiograph showing a foreign object in the mediastinum, indicated by the arrow."
"ImageCLEFmedical_Caption_2026_valid_4354","Renal artery with visible stenosis and branching vessels."
"ImageCLEFmedical_Caption_2026_valid_4355","CT scan showing a large abdominal aortic aneurysm with diameter measurement of 60.59 mm."
"ImageCLEFmedical_Caption_2026_valid_4356","Angiogram showing cerebral vasculature with indicated arterial segments and a catheter tip."
"ImageCLEFmedical_Caption_2026_valid_4357","Angiographic image showing cerebral vasculature with indicated vascular anomalies and a coiled wire device."
"ImageCLEFmedical_Caption_2026_valid_4358","Angiographic image showing a coiled aneurysm with catheter and guide wire in proximity."
"ImageCLEFmedical_Caption_2026_valid_4359","CT scan showing bilateral pulmonary infiltrates with arrows indicating affected lung regions."
"ImageCLEFmedical_Caption_2026_valid_4360","Chest CT scan showing extensive lung consolidation with air bronchogram and pleural effusion."
"ImageCLEFmedical_Caption_2026_valid_4361","MRI scan showing spinal cord with red arrow indicating lesion or abnormality."
"ImageCLEFmedical_Caption_2026_valid_4362","MRI of cervical spine showing spinal cord lesion at C5 level indicated by arrow."
"ImageCLEFmedical_Caption_2026_valid_4363","Chest X-ray showing cardiac silhouette with multiple leads and tubing, no obvious pneumothorax or consolidation."
"ImageCLEFmedical_Caption_2026_valid_4364","CT scan showing bilateral lung hyperinflation with visible air trapping and reduced lung volume indicated by arrows."
"ImageCLEFmedical_Caption_2026_valid_4365","Portable upright chest X-ray showing bilateral lung opacities and central line placement."
"ImageCLEFmedical_Caption_2026_valid_4366","CT scan showing bilateral pulmonary consolidation with arrows indicating affected areas."
"ImageCLEFmedical_Caption_2026_valid_4367","MRI showing a lesion in the oropharynx region."
"ImageCLEFmedical_Caption_2026_valid_4368","Axial MRI scan showing a lesion in the cervical spine region."
"ImageCLEFmedical_Caption_2026_valid_4369","MRI scan showing a thyroid nodule in the neck region."
"ImageCLEFmedical_Caption_2026_valid_4370","Echocardiogram showing pre-bypass cardiac imaging with measured dimensions and ECG trace."
"ImageCLEFmedical_Caption_2026_valid_4371","CT scan showing abdominal aorta with intraluminal thrombus and surrounding vascular structures."
"ImageCLEFmedical_Caption_2026_valid_4372","CT scan showing bilateral pulmonary consolidation with air bronchogram in the right lower lobe."
"ImageCLEFmedical_Caption_2026_valid_4373","Brain CT scan showing a hypodense lesion in the left hemisphere indicated by an arrow."
"ImageCLEFmedical_Caption_2026_valid_4374","CT scan showing large right-sided thoracic mass with associated lymphadenopathy."
"ImageCLEFmedical_Caption_2026_valid_4375","CT scan showing a large mass at the superior mediastinum, indicated by the arrow."
"ImageCLEFmedical_Caption_2026_valid_4376","Angiographic view showing catheter placement with indicated landmarks."
"ImageCLEFmedical_Caption_2026_valid_4377","CT scan showing thoracic cross-section with visible lungs, heart, and spinal column."
"ImageCLEFmedical_Caption_2026_valid_4378","CT scan showing abdominal anatomy with measured dimensions of 70.9 mm and 114 mm."
"ImageCLEFmedical_Caption_2026_valid_4379","Ultrasound image showing a gallbladder with a measured structure of 12.2 mm in length."
"ImageCLEFmedical_Caption_2026_valid_4380","PET-CT scan showing a large cardiac lesion with focal radiotracer uptake in the left lung field."
"ImageCLEFmedical_Caption_2026_valid_4381","Spinal radiograph with anatomical landmarks and angular measurements including C7, TLK, LL, SVA, SS, PT, and PI."
"ImageCLEFmedical_Caption_2026_valid_4382","X-ray image of the lumbar spine with anatomical landmarks and measurement lines indicated."
"ImageCLEFmedical_Caption_2026_valid_4383","Pelvic radiograph showing hip joint and femoral head alignment with labeled anatomical regions."
"ImageCLEFmedical_Caption_2026_valid_4384","AP chest X-ray showing cardiac silhouette, mediastinal structures, and multiple intracardiac leads."
"ImageCLEFmedical_Caption_2026_valid_4385","Chest X-ray showing cardiac silhouette with multiple intracardiac leads and visible pulmonary vasculature."
"ImageCLEFmedical_Caption_2026_valid_4386","AP portable chest X-ray showing cardiac silhouette with ECG leads and visible lung fields."
"ImageCLEFmedical_Caption_2026_valid_4387","Thoracic CT scan showing bilateral lung fields with visible bronchial branching and cardiac silhouette."
"ImageCLEFmedical_Caption_2026_valid_4388","CT scan showing pelvic cross-section with visible organs and structures"
"ImageCLEFmedical_Caption_2026_valid_4389","CT scan showing a mass at the base of the tongue with a red arrow indicating the lesion."
"ImageCLEFmedical_Caption_2026_valid_4390","Pelvic radiograph with MP 25% measurement indicated by red lines and markers A and B."
"ImageCLEFmedical_Caption_2026_valid_4391","Arrow indicates a vascular lesion or abnormality in the abdominal region."
"ImageCLEFmedical_Caption_2026_valid_4392","CT scan showing a liver lesion indicated by a red arrow."
"ImageCLEFmedical_Caption_2026_valid_4393","PET scan showing a bright lesion in the upper thoracic region with a black arrow pointing to it."
"ImageCLEFmedical_Caption_2026_valid_4394","Ultrasound image of left thyroid in sagittal view showing measured dimensions of 3.03 cm and 2.32 cm."
"ImageCLEFmedical_Caption_2026_valid_4395","PET scan showing a bright lesion in the pelvic region, indicated by the arrow, with a color scale from 0.00 to 8.00."
"ImageCLEFmedical_Caption_2026_valid_4396","Sagittal view of left thyroid gland showing two measured structures with lengths of 3.14 cm and 2.03 cm respectively."
"ImageCLEFmedical_Caption_2026_valid_4397","Thoracic CT scan showing bilateral lung fields with scattered pulmonary nodules and central mediastinal structures."
"ImageCLEFmedical_Caption_2026_valid_4398","CT scan showing a liver lesion with a red arrow indicating a focal area of interest."
"ImageCLEFmedical_Caption_2026_valid_4399","Thoracic CT scan showing bilateral pulmonary nodules with mediastinal shift and preserved airway patency."
"ImageCLEFmedical_Caption_2026_valid_4400","Arterial aneurysm indicated by red arrow on MRI scan."
"ImageCLEFmedical_Caption_2026_valid_4401","CT scan showing lung parenchyma with focal consolidation and air trapping in the right lower lobe."
"ImageCLEFmedical_Caption_2026_valid_4402","CT scan showing a hepatic lesion with a red arrow indicating a focal area of interest."
"ImageCLEFmedical_Caption_2026_valid_4403","Cardiac MRI showing a large mass in the left ventricle, indicated by the yellow arrow."
"ImageCLEFmedical_Caption_2026_valid_4404","Ultrasound image showing a uterus with a dark central cavity and surrounding tissue structures."
"ImageCLEFmedical_Caption_2026_valid_4405","Ultrasound image showing uterus with arrow indicating a dark, fluid-filled structure within the uterine cavity."
"ImageCLEFmedical_Caption_2026_valid_4406","CT scan showing multiple pulmonary nodules indicated by red arrows."
"ImageCLEFmedical_Caption_2026_valid_4407","MRI showing intracranial lesion with arrow indicating abnormality in posterior fossa region."
"ImageCLEFmedical_Caption_2026_valid_4408","Pneumothorax with visible air collection in the left lung field and mediastinal shift."
"ImageCLEFmedical_Caption_2026_valid_4409","Ultrasound image showing Vastus Lateralis muscle with color Doppler flow signals indicating blood flow."
"ImageCLEFmedical_Caption_2026_valid_4410","Ultrasound image of the right kidney showing measured dimensions: length 96.26 mm, width 43.61 mm, and height 19.77 mm."
"ImageCLEFmedical_Caption_2026_valid_4411","Ultrasound image of the right kidney showing renal vasculature with color Doppler flow mapping."
"ImageCLEFmedical_Caption_2026_valid_4412","Doppler ultrasound of the left kidney showing renal blood flow with velocity measurements."
"ImageCLEFmedical_Caption_2026_valid_4413","Panoramic radiograph showing full dental arch with visible teeth and jawbone structure."
"ImageCLEFmedical_Caption_2026_valid_4414","Echocardiogram showing right atrium (RA) with arrows indicating possible thrombus, left atrium (LA), right ventricle (RV), and left ventricle (LV)."
"ImageCLEFmedical_Caption_2026_valid_4415","MRI of lumbar spine showing disc herniation at D5 level with red arrow indicating lesion."
"ImageCLEFmedical_Caption_2026_valid_4416","CT scan showing enlarged heart with blue arrow indicating cardiomegaly."
"ImageCLEFmedical_Caption_2026_valid_4417","Liver MRI showing a large cystic lesion with a white arrow indicating the lesion and a bright signal lesion in the right hepatic lobe."
"ImageCLEFmedical_Caption_2026_valid_4418","PET-CT scan showing multiple hypermetabolic lesions in thoracic and abdominal regions, indicated by colored arrows."
"ImageCLEFmedical_Caption_2026_valid_4419","CT scan showing pulmonary nodules in both lungs."
"ImageCLEFmedical_Caption_2026_valid_4420","CT scan showing a hepatic lesion indicated by a red arrow."
"ImageCLEFmedical_Caption_2026_valid_4421","Brain CT showing a focal area of increased density in the left hemisphere."
"ImageCLEFmedical_Caption_2026_valid_4422","CT scan showing a large cervical mass with heterogeneous internal structure."
"ImageCLEFmedical_Caption_2026_valid_4423","CT scan showing cervical and thoracic spine with red arrows indicating possible lesions or abnormalities along the vertebral column."
"ImageCLEFmedical_Caption_2026_valid_4424","X-ray showing shoulder with surgical fixation device indicated by arrow"
"ImageCLEFmedical_Caption_2026_valid_4425","Arrow indicates acromioclavicular joint space widening and subacromial impingement."
"ImageCLEFmedical_Caption_2026_valid_4426","CT scan showing multiple bowel loops with gas and fluid, indicating possible bowel obstruction or ileus."
"ImageCLEFmedical_Caption_2026_valid_4427","Echocardiogram showing mitral valve with distances A and B measured at 5.1 mm and 4.7 mm respectively."
"ImageCLEFmedical_Caption_2026_valid_4428","Color Doppler echocardiogram showing turbulent blood flow with blue and red velocity vectors indicating bidirectional shunting."
"ImageCLEFmedical_Caption_2026_valid_4429","CT scan showing liver metastases, bladder tumor, and inflated catheter balloon"
"ImageCLEFmedical_Caption_2026_valid_4430","MRI showing cervical spine with red arrow indicating lesion or abnormality in the cervical region."
"ImageCLEFmedical_Caption_2026_valid_4431","Panoramic radiograph showing dental arch with orthodontic braces and a marked lesion in the mandibular region."
"ImageCLEFmedical_Caption_2026_valid_4432","Panoramic radiograph showing a radiopaque lesion in the mandibular region, indicated by a red arrow."
"ImageCLEFmedical_Caption_2026_valid_4433","Panoramic radiograph showing a radiopaque lesion in the mandibular region, indicated by the red arrow."
"ImageCLEFmedical_Caption_2026_valid_4434","Posterior spinal fusion with pedicle screws and rod fixation in thoracic spine."
"ImageCLEFmedical_Caption_2026_valid_4435","Thoracic spine with vertebral body and adjacent soft tissue structures highlighted by red arrows."
"ImageCLEFmedical_Caption_2026_valid_4436","CT scan showing thoracic cross-section with annotated lung fields and surrounding anatomical structures."
"ImageCLEFmedical_Caption_2026_valid_4437","Chest X-ray showing bilateral pulmonary opacities and cardiomegaly."
"ImageCLEFmedical_Caption_2026_valid_4438","CT scan showing liver with arrow indicating lesion"
"ImageCLEFmedical_Caption_2026_valid_4439","Ultrasound image showing liver with arrows indicating structures adjacent to it."
"ImageCLEFmedical_Caption_2026_valid_4440","Radiograph showing a pediatric chest with a 16 mm measurement marker along the spine."
"ImageCLEFmedical_Caption_2026_valid_4441","Cerebral vasculature with arrow indicating a vascular anomaly in the left hemisphere."
"ImageCLEFmedical_Caption_2026_valid_4442","MRI scan with annotated curvilinear and linear measurements on anatomical structure."
"ImageCLEFmedical_Caption_2026_valid_4443","Cardiomegaly with mediastinal shift indicated by arrow."
"ImageCLEFmedical_Caption_2026_valid_4444","Pediatric chest X-ray showing clear lung fields and normal cardiac silhouette."
"ImageCLEFmedical_Caption_2026_valid_4445","CT scan of the head showing the nasion, orbitomeatal line, and auditory meatus with anatomical landmarks."
"ImageCLEFmedical_Caption_2026_valid_4446","Ultrasound image showing abdominal structures with labeled anatomical regions including S, Vp, B, K, Li, and Sp."
"ImageCLEFmedical_Caption_2026_valid_4447","Ultrasound image showing a fetal structure with measurements: C 10.13 cm, A 8.17 cm, d1 3.25 cm, d2 3.20 cm."
"ImageCLEFmedical_Caption_2026_valid_4448","Echocardiogram showing cardiac rhythm and hemodynamic parameters with a heart rate of 135 bpm and a displayed waveform."
"ImageCLEFmedical_Caption_2026_valid_4449","Brain MRI showing a small lesion in the basal ganglia region."
"ImageCLEFmedical_Caption_2026_valid_4450","Brain CT scan showing a small lesion in the brainstem region."
"ImageCLEFmedical_Caption_2026_valid_4451","Brain MRI showing cerebellar lesion with arrow indicating abnormality."
"ImageCLEFmedical_Caption_2026_valid_4452","Brain MRI showing a lesion in the brainstem region."
"ImageCLEFmedical_Caption_2026_valid_4453","Brain MRI showing a lesion in the brainstem region."
"ImageCLEFmedical_Caption_2026_valid_4454","Brain MRI showing a lesion in the posterior fossa region."
"ImageCLEFmedical_Caption_2026_valid_4455","Brain MRI showing a small area of signal change in the brainstem region."
"ImageCLEFmedical_Caption_2026_valid_4456","Axial brain MRI showing cerebellar and brainstem structures with normal anatomical contours."
"ImageCLEFmedical_Caption_2026_valid_4457","Axial CT scan showing the skull base with bilateral petrous bones and sinus structures."
"ImageCLEFmedical_Caption_2026_valid_4458","CT scan showing bilateral pulmonary nodules with arrows indicating lesions and triangle marking a central mediastinal structure."
"ImageCLEFmedical_Caption_2026_valid_4459","Lateral radiograph showing esophageal passage with labeled anatomical landmarks T, U, V, P, and a noted obstruction at the asterisk location."
"ImageCLEFmedical_Caption_2026_valid_4460","Ultrasound image showing a measured structure with dimensions indicated as 23.30 mm and 13.50 mm."
"ImageCLEFmedical_Caption_2026_valid_4461","Liver MRI showing a large lesion with central necrosis and surrounding inflammatory changes."
"ImageCLEFmedical_Caption_2026_valid_4462","Ultrasound image showing CFA, GSV, and CFV in the neck region."
"ImageCLEFmedical_Caption_2026_valid_4463","Brain MRI scan showing cerebral structures with no obvious abnormalities."
"ImageCLEFmedical_Caption_2026_valid_4464","Axial brain MRI showing symmetrical cerebral hemispheres with normal ventricular system and midline structures."
"ImageCLEFmedical_Caption_2026_valid_4465","Echocardiogram showing left atrial enlargement with color Doppler flow indicating mitral valve regurgitation."
"ImageCLEFmedical_Caption_2026_valid_4466","Cardiac CT scan showing right ventricle (RV) and left ventricle (LV) with arrow indicating interventricular septum."
"ImageCLEFmedical_Caption_2026_valid_4467","Transvaginal ultrasound image showing endometrium with measurement of 1.51 cm, captured in a gynecological department."
"ImageCLEFmedical_Caption_2026_valid_4468","Transvaginal ultrasound image showing a uterine structure with a labeled ""LNG-IUS"" indicating an intrauterine device."
"ImageCLEFmedical_Caption_2026_valid_4469","Ultrasound image showing a hypoechoic lesion with a defined border and internal heterogeneous texture, indicated by the arrow."
"ImageCLEFmedical_Caption_2026_valid_4470","CT scan showing a large cervical mass with arrow indicating lesion location."
"ImageCLEFmedical_Caption_2026_valid_4471","CT scan showing a large thyroid nodule with arrow indicating lesion."
"ImageCLEFmedical_Caption_2026_valid_4472","CT scan showing bilateral pulmonary consolidation with air bronchograms and mediastinal shift."
"ImageCLEFmedical_Caption_2026_valid_4473","CT scan showing aortic dissection with arrow indicating the tear in the aortic wall."
"ImageCLEFmedical_Caption_2026_valid_4474","CT scan showing pelvic organs with arrows indicating abnormal findings in the pelvic region."
"ImageCLEFmedical_Caption_2026_valid_4475","Ultrasound image showing fetal heart with CRL measurement of 0.30cm and GA of 5.6 weeks, with a blue circular marker indicating the fetal heart region."
"ImageCLEFmedical_Caption_2026_valid_4476","Transvaginal ultrasound showing a uterine cavity with a dark, fluid-filled structure indicative of a uterine cavity abnormality or pathology."
"ImageCLEFmedical_Caption_2026_valid_4477","CT scan showing cardiac dimensions with measurements: 32 mm, 45 mm, 50 mm, and 22 mm."
"ImageCLEFmedical_Caption_2026_valid_4478","X-ray of knee showing patella length 4.12 cm, insall-salvati index ½ = 1.52, and patella tendon length 6.27 cm."
"ImageCLEFmedical_Caption_2026_valid_4479","Pulmonary infiltrates bilaterally on chest X-ray."
"ImageCLEFmedical_Caption_2026_valid_4480","CT scan showing pulmonary nodules in the left lung field indicated by a yellow arrow."
"ImageCLEFmedical_Caption_2026_valid_4481","Axial CT scan showing enlarged lymph node in the right cervical region."
"ImageCLEFmedical_Caption_2026_valid_4482","CT scan showing a large hepatic lesion with a green arrow indicating the area of interest."
"ImageCLEFmedical_Caption_2026_valid_4483","Brain CT scan showing intracranial hemorrhage with hyperdense area in the brain parenchyma."
"ImageCLEFmedical_Caption_2026_valid_4484","Coronal MRI of the brain and upper cervical spine showing normal anatomical structures with no evident pathology."
"ImageCLEFmedical_Caption_2026_valid_4485","Transvaginal ultrasound image showing a uterine structure with measurement 7.74cm labeled."
"ImageCLEFmedical_Caption_2026_valid_4486","Transvaginal ultrasound image showing a dark, fluid-filled structure with measurement indicators and technical parameters displayed on screen."
"ImageCLEFmedical_Caption_2026_valid_4487","Post-operative radiograph showing shoulder fracture with external fixation device and screw fixation."
"ImageCLEFmedical_Caption_2026_valid_4488","Axial FLAIR MRI showing large intracranial cystic lesion with surrounding edema and midline shift."
"ImageCLEFmedical_Caption_2026_valid_4489","CT scan showing a large gastric lesion with a red arrow indicating the area of interest."
"ImageCLEFmedical_Caption_2026_valid_4490","MRI scan showing eroded area with annotated measurements including erosion edge, radius, anterior-posterior width, superior-inferior height, and circle area."
"ImageCLEFmedical_Caption_2026_valid_4491","Thoracic CT scan showing mediastinal structures and pulmonary vessels."
"ImageCLEFmedical_Caption_2026_valid_4492","Panoramic dental X-ray showing full dental arch with visible teeth and jawbone structure."
"ImageCLEFmedical_Caption_2026_valid_4493","Ultrasound image highlighting the uterine cavity with a labeled arrow."
"ImageCLEFmedical_Caption_2026_valid_4494","Chest X-ray showing bilateral pulmonary infiltrates and central line placement."
"ImageCLEFmedical_Caption_2026_valid_4495","Chest X-ray showing bilateral pulmonary infiltrates with arrows indicating areas of increased opacity."
"ImageCLEFmedical_Caption_2026_valid_4496","PET scan showing metabolic activity with arrow pointing to a focal area of increased uptake."
"ImageCLEFmedical_Caption_2026_valid_4497","CT scan showing thoracic cross-section with radiation therapy contouring and 0.96 cm distance marker indicated."
"ImageCLEFmedical_Caption_2026_valid_4498","Temperature probe placement during quad placement procedure"
"ImageCLEFmedical_Caption_2026_valid_4499","MRI showing pelvic mass with multiple arrows indicating areas of interest."
"ImageCLEFmedical_Caption_2026_valid_4500","CT scan showing a large mass in the thoracic region with multiple arrow markers indicating areas of interest."
"ImageCLEFmedical_Caption_2026_valid_4501","Pancreatic duct with multiple strictures and a catheter in place."
"ImageCLEFmedical_Caption_2026_valid_4502","CT scan showing abdominal organs with a highlighted structure in the upper abdomen."
"ImageCLEFmedical_Caption_2026_valid_4503","Ultrasonic image showing a fluid-filled structure with distinct walls and surrounding tissue."
"ImageCLEFmedical_Caption_2026_valid_4504","Abdominal radiograph showing multiple foreign bodies within the gastrointestinal tract, indicated by arrows."
"ImageCLEFmedical_Caption_2026_valid_4505","CT scan showing abdominal aorta with yellow arrow indicating a possible aneurysm or vascular abnormality."
"ImageCLEFmedical_Caption_2026_valid_4506","CT scan showing inflamed descending colon with arrow indication"
"ImageCLEFmedical_Caption_2026_valid_4507","CT scan showing sigmoid colon inflammation with marked enhancement and surrounding soft tissue involvement."
"ImageCLEFmedical_Caption_2026_valid_4508","Pelvic X-ray showing hip fracture with surgical fixation devices."
"ImageCLEFmedical_Caption_2026_valid_4509","Ultrasound image showing three measured structures with dimensions 21.61 mm, 21.22 mm, and 20.82 mm."
"ImageCLEFmedical_Caption_2026_valid_4510","Cervical spine X-ray showing cervical lordosis with a marked forward curvature indicated by the arrow."
"ImageCLEFmedical_Caption_2026_valid_4511","CT scan showing cervical spine with arrow indicating a lesion or abnormality in the cervical region."
"ImageCLEFmedical_Caption_2026_valid_4512","Postoperative pelvic X-ray showing left hip fixation with screws and rods."
"ImageCLEFmedical_Caption_2026_valid_4513","Hip joint radiograph showing a total hip replacement prosthesis with visible acetabular and femoral components."
"ImageCLEFmedical_Caption_2026_valid_4514","Hip X-ray showing right hip joint with osteolytic lesion and bone destruction in the right femoral head."
"ImageCLEFmedical_Caption_2026_valid_4515","CT scan showing multiple pulmonary nodules marked with red dots in both lungs."
"ImageCLEFmedical_Caption_2026_valid_4516","Echocardiogram showing atrial appendage (A), pulmonary vein (B), and cardiac silhouette (C) with Doppler flow indicator."
"ImageCLEFmedical_Caption_2026_valid_4517","Ultrasound image showing fetal head and adjacent mass."
"ImageCLEFmedical_Caption_2026_valid_4518","MRI scan showing liver with a lesion marked by a white star and a large pericardial effusion indicated by a white triangle."
"ImageCLEFmedical_Caption_2026_valid_4519","MRI showing liver with arrow indicating lesion and triangle marking area of interest"
"ImageCLEFmedical_Caption_2026_valid_4520","Liver with focal lesion indicated by arrow on CT scan."
"ImageCLEFmedical_Caption_2026_valid_4521","Brain MRI showing a lesion in the putamen with a red arrow indicating the area of interest."
"ImageCLEFmedical_Caption_2026_valid_4522","Sagittal view of right kidney with arrows indicating renal parenchyma and possible lesion"
"ImageCLEFmedical_Caption_2026_valid_4523","Angiographic image showing a catheter and stent deployment in a vascular region with a scale indicator."
"ImageCLEFmedical_Caption_2026_valid_4524","Angiogram showing vascular structures with a catheter in position, measuring 20 cm."
"ImageCLEFmedical_Caption_2026_valid_4525","Echocardiogram showing left ventricular cavity with EF annotation."
"ImageCLEFmedical_Caption_2026_valid_4526","Radiograph showing left lung field with three arrows pointing to areas of increased opacity or consolidation."
"ImageCLEFmedical_Caption_2026_valid_4527","CT scan showing a metallic foreign body in the upper abdominal region, indicated by the blue arrow."
"ImageCLEFmedical_Caption_2026_valid_4528","Pelvic X-ray showing hip joint and surrounding structures with visible contrast medium and surgical hardware."
"ImageCLEFmedical_Caption_2026_valid_4529","Post-operative pelvic X-ray showing hip replacement with visible implant and surrounding bone structure."
"ImageCLEFmedical_Caption_2026_valid_4530","Fetal ultrasound image showing heart and surrounding structures with dimensional measurements indicated."
"ImageCLEFmedical_Caption_2026_valid_4531","Prenatal ultrasound image showing fetal cerebellum with measurements indicating gestational age of 21 weeks and 2 days."
"ImageCLEFmedical_Caption_2026_valid_4532","MRI of cervical spine showing normal vertebral alignment and spinal cord without evident pathology."
"ImageCLEFmedical_Caption_2026_valid_4533","MRI showing spinal cord lesion at T10 level indicated by arrow."
"ImageCLEFmedical_Caption_2026_valid_4534","Thoracic CT scan showing enlarged mediastinal lymph nodes and lung parenchyma abnormalities."
"ImageCLEFmedical_Caption_2026_valid_4535","Cardiac MRI showing right ventricular (RV) wall thickening with arrow indicating abnormality."
"ImageCLEFmedical_Caption_2026_valid_4536","MRI showing a hip joint with a white arrow indicating a specific anatomical feature or pathology."
"ImageCLEFmedical_Caption_2026_valid_4537","Echocardiogram showing high velocity jet with peak velocity of 424 cm/s and pressure gradient of 72 mmHg, indicating significant valvular regurgitation."
"ImageCLEFmedical_Caption_2026_valid_4538","Arrow indicates myocardial region with abnormal signal intensity."
"ImageCLEFmedical_Caption_2026_valid_4539","MRI scan showing cervical spine with red arrow indicating a lesion or abnormality in the cervical region."
"ImageCLEFmedical_Caption_2026_valid_4540","MRI showing a large intracranial lesion with a red arrow indicating the area of interest."
"ImageCLEFmedical_Caption_2026_valid_4541","MRI showing a large intracranial mass with a red arrow indicating the lesion."
"ImageCLEFmedical_Caption_2026_valid_4542","CT scan showing a large left-sided pneumothorax with visible air collection and mediastinal shift."
"ImageCLEFmedical_Caption_2026_valid_4543","CT scan showing a large right-sided pleural effusion with a collapsed lung and a visible mediastinal shift."
"ImageCLEFmedical_Caption_2026_valid_4544","CT scan showing enlarged liver with surrounding vascular structures and thoracic cavity anatomy."
"ImageCLEFmedical_Caption_2026_valid_4545","Chest X-ray showing a patient with a large opacity in the right lower lung field, suggesting a possible pneumothorax or consolidation."
"ImageCLEFmedical_Caption_2026_valid_4546","PA chest radiograph showing a cardiac silhouette with a visible central line or catheter in the mediastinum."
"ImageCLEFmedical_Caption_2026_valid_4547","Abdominal X-ray showing bowel gas pattern with arrow indicating suspected obstruction or distension."
"ImageCLEFmedical_Caption_2026_valid_4548","Echocardiogram showing cardiac structure with highlighted region indicated by red arrow."
"ImageCLEFmedical_Caption_2026_valid_4549","MRI scan showing cervical spine and upper thoracic region with visible spinal cord and surrounding soft tissues."
"ImageCLEFmedical_Caption_2026_valid_4550","CT scan showing pelvic region with highlighted area indicating potential pathology or lesion."
"ImageCLEFmedical_Caption_2026_valid_4551","CT scan showing a large mass in the neck region with a red arrow indicating the lesion."
"ImageCLEFmedical_Caption_2026_valid_4552","Ultrasound image showing fetal structure with distinct contours and internal details."
"ImageCLEFmedical_Caption_2026_valid_4553","Transvaginal ultrasound image showing a gestational sac with a fetal pole and visible cardiac activity, measured at 17.4 mm BPD."
"ImageCLEFmedical_Caption_2026_valid_4554","Ultrasound image showing a fetal heart beat with labeled structures."
"ImageCLEFmedical_Caption_2026_valid_4555","Ultrasound image showing abdominal organ with highlighted structures."
"ImageCLEFmedical_Caption_2026_valid_4556","Brain CT scan showing normal cerebral parenchyma with no visible hemorrhage or mass lesion."
"ImageCLEFmedical_Caption_2026_valid_4557","Intravascular coil deployment for embolization, indicated by white arrow."
"ImageCLEFmedical_Caption_2026_valid_4558","Aortic dissection with intimal flap and rupture site indicated by arrow."
"ImageCLEFmedical_Caption_2026_valid_4559","Angiogram showing coiled embolic material in a vascular structure with two arrows indicating the site of embolization."
"ImageCLEFmedical_Caption_2026_valid_4560","Head CT scan showing intracranial and sinus structures with no immediate abnormalities detected."
"ImageCLEFmedical_Caption_2026_valid_4561","CT scan showing brain with multiple small lesions and cervical spine alignment."
"ImageCLEFmedical_Caption_2026_valid_4562","Angiogram showing coronary arteries with annotations for D1, OM1, and LAD."
"ImageCLEFmedical_Caption_2026_valid_4563","Angiogram showing coronary arteries with labels: D1, OM1, and LAD."
"ImageCLEFmedical_Caption_2026_valid_4564","Anterior-posterior chest X-ray showing a pediatric patient with visible ribs, spine, and abdominal contents; labeled ""BED SIDE R"" indicating right side view."
"ImageCLEFmedical_Caption_2026_valid_4565","CT scan showing mediastinal mass with adjacent lymphadenopathy and pleural effusion."
"ImageCLEFmedical_Caption_2026_valid_4566","Cardiomegaly with mediastinal shift and gastric air bubble visible."
"ImageCLEFmedical_Caption_2026_valid_4567","Panoramic radiograph showing a dental anomaly in the mandibular region."
"ImageCLEFmedical_Caption_2026_valid_4568","Dental radiograph showing a large radiolucent area around the root of a tooth, indicating possible periodontal or pathological lesion."
"ImageCLEFmedical_Caption_2026_valid_4569","Abdominal X-ray showing a large radiopaque foreign body in the upper abdomen with surrounding bowel gas and a central spinal column."
"ImageCLEFmedical_Caption_2026_valid_4570","Abdominal X-ray showing multiple loops of bowel, a central spinal column, and a radiopaque tube or catheter in the upper abdomen."
"ImageCLEFmedical_Caption_2026_valid_4571","CT scan showing a large intracranial lesion with associated bone erosion and intracranial pressure changes."
"ImageCLEFmedical_Caption_2026_valid_4572","Abdominal CT scan showing liver, stomach, colon, spleen, and abdominal aorta with annotated anatomical structures."
"ImageCLEFmedical_Caption_2026_valid_4573","Panoramic radiograph showing dental arch with multiple arrow indicators highlighting specific teeth or lesions."
"ImageCLEFmedical_Caption_2026_valid_4574","CT scan showing a large hepatic lesion with surrounding vascular structures and a nearby lymph node."
"ImageCLEFmedical_Caption_2026_valid_4575","Ultrasonic image showing hypoechoic lesions within the uterine cavity."
"ImageCLEFmedical_Caption_2026_valid_4576","Ultrasonic image showing a hypoechoic lesion with irregular borders and posterior shadowing, indicative of a possible benign or malignant growth in the uterine cavity."
"ImageCLEFmedical_Caption_2026_valid_4577","Cerebral hemorrhage with mass effect on left hemisphere."
"ImageCLEFmedical_Caption_2026_valid_4578","Blurred MRI scan of the brain showing central structures with reduced contrast and resolution."
"ImageCLEFmedical_Caption_2026_valid_4579","Pelvic X-ray showing hip replacement with measured angles and distances."
"ImageCLEFmedical_Caption_2026_valid_4580","CT scan showing a small bright area in the brainstem indicated by a red arrow."
"ImageCLEFmedical_Caption_2026_valid_4581","Brain CT scan showing a small intracranial hemorrhage indicated by the red arrow."
"ImageCLEFmedical_Caption_2026_valid_4582","Brain CT scan showing intracranial hemorrhage with green and red arrows indicating areas of abnormal density."
"ImageCLEFmedical_Caption_2026_valid_4583","Abdominal X-ray showing bowel gas patterns and pelvic structures with a radiopaque object in the pelvis."
"ImageCLEFmedical_Caption_2026_valid_4584","Chest X-ray showing normal lung fields with no obvious infiltrates or pneumothorax, and medical devices visible in the mediastinum and right upper chest."
"ImageCLEFmedical_Caption_2026_valid_4585","CT scan showing symmetrical lung fields with normal bronchial tree and no evident mass or consolidation."
"ImageCLEFmedical_Caption_2026_valid_4586","Radiograph showing a small radiopaque object in the right lower lung field, indicated by an arrow."
"ImageCLEFmedical_Caption_2026_valid_4587","MRI showing a 21.8 mm cerebellar lesion with arrow indication."
"ImageCLEFmedical_Caption_2026_valid_4588","Right shoulder radiograph showing a fracture of the proximal humerus indicated by the arrow."
"ImageCLEFmedical_Caption_2026_valid_4589","Anterior-posterior knee radiograph showing joint space narrowing with measured distances of 5.90 mm and 1.24 mm."
"ImageCLEFmedical_Caption_2026_valid_4590","CT scan showing liver and kidney with arrow indicating lesions."
"ImageCLEFmedical_Caption_2026_valid_4591","Ultrasound image showing multiple hypoechoic structures with arrows indicating lesions or abnormalities within the thyroid gland region, marked by the letter 'H'."
"ImageCLEFmedical_Caption_2026_valid_4592","Ultrasound image showing a dark, hypoechoic region with no distinct anatomical structures visible."
"ImageCLEFmedical_Caption_2026_valid_4593","CT scan showing large abdominal mass displacing organs and compressing surrounding structures."
"ImageCLEFmedical_Caption_2026_valid_4594","Pleural effusion with lung compression on the left side."
"ImageCLEFmedical_Caption_2026_valid_4595","Chest X-ray showing enlarged heart shadow with increased cardiac silhouette and reduced lung fields, suggesting cardiomegaly."
"ImageCLEFmedical_Caption_2026_valid_4596","Lateral radiograph of the skull showing a radiopaque foreign body in the left parotid region, indicated by the red arrow."
"ImageCLEFmedical_Caption_2026_valid_4597","X-ray showing spinal fusion with surgical hardware in place."
"ImageCLEFmedical_Caption_2026_valid_4598","Radiograph of a dog's thoracic region showing ribs, spine, and lung fields."
"ImageCLEFmedical_Caption_2026_valid_4599","CT scan showing enlarged heart with arrow indicating cardiac enlargement."
"ImageCLEFmedical_Caption_2026_valid_4600","CT scan showing bilateral pulmonary nodules indicated by red arrows."
"ImageCLEFmedical_Caption_2026_valid_4601","MRI of the leg showing muscle and joint structures with arrows indicating areas of interest."
"ImageCLEFmedical_Caption_2026_valid_4602","MRI of the leg showing muscle and joint structures with arrows indicating areas of interest."
"ImageCLEFmedical_Caption_2026_valid_4603","Angiographic image showing a catheter navigating through vascular structures."
"ImageCLEFmedical_Caption_2026_valid_4604","Angiogram showing a curved catheter navigating through a complex network of blood vessels."
"ImageCLEFmedical_Caption_2026_valid_4605","Radiograph showing hip and femoral shaft with arrows indicating possible fractures or abnormalities in the distal femur."
"ImageCLEFmedical_Caption_2026_valid_4606","Ultrasound image showing a dark, circular structure with surrounding echogenic tissue, indicative of a fluid-filled lesion or cyst."
"ImageCLEFmedical_Caption_2026_valid_4607","Ultrasound image of left shoulder supraspinous region with lateral and medial labels, indicating anatomical orientation."
"ImageCLEFmedical_Caption_2026_valid_4608","Ultrasound image of left shoulder showing subscapular nerve (SSn pre) with arrow indicating its location."
"ImageCLEFmedical_Caption_2026_valid_4609","Ultrasound image showing left shoulder with labeled subscapularis tendon posteroanteriorly."
"ImageCLEFmedical_Caption_2026_valid_4610","Ultrasound image of left shoulder supraspinous region with lateral and medial orientation markers, indicating anatomical positioning."
"ImageCLEFmedical_Caption_2026_valid_4611","CT scan showing aorta and inferior vena cava with arrow indicating inferior vena cava."
"ImageCLEFmedical_Caption_2026_valid_4612","Echocardiogram showing intracardiac blood flow with color Doppler mapping."
"ImageCLEFmedical_Caption_2026_valid_4613","CT scan showing gastrogastric intussusception with arrow indicating the abnormal intestinal protrusion."
"ImageCLEFmedical_Caption_2026_valid_4614","Cervical spine CT showing a vertebral body fracture with a posteriorly displaced fragment indicated by the arrow."
"ImageCLEFmedical_Caption_2026_valid_4615","CT scan showing a large retroperitoneal mass indicated by a red arrow."
"ImageCLEFmedical_Caption_2026_valid_4616","Chest X-ray showing cardiomegaly with enlarged heart silhouette and increased cardiac shadow."
"ImageCLEFmedical_Caption_2026_valid_4617","Pleural effusion with lung compression on the right side."
"ImageCLEFmedical_Caption_2026_valid_4618","Chest X-ray showing enlarged heart shadow with clear lung fields and visible rib cage."
"ImageCLEFmedical_Caption_2026_valid_4619","Cardiac catheterization image showing a guidewire navigating through the cardiac region with visible vertebral structures in the background."
"ImageCLEFmedical_Caption_2026_valid_4620","CT scan showing pelvic mass with arrows indicating lesion."
"ImageCLEFmedical_Caption_2026_valid_4621","Liver with focal lesion and biliary dilation indicated by arrows."
"ImageCLEFmedical_Caption_2026_valid_4622","Chest X-ray showing bilateral lung fields with visible mediastinal shadow and cardiac silhouette."
"ImageCLEFmedical_Caption_2026_valid_4623","MRI showing liver with focal lesion and adjacent gallbladder abnormality."
"ImageCLEFmedical_Caption_2026_valid_4624","Liver MRI showing a lesion with arrow pointing to abnormality."
"ImageCLEFmedical_Caption_2026_valid_4625","Pelvic X-ray showing bilateral hip joint abnormalities with visible osteolytic lesions and possible sacroiliac joint involvement."
"ImageCLEFmedical_Caption_2026_valid_4626","Screw in joint with arrow indicating placement"
"ImageCLEFmedical_Caption_2026_valid_4627","Knee X-ray showing a fracture at the distal femur indicated by the arrow."
"ImageCLEFmedical_Caption_2026_valid_4628","CT scan showing nasal cavity with highlighted sinus region."
"ImageCLEFmedical_Caption_2026_valid_4629","CT scan showing a large nasal mass with surrounding sinus involvement."
"ImageCLEFmedical_Caption_2026_valid_4630","Brain CT scan showing normal cerebral structure with no evident abnormalities."
"ImageCLEFmedical_Caption_2026_valid_4631","Ultrasound image showing layered tissue structures with measurement parameters displayed on screen."
"ImageCLEFmedical_Caption_2026_valid_4632","Ultrasound image showing fetal heart with visible cardiac structures and surrounding tissue."
"ImageCLEFmedical_Caption_2026_valid_4633","Ultrasound image showing layered tissue structures with measurement indicator of 23.50 mm."
"ImageCLEFmedical_Caption_2026_valid_4634","CT scan showing bilateral adrenal masses with arrows indicating enlarged adrenal glands."
"ImageCLEFmedical_Caption_2026_valid_4635","Abdominal MRI showing multiple fluid-filled structures with arrows indicating possible cysts or dilated loops of bowel."
"ImageCLEFmedical_Caption_2026_valid_4636","Coronary angiogram showing a stenotic lesion in the left main coronary artery, highlighted by a red circle."
"ImageCLEFmedical_Caption_2026_valid_4637","CT scan showing bilateral lower lobe infiltrates with arrows indicating areas of consolidation."
"ImageCLEFmedical_Caption_2026_valid_4638","CT scan showing abdominal organs with measured dimensions: 18.32 cm, 13.29 cm, and 6.75 cm."
"ImageCLEFmedical_Caption_2026_valid_4639","MRI of cervical and thoracic spine showing spinal cord abnormalities at C3 and D1 levels."
"ImageCLEFmedical_Caption_2026_valid_4640","MRI showing cervical spine with red arrows indicating spinal cord lesions at C3 and C7 levels."
"ImageCLEFmedical_Caption_2026_valid_4641","CT scan showing mediastinal lymphadenopathy with arrows indicating enlarged lymph nodes."
"ImageCLEFmedical_Caption_2026_valid_4642","CT scan showing multiple lung nodules with arrows indicating their locations."
"ImageCLEFmedical_Caption_2026_valid_4643","CT scan showing a large hepatic lesion with central necrosis and peripheral enhancement."
"ImageCLEFmedical_Caption_2026_valid_4644","CT scan showing enlarged lymph nodes with arrows indicating pathological regions."
"ImageCLEFmedical_Caption_2026_valid_4645","Abdominal CT scan showing bowel loops, vascular structures, and pelvic bones."
"ImageCLEFmedical_Caption_2026_valid_4646","Brain CT scan showing normal cerebral structure with no evident lesions or abnormalities."
"ImageCLEFmedical_Caption_2026_valid_4647","CT scan showing abdominal aorta with three arrows indicating possible aneurysmal dilatation or vascular abnormalities."
"ImageCLEFmedical_Caption_2026_valid_4648","Axial CT scan showing symmetrical maxillary sinuses with no evident pathology or asymmetry."
"ImageCLEFmedical_Caption_2026_valid_4649","Coronal CT scan showing maxillary sinus with arrows indicating possible sinusitis or opacification."
"ImageCLEFmedical_Caption_2026_valid_4650","Axial CT scan showing symmetrical maxillary and mandibular teeth with clear dental structures and surrounding alveolar bone."
"ImageCLEFmedical_Caption_2026_valid_4651","Axial CT scan showing symmetrical maxillary sinus and dental structures with no evident pathology."
"ImageCLEFmedical_Caption_2026_valid_4652","CT scan showing nasal cavity with arrow indicating a foreign body in the left nasal cavity."
"ImageCLEFmedical_Caption_2026_valid_4653","CT scan showing nasal cavity with visible septal deviation and sinus opacification."
"ImageCLEFmedical_Caption_2026_valid_4654","Axial CT scan showing symmetrical maxillary sinuses with normal air-filled cavities and intact bony margins."
"ImageCLEFmedical_Caption_2026_valid_4655","Radiographic image showing a flexible endoscope navigating through the gastrointestinal tract with visible anatomical structures."
"ImageCLEFmedical_Caption_2026_valid_4656","CT scan showing abdominal aorta with visible branching vessels and surrounding organs."
"ImageCLEFmedical_Caption_2026_valid_4657","AP erect chest X-ray showing bilateral lung opacities and mediastinal shift with mobile marker indicating left side."
"ImageCLEFmedical_Caption_2026_valid_4658","Chest X-ray showing bilateral pulmonary infiltrates with prominent opacities in the lower lobes, suggestive of interstitial lung disease or infectious process."
"ImageCLEFmedical_Caption_2026_valid_4659","CT scan showing bilateral lung consolidation with air trapping and central airway obstruction."
"ImageCLEFmedical_Caption_2026_valid_4660","CT scan showing bilateral pulmonary consolidation with air bronchogram and mediastinal shift."
"ImageCLEFmedical_Caption_2026_valid_4661","AP erect portable chest X-ray showing diffuse bilateral opacities consistent with pneumonia."
"ImageCLEFmedical_Caption_2026_valid_4662","CT scan showing a pulmonary nodule in the right lower lobe."
"ImageCLEFmedical_Caption_2026_valid_4663","CT scan showing a pulmonary nodule in the right lung field."
"ImageCLEFmedical_Caption_2026_valid_4664","CT scan showing a pulmonary nodule in the right lower lobe."
"ImageCLEFmedical_Caption_2026_valid_4665","Angiogram showing renal artery and its branches with labeled PA, IPA, and RL."
"ImageCLEFmedical_Caption_2026_valid_4666","Angiographic view showing the right hepatic artery (IPA) and its branch (EC) with contrast medium visualization."
"ImageCLEFmedical_Caption_2026_valid_4667","CT scan showing a large cardiac mass with associated vascular structures and mediastinal displacement."
"ImageCLEFmedical_Caption_2026_valid_4668","AP upright chest radiograph showing cardiac implantable electronic device with leads."
"ImageCLEFmedical_Caption_2026_valid_4669","Panoramic radiograph showing dental arch with visible roots, crowns, and surrounding alveolar bone structure."
"ImageCLEFmedical_Caption_2026_valid_4670","Posterior-anterior chest X-ray showing a child with visible ribcage, spine, and abdominal contents."
"ImageCLEFmedical_Caption_2026_valid_4671","PET-CT scan showing tumor region with color-coded metabolic activity highlighted by red arrow."
"ImageCLEFmedical_Caption_2026_valid_4672","CT scan slice showing thoracic anatomy with multiple contour annotations for target and organ at risk regions."
"ImageCLEFmedical_Caption_2026_valid_4673","CT scan showing brain and cervical spine with highlighted region at 107.1% coverage."
"ImageCLEFmedical_Caption_2026_valid_4674","Chest X-ray showing cervical spine alignment and bilateral lung bases with arrows indicating potential clinical findings."
"ImageCLEFmedical_Caption_2026_valid_4675","Chest X-ray showing tracheal deviation and mediastinal shift with a central line in place."
"ImageCLEFmedical_Caption_2026_valid_4676","CT scan showing bilateral pulmonary consolidation with air trapping in the lungs."
"ImageCLEFmedical_Caption_2026_valid_4677","Chest X-ray showing a white star-shaped marker in the left lower lung field."
"ImageCLEFmedical_Caption_2026_valid_4678","CT scan showing abdominal organs with marked renal parenchymal changes and pelvic structures."
"ImageCLEFmedical_Caption_2026_valid_4679","Coronal CT scan showing thoracic spine, ribs, and mediastinum with no obvious abnormalities."
"ImageCLEFmedical_Caption_2026_valid_4680","Brain MRI showing bilateral cortical and subcortical signal abnormalities with periventricular involvement."
"ImageCLEFmedical_Caption_2026_valid_4681","CT scan showing a cardiac implant with visible metallic artifact."
"ImageCLEFmedical_Caption_2026_valid_4682","Echocardiogram showing a large mass in the left atrium, indicated by the white arrow."
"ImageCLEFmedical_Caption_2026_valid_4683","Echocardiogram showing aortic valve with arrow indicating potential stenosis or regurgitation."
"ImageCLEFmedical_Caption_2026_valid_4684","CT scan showing a renal mass with a red arrow indicating the lesion."
"ImageCLEFmedical_Caption_2026_valid_4685","Arrow indicates a vascular anomaly in the cerebral vasculature."
"ImageCLEFmedical_Caption_2026_valid_4686","Echocardiogram showing aortic valve with arrow indicating possible stenosis or regurgitation."
"ImageCLEFmedical_Caption_2026_valid_4687","CT scan showing lung parenchyma with focal consolidation and air trapping in the right lower lobe."
"ImageCLEFmedical_Caption_2026_valid_4688","Abdominal MRI scan showing upper gastrointestinal structures with labeled anatomical orientation."
"ImageCLEFmedical_Caption_2026_valid_4689","Echocardiogram image showing cardiac structure with annotations for patient details and device settings."
"ImageCLEFmedical_Caption_2026_valid_4690","Thoracic radiograph showing a patient with a large right-sided pleural effusion and a visible mediastinal shift."
"ImageCLEFmedical_Caption_2026_valid_4691","Echocardiogram showing cardiac structure with measurement parameters displayed."
"ImageCLEFmedical_Caption_2026_valid_4692","Thoracic CT scan showing lung parenchyma with areas of consolidation and air trapping, consistent with pulmonary pathology."
"ImageCLEFmedical_Caption_2026_valid_4693","CT scan showing bilateral pulmonary nodules indicated by yellow arrows."
"ImageCLEFmedical_Caption_2026_valid_4694","X-ray image showing a needle and catheter positioned within the spinal region."
"ImageCLEFmedical_Caption_2026_valid_4695","Spinal X-ray showing vertebral alignment and intervertebral spaces."
"ImageCLEFmedical_Caption_2026_valid_4696","CT scan showing lung fields with a focal rounded opacity in the right lung field."
"ImageCLEFmedical_Caption_2026_valid_4697","Ultrasonic image showing a centrally located, hypoechoic structure with surrounding tissue, marked with measurement indicators."
"ImageCLEFmedical_Caption_2026_valid_4698","Ultrasound image showing heterogeneous tissue with scattered hyperechoic foci and a defined hyperechoic region."
"ImageCLEFmedical_Caption_2026_valid_4699","CT scan showing abdominal mass with arrows indicating regions of interest."
"ImageCLEFmedical_Caption_2026_valid_4700","CT scan showing a large abdominal mass indicated by arrow."
"ImageCLEFmedical_Caption_2026_valid_4701","CT scan showing lung parenchyma with irregular opacities and air trapping in the left upper lobe."
"ImageCLEFmedical_Caption_2026_valid_4702","Abdominal CT scan showing large pelvic mass with surrounding structures and bowel loops."
"ImageCLEFmedical_Caption_2026_valid_4703","Ultrasound image showing fetal profile with FL measurement of 26.12 mm and 18 weeks 26 days gestation."
"ImageCLEFmedical_Caption_2026_valid_4704","Ultrasound image showing fetal profile with red arrows indicating specific anatomical landmarks."
"ImageCLEFmedical_Caption_2026_valid_4705","Ultrasound image showing placenta and fetal structure with annotations."
"ImageCLEFmedical_Caption_2026_valid_4706","Ultrasound image showing absence of cranial structure indicated by red arrow."
"ImageCLEFmedical_Caption_2026_valid_4707","Skeletal radiograph showing multiple bone lesions with arrows indicating areas of abnormality."
"ImageCLEFmedical_Caption_2026_valid_4708","CT scan showing liver with yellow outlined lesion and blue arrow indicating adjacent structure"
"ImageCLEFmedical_Caption_2026_valid_4709","Abdominal MRI showing liver and surrounding structures with directional arrows indicating anatomical landmarks."
"ImageCLEFmedical_Caption_2026_valid_4710","CT scan showing liver and kidney with contour outlines."
"ImageCLEFmedical_Caption_2026_valid_4711","Axial CT scan showing intracranial hemorrhage with mass effect and midline shift."
"ImageCLEFmedical_Caption_2026_valid_4712","Brain CT scan showing no acute hemorrhage or mass lesion, with normal cerebral parenchyma and ventricular structures."
"ImageCLEFmedical_Caption_2026_valid_4713","Ultrasound image showing a thyroid nodule with a white arrow indicating a lesion, labeled ""E"" and ""A-M"" for anatomical landmarks."
"ImageCLEFmedical_Caption_2026_valid_4714","Ultrasound image showing thyroid (T) and trachea (VC) structures."
"ImageCLEFmedical_Caption_2026_valid_4715","Ultrasound image showing a fetal structure with measurement markers indicating 51.9 mm and 31.9 mm distances."
"ImageCLEFmedical_Caption_2026_valid_4716","Panoramic dental radiograph showing upper and lower teeth and jawbone structures."
"ImageCLEFmedical_Caption_2026_valid_4717","Panoramic dental radiograph showing full arch of teeth and surrounding jawbone structures."
"ImageCLEFmedical_Caption_2026_valid_4718","Panoramic dental radiograph showing jawbone and teeth with arrow indicating a specific area of interest."
"ImageCLEFmedical_Caption_2026_valid_4719","Thoracic radiograph showing mediastinal shift and cardiac silhouette enlargement with noted anatomical landmarks."
"ImageCLEFmedical_Caption_2026_valid_4720","MRI of foot showing soft tissue swelling at the plantar aspect of the heel, indicated by the yellow arrow."
"ImageCLEFmedical_Caption_2026_valid_4721","Radiograph showing cardiac silhouette with arrows indicating mediastinal shift and possible pneumothorax."
"ImageCLEFmedical_Caption_2026_valid_4722","Echocardiogram showing left ventricular trabeculation and apex with labeled chambers including RV, LV, RA, LA, and MV."
"ImageCLEFmedical_Caption_2026_valid_4723","Echocardiogram showing flow between trabeculations with labeled chambers: apex, left ventricle (LV), right ventricle (RV), left atrium (LA), and right atrium (RA)."
"ImageCLEFmedical_Caption_2026_valid_4724","Echocardiogram showing left ventricular trabeculation with arrows indicating abnormal myocardial structure."
"ImageCLEFmedical_Caption_2026_valid_4725","Pelvic X-ray with surgical screw and anatomical measurements annotated."
"ImageCLEFmedical_Caption_2026_valid_4726","Color Doppler ultrasound showing scattered blood flow signals within a defined region."
"ImageCLEFmedical_Caption_2026_valid_4727","Ultrasound image showing hepatic parenchyma with multiple hypoechoic lesions and arrow indicators."
"ImageCLEFmedical_Caption_2026_valid_4728","Cerebral hemorrhage with intraparenchymal hematoma indicated by arrow."
"ImageCLEFmedical_Caption_2026_valid_4729","Brain MRI showing a large intracranial mass in the posterior fossa, indicated by the red arrow."
"ImageCLEFmedical_Caption_2026_valid_4730","X-ray image highlighting the phi angle in the cervical spine region."
"ImageCLEFmedical_Caption_2026_valid_4731","Pulmonary infiltrates with consolidation in both lungs indicated by arrows."
"ImageCLEFmedical_Caption_2026_valid_4732","CT scan showing a 2.62 cm pulmonary nodule in the left lung field."
"ImageCLEFmedical_Caption_2026_valid_4733","Angiographic image showing catheter placement and contrast-filled vascular structures in the pelvic region."
"ImageCLEFmedical_Caption_2026_valid_4734","Cerebral angiogram showing a vascular malformation with arrows indicating abnormal blood flow."
"ImageCLEFmedical_Caption_2026_valid_4735","Intraoral radiograph showing a dental implant with a curved wire and a large mass in the oral cavity."
"ImageCLEFmedical_Caption_2026_valid_4736","MRI scan of the knee joint showing joint space, ligaments, and surrounding soft tissues."
"ImageCLEFmedical_Caption_2026_valid_4737","Chest X-ray showing bilateral lung opacities and possible consolidation with preserved cardiac silhouette and no evident pneumothorax or pleural effusion."
"ImageCLEFmedical_Caption_2026_valid_4738","Ultrasound image showing a hypoechoic lesion with internal echogenic foci within a thyroid gland."
"ImageCLEFmedical_Caption_2026_valid_4739","Knee MRI showing joint space, menisci, and surrounding soft tissues with no obvious fractures or dislocations."
"ImageCLEFmedical_Caption_2026_valid_4740","Hip replacement with arrow indicating implant position"
"ImageCLEFmedical_Caption_2026_valid_4741","Root canal radiograph showing a tooth with a filled root canal and surrounding bone structure."
"ImageCLEFmedical_Caption_2026_valid_4742","CT scan showing mediastinal mass with adjacent lymphadenopathy and air trapping in the right lung field."
"ImageCLEFmedical_Caption_2026_valid_4743","Chest X-ray showing bilateral pulmonary infiltrates and cardiomegaly."
"ImageCLEFmedical_Caption_2026_valid_4744","Panoramic radiograph showing dental arch and surrounding bone structure."
"ImageCLEFmedical_Caption_2026_valid_4745","Panoramic radiograph showing dental implants and surrounding bone structure."
"ImageCLEFmedical_Caption_2026_valid_4746","Panoramic dental X-ray showing upper and lower teeth with dental implants visible in the jawbone."
"ImageCLEFmedical_Caption_2026_valid_4747","Arterial injection showing a vascular anomaly with a highlighted region."
"ImageCLEFmedical_Caption_2026_valid_4748","Renal artery angiogram showing contrast-filled vasculature and renal parenchyma."
"ImageCLEFmedical_Caption_2026_valid_4749","Intravenous urogram showing contrast medium in renal pelvis and ureter with visible catheter trajectory."
"ImageCLEFmedical_Caption_2026_valid_4750","Arrow indicates a vascular anomaly or obstruction in the upper gastrointestinal tract."
"ImageCLEFmedical_Caption_2026_valid_4751","Renal artery angiogram showing vascular anatomy and a large renal mass."
"ImageCLEFmedical_Caption_2026_valid_4752","Intimal flap at distal edge of stent as indicated by arrow"
"ImageCLEFmedical_Caption_2026_valid_4753","Abdominal CT scan showing liver, kidneys, and spinal column in cross-section."
"ImageCLEFmedical_Caption_2026_valid_4754","CT scan showing a mass in the right upper quadrant of the abdomen, indicated by the green arrow."
"ImageCLEFmedical_Caption_2026_valid_4755","CT scan showing liver with focal lesion and peritoneal fluid collection."
"ImageCLEFmedical_Caption_2026_valid_4756","Barium swallow study showing esophageal and gastric contours with no obvious obstruction or abnormality."
"ImageCLEFmedical_Caption_2026_valid_4757","Barium swallow study showing esophageal narrowing and gastric dilation."
"ImageCLEFmedical_Caption_2026_valid_4758","Radiographic image showing a spinal column with multiple metallic implants and a visible prosthetic device in the lower thoracic region."
"ImageCLEFmedical_Caption_2026_valid_4759","PA chest X-ray showing right-sided pneumothorax with visible lung collapse and mediastinal shift."
"ImageCLEFmedical_Caption_2026_valid_4760","PDA originating from RCA as indicated by arrow"
"ImageCLEFmedical_Caption_2026_valid_4761","Coronary angiogram showing LAD, LCA, and LCX arteries."
"ImageCLEFmedical_Caption_2026_valid_4762","Arrow indicates PLV originating from LCX coronary artery."
"ImageCLEFmedical_Caption_2026_valid_4763","PDA originating from LCX artery"
"ImageCLEFmedical_Caption_2026_valid_4764","Pulmonary Artery CTA showing a large pulmonary embolus within the right pulmonary artery."
"ImageCLEFmedical_Caption_2026_valid_4765","CT scan of the chest showing pulmonary artery with multiple circular opacities in the lung fields."
"ImageCLEFmedical_Caption_2026_valid_4766","Renal MRI showing bilateral renal parenchymal abnormalities with heterogeneous signal intensity and possible cystic lesions."
"ImageCLEFmedical_Caption_2026_valid_4767","Pelvic MRI scan showing abdominal and pelvic organs with detailed cross-sectional view."
"ImageCLEFmedical_Caption_2026_valid_4768","Ultrasonic image showing a hypoechoic lesion with a central echogenic focus indicated by a red arrow."
"ImageCLEFmedical_Caption_2026_valid_4769","Angiogram showing coronary artery with visible branching and vessel contours."
"ImageCLEFmedical_Caption_2026_valid_4770","MRI showing knee joint with red arrow indicating meniscal tear"
"ImageCLEFmedical_Caption_2026_valid_4771","MRI of knee joint showing a tear in the medial meniscus indicated by the arrow."
"ImageCLEFmedical_Caption_2026_valid_4772","MRI of knee joint showing joint effusion and meniscal tear indicated by arrow."
"ImageCLEFmedical_Caption_2026_valid_4773","MRI of knee joint showing meniscal tear indicated by red arrow."
"ImageCLEFmedical_Caption_2026_valid_4774","MRI of knee joint showing osteochondral lesion at the medial femoral condyle, indicated by the red arrow."
"ImageCLEFmedical_Caption_2026_valid_4775","Thoracic CT scan showing bilateral pulmonary nodules with arrows indicating focal opacities in the upper lobes."
"ImageCLEFmedical_Caption_2026_valid_4776","Pneumothorax with visible lung collapse indicated by arrows."
"ImageCLEFmedical_Caption_2026_valid_4777","Chest X-ray showing two intravenous lines in the upper chest region with arrow indicators."
"ImageCLEFmedical_Caption_2026_valid_4778","CT scan showing a renal mass with an arrow indicating the lesion."
"ImageCLEFmedical_Caption_2026_valid_4779","CT scan showing a liver lesion with arrow and circle indicating a focal abnormality."
"ImageCLEFmedical_Caption_2026_valid_4780","MRI of prostate showing prostate (P) and bladder (B) with marked area indicated by asterisk (*)"
"ImageCLEFmedical_Caption_2026_valid_4781","MRI showing spinal column with yellow arrow indicating a vertebral anomaly"
"ImageCLEFmedical_Caption_2026_valid_4782","Cerebral hemorrhage in the basal ganglia region."
"ImageCLEFmedical_Caption_2026_valid_4783","Brain MRI showing a bright lesion in the periventricular region, indicated by the yellow arrow."
"ImageCLEFmedical_Caption_2026_valid_4784","MRI brain scan with labeled regions: ch123R (pink), ch4R (blue), ch123L (green), ch4L (maroon)"
"ImageCLEFmedical_Caption_2026_valid_4785","Lateral skull radiograph with anatomical landmarks labeled including Nasion, Sella, Condylion, Articulare, Gonion, Point A, Point B, Pogonion, Gnatition, and Menton."
"ImageCLEFmedical_Caption_2026_valid_4786","Chest X-ray showing cardiomegaly with prominent cardiac silhouette and mediastinal widening."
"ImageCLEFmedical_Caption_2026_valid_4787","CT scan showing bilateral pulmonary consolidation with air bronchograms and mediastinal shift."
"ImageCLEFmedical_Caption_2026_valid_4788","Lateral radiograph of the head and neck showing skeletal alignment with measured angle of 3.23 degrees."
"ImageCLEFmedical_Caption_2026_valid_4789","MRI scan showing shoulder joint anatomy with labeled right side"
"ImageCLEFmedical_Caption_2026_valid_4790","Ultrasound image showing fetal thymus structure at 22 weeks gestation with color Doppler overlay."
"ImageCLEFmedical_Caption_2026_valid_4791","Pregnancy ultrasound image showing fetal heart structures with labeled great vessels including SVC, AOA, PA, Desc. AO, and DA."
"ImageCLEFmedical_Caption_2026_valid_4792","Lymph node enlargement in cervical region on CT scan."
"ImageCLEFmedical_Caption_2026_valid_4793","CT scan showing pelvic cross-section with vertebral bodies, sacrum, and surrounding soft tissues."
"ImageCLEFmedical_Caption_2026_valid_4794","Axial MRI showing spinal canal with arrow indicating lesion or abnormality."
"ImageCLEFmedical_Caption_2026_valid_4795","MRI scan showing a 35.4 mm lesion in the abdominal region."
"ImageCLEFmedical_Caption_2026_valid_4796","Brain MRI showing symmetrical cerebral hemispheres with normal ventricular system and no obvious mass or lesion."
"ImageCLEFmedical_Caption_2026_valid_4797","Coronal CT scan showing bilateral kidneys, spine, and pelvic bones with no apparent abnormalities."
"ImageCLEFmedical_Caption_2026_valid_4798","Radiographic measurement of pelvic alignment with labeled anatomical landmarks and calculated parameters."
"ImageCLEFmedical_Caption_2026_valid_4799","Transvaginal ultrasound image showing the uterus with a 7.2 cm distance marker, displaying heterogeneous internal echoes."
"ImageCLEFmedical_Caption_2026_valid_4800","CT scan showing pelvic cross-section with measured dimensions of 114 mm and 98.5 mm."
"ImageCLEFmedical_Caption_2026_valid_4801","Brain MRI showing a lesion in the brainstem region indicated by a red arrow."
"ImageCLEFmedical_Caption_2026_valid_4802","Coronary artery computed tomography angiogram showing normal anatomy with no significant stenosis."
"ImageCLEFmedical_Caption_2026_valid_4803","MRI showing hip joint with arrow indicating lesion or abnormality in the right femoral head or acetabulum region."
"ImageCLEFmedical_Caption_2026_valid_4804","CT scan showing a lytic lesion in the right femur indicated by the white arrow."
"ImageCLEFmedical_Caption_2026_valid_4805","Axial brain MRI showing cerebellar hemisphere with red arrow indicating region of interest."
"ImageCLEFmedical_Caption_2026_valid_4806","CT scan showing a large abdominal aortic aneurysm indicated by the blue arrow."
"ImageCLEFmedical_Caption_2026_valid_4807","Radiographic view of shoulder joint with labeled anatomical regions A, B, and C indicating structural landmarks."
"ImageCLEFmedical_Caption_2026_valid_4808","Ultrasound image showing a central dark circular structure with surrounding tissue and fluid-filled areas."
"ImageCLEFmedical_Caption_2026_valid_4809","Upper gastrointestinal radiograph showing contrast-filled stomach and duodenum with visible anatomical structures."
"ImageCLEFmedical_Caption_2026_valid_4810","CT scan showing pelvic region with arrow indicating a lesion in the prostate gland."
"ImageCLEFmedical_Caption_2026_valid_4811","Abdominal CT scan showing liver with a focal lesion indicated by red arrow."
"ImageCLEFmedical_Caption_2026_valid_4812","CT scan showing abdominal cross-section with red and yellow arrows indicating specific anatomical structures."
"ImageCLEFmedical_Caption_2026_valid_4813","Brain MRI showing a focal area of increased signal intensity in the left cerebral hemisphere, indicated by the red arrow."
"ImageCLEFmedical_Caption_2026_valid_4814","AP supine chest radiograph showing symmetrical lung fields with a central white opacity indicating a radiopaque object or artifact."
"ImageCLEFmedical_Caption_2026_valid_4815","Chest X-ray showing bilateral lung opacities with no visible pneumothorax or significant cardiomegaly."
"ImageCLEFmedical_Caption_2026_valid_4816","CT scan showing pulmonary artery dilation with arrow markers indicating enlarged vessels."
"ImageCLEFmedical_Caption_2026_valid_4817","Ultrasound image showing median nerve (MN) with a yellow arrow indicating a focal area of interest on the left side."
"ImageCLEFmedical_Caption_2026_valid_4818","Chest CT showing bilateral pulmonary infiltrates with arrows indicating affected areas."
"ImageCLEFmedical_Caption_2026_valid_4819","Thoracic CT scan showing bilateral lung fields with visible bronchial tree and mediastinal structures."
"ImageCLEFmedical_Caption_2026_valid_4820","CT scan showing bilateral pulmonary nodules with arrows indicating areas of interest."
"ImageCLEFmedical_Caption_2026_valid_4821","Thoracic CT scan showing bilateral pulmonary nodules and ground-glass opacities consistent with interstitial lung disease."
"ImageCLEFmedical_Caption_2026_valid_4822","CT scan showing bilateral lung fields with visible bronchial tree and mediastinal structures."
"ImageCLEFmedical_Caption_2026_valid_4823","CT scan showing bilateral pulmonary consolidation with arrow indicating right lower lobe involvement."
"ImageCLEFmedical_Caption_2026_valid_4824","Thoracic CT scan showing bilateral lung fields with visible bronchial tree and cardiac silhouette."
"ImageCLEFmedical_Caption_2026_valid_4825","Abdominal ultrasound image showing liver and surrounding structures with measurement indicators."
"ImageCLEFmedical_Caption_2026_valid_4826","Arrow indicates a lesion in the brainstem region."
"ImageCLEFmedical_Caption_2026_valid_4827","Arrow indicates a lesion in the posterior fossa of the brain."
"ImageCLEFmedical_Caption_2026_valid_4828","Lateral view of the head showing labeled anatomical structures: lips, tongue, larynx, and velum."
"ImageCLEFmedical_Caption_2026_valid_4829","CT scan showing pelvic structures with arrows indicating potential abnormalities in the pelvic region."
"ImageCLEFmedical_Caption_2026_valid_4830","Abdominal X-ray showing vertebral column, kidneys, and a radiopaque tube or catheter in the upper abdomen."
"ImageCLEFmedical_Caption_2026_valid_4831","Axial MRI of lumbar spine showing vertebral bodies, intervertebral discs, and surrounding musculature."
"ImageCLEFmedical_Caption_2026_valid_4832","Posterior-anterior chest X-ray showing a child with a central line in the chest and visible ribs, spine, and abdominal structures."
"ImageCLEFmedical_Caption_2026_valid_4833","Posteroanterior chest X-ray showing a child with visible mediastinal shift, prominent cardiac silhouette, and a central line catheter in place."
"ImageCLEFmedical_Caption_2026_valid_4834","Radiograph showing a child with visible ribcage, spine, and abdominal contents; arrow indicates direction of view."
"ImageCLEFmedical_Caption_2026_valid_4835","CT scan showing a large, red-highlighted mass in the upper abdomen, likely a tumor, with surrounding organs and spinal column visible."
"ImageCLEFmedical_Caption_2026_valid_4836","CT scan showing a large abdominal mass with a red arrow indicating the lesion."
"ImageCLEFmedical_Caption_2026_valid_4837","Barium swallow radiograph showing a large air-fluid level in the distal esophagus, indicating esophageal obstruction or stricture."
"ImageCLEFmedical_Caption_2026_valid_4838","CT scan showing liver with red arrow indicating focal lesion."
"ImageCLEFmedical_Caption_2026_valid_4839","CT scan showing a large, well-defined, fluid-filled structure in the left upper quadrant, indicated by the red arrow."
"ImageCLEFmedical_Caption_2026_valid_4840","CT scan showing a large mediastinal mass with adjacent lung compression and pleural effusion."
"ImageCLEFmedical_Caption_2026_valid_4841","Cerebral hemorrhage in the left hemisphere indicated by arrow."
"ImageCLEFmedical_Caption_2026_valid_4842","Brain MRI showing a bright lesion in the right cerebral hemisphere indicated by an arrow."
"ImageCLEFmedical_Caption_2026_valid_4843","CT scan showing kidneys with ROI measurements for right and left kidneys."
"ImageCLEFmedical_Caption_2026_valid_4844","Coronal CT scan showing thoracic cavity with visible ribs, vertebrae, and lung fields."
"ImageCLEFmedical_Caption_2026_valid_4845","CT scan of lumbar spine with annotated vertebral measurements and segmental lengths."
"ImageCLEFmedical_Caption_2026_valid_4846","CT scan showing thoracic spine with measured vertebral body length of 1.543 cm."
"ImageCLEFmedical_Caption_2026_valid_4847","CT scan with radiation therapy planning showing MOSFETS and beam paths overlaying the thoracic region."
"ImageCLEFmedical_Caption_2026_valid_4848","Hip replacement implant with visible screws and acetabular component."
"ImageCLEFmedical_Caption_2026_valid_4849","Hip X-ray showing a fracture at the proximal femur near the greater trochanter, indicated by the yellow arrow."
"ImageCLEFmedical_Caption_2026_valid_4850","Ultrasound image showing brachial plexus with labeled structures including SCM, SA, LA, and SW."
"ImageCLEFmedical_Caption_2026_valid_4851","PETCT scan showing abdominal organs with metabolic activity highlights"
"ImageCLEFmedical_Caption_2026_valid_4852","Echocardiogram showing cardiac structure with measured dimensions and heart rate of 61 bpm."
"ImageCLEFmedical_Caption_2026_valid_4853","Echocardiogram showing mitral valve with green arrow indicating valve leaflet motion."
"ImageCLEFmedical_Caption_2026_valid_4854","Chest X-ray showing cardiac silhouette with annotated structures including aortic arch and major vessels."
"ImageCLEFmedical_Caption_2026_valid_4855","Echocardiogram showing彩色血流信号 in the left ventricle with a heart rate of 80 bpm."
"ImageCLEFmedical_Caption_2026_valid_4856","Echocardiogram showing cardiac structure with measurement markers and ECG trace."
"ImageCLEFmedical_Caption_2026_valid_4857","Axial MRI of the brain showing normal gray and white matter differentiation with no evident lesions or abnormalities."
"ImageCLEFmedical_Caption_2026_valid_4858","Brain MRI showing normal anatomical structures with no apparent abnormalities."
"ImageCLEFmedical_Caption_2026_valid_4859","Axial CT scan showing thoracic cross-section with lungs, mediastinum, and surrounding structures."
"ImageCLEFmedical_Caption_2026_valid_4860","Contrast-enhanced axial CT scan of thorax showing pulmonary structures with visible bronchi and mediastinum."
"ImageCLEFmedical_Caption_2026_valid_4861","Posteroanterior chest X-ray showing clear lung fields, visible heart shadow, and normal rib cage alignment."
"ImageCLEFmedical_Caption_2026_valid_4862","Abdominal X-ray showing spinal alignment and pelvic region with labeled orientation."
"ImageCLEFmedical_Caption_2026_valid_4863","X-ray image showing spinal alignment with labeled anatomical landmarks including T1 tilt, CA, CHD, and CRID."
"ImageCLEFmedical_Caption_2026_valid_4864","Fluoroscopic image showing spinal instrumentation with guide wire and surgical instrument in view."
"ImageCLEFmedical_Caption_2026_valid_4865","Anterior-posterior radiograph with anatomical landmarks: left and right clavicles (LT CCA, RT CCA) and central vertical line (CCL) for spinal alignment assessment."
"ImageCLEFmedical_Caption_2026_valid_4866","X-ray showing a pediatric leg with a visible foreign object embedded in the right tibia, indicated by the red arrow."
"ImageCLEFmedical_Caption_2026_valid_4867","CT scan showing pulmonary artery with arrows indicating vascular abnormalities."
"ImageCLEFmedical_Caption_2026_valid_4868","Chest X-ray showing a child with a central line (PVT EM) and radiopaque markers indicating potential abnormalities in the thoracic region."
"ImageCLEFmedical_Caption_2026_valid_4869","CT scan showing lung consolidation with arrows indicating areas of opacity and air trapping."
"ImageCLEFmedical_Caption_2026_valid_4870","Ultrasound image showing PM, LPN, pm, and PI with labeled anatomical structures."
"ImageCLEFmedical_Caption_2026_valid_4871","Ultrasound image showing labeled structures including PM, pm, PL, MB, LPN, and R."
"ImageCLEFmedical_Caption_2026_valid_4872","Axial brain MRI showing symmetrical cortical and subcortical signal abnormalities consistent with neurodegenerative disease."
"ImageCLEFmedical_Caption_2026_valid_4873","Anterior-posterior shoulder radiograph showing joint space and bone alignment with a dotted line indicating the humeral head position."
"ImageCLEFmedical_Caption_2026_valid_4874","CT scan showing bilateral renal masses with arrow indicators."
"ImageCLEFmedical_Caption_2026_valid_4875","CT scan showing bilateral renal masses with arrows indicating lesions."
"ImageCLEFmedical_Caption_2026_valid_4876","CT scan showing lung fields with red arrow indicating normal lung parenchyma and blue arrow pointing to the mediastinum."
"ImageCLEFmedical_Caption_2026_valid_4877","Chest X-ray showing bilateral infiltrates with arrows indicating areas of consolidation."
"ImageCLEFmedical_Caption_2026_valid_4878","CT scan showing a cervical spine with a red arrow indicating a lesion or abnormality in the cervical region."
"ImageCLEFmedical_Caption_2026_valid_4879","Pelvic X-ray showing hip joints and surrounding bone structures with no obvious fractures or dislocations."
"ImageCLEFmedical_Caption_2026_valid_4880","CT scan showing liver with focal lesion indicated by arrow."
"ImageCLEFmedical_Caption_2026_valid_4881","Arterial imaging showing a guidewire and a surgical instrument in the vascular region."
"ImageCLEFmedical_Caption_2026_valid_4882","Intravascular imaging showing a central catheter with three arrow markers indicating key anatomical or procedural landmarks."
"ImageCLEFmedical_Caption_2026_valid_4883","MRI scan of cervical spine showing vertebral alignment and surrounding soft tissues."
"ImageCLEFmedical_Caption_2026_valid_4884","MRI scan showing spinal cord with annotated region of interest."
"ImageCLEFmedical_Caption_2026_valid_4885","Angiogram showing catheter placement and contrast medium flow through the abdominal vasculature with arrows indicating regions of interest."
"ImageCLEFmedical_Caption_2026_valid_4886","Angiographic image showing aortic dissection with contrast-filled false lumen indicated by arrows."
"ImageCLEFmedical_Caption_2026_valid_4887","Abdominal X-ray showing a contrast-filled catheter in the upper abdomen with a white arrow indicating its position."
"ImageCLEFmedical_Caption_2026_valid_4888","CT scan showing pancreatic mass with arrows indicating lesion location."
"ImageCLEFmedical_Caption_2026_valid_4889","Post-surgical spinal radiograph showing thoracic deformity with Cobb angle 12.3°, lordotic angle 10.4°, and kyphotic angle 17.8°, using Cobb and Tangent methods for measurement."
"ImageCLEFmedical_Caption_2026_valid_4890","Cardiac catheterization image showing coronary artery with deployed stent."
"ImageCLEFmedical_Caption_2026_valid_4891","Echocardiogram showing enlarged heart with reduced ejection fraction and elevated blood pressure of 146/86 mmHg."
"ImageCLEFmedical_Caption_2026_valid_4892","Panoramic radiograph showing bilateral jaw lesions indicated by red arrows."
"ImageCLEFmedical_Caption_2026_valid_4893","MRI scan showing uterine structure with measured dimensions B: 97.0 mm and C: 78.5 mm."
"ImageCLEFmedical_Caption_2026_valid_4894","Pelvic MRI showing prostate with arrows indicating lesion and surrounding structures"
"ImageCLEFmedical_Caption_2026_valid_4895","MRI scan showing pelvic cross-section with measurements A: 112.4 mm and B: 68.8 mm, and a yellow arrow indicating a region of interest."
"ImageCLEFmedical_Caption_2026_valid_4896","PET scan showing renal uptake with arrows indicating areas of increased metabolic activity in the kidneys."
"ImageCLEFmedical_Caption_2026_valid_4897","MRI showing uterine myoma with arrow indicating lesion."
"ImageCLEFmedical_Caption_2026_valid_4898","Panoramic dental radiograph showing full dental arch with visible teeth, jawbone, and surrounding structures."
"ImageCLEFmedical_Caption_2026_valid_4899","CT scan showing pelvic mass with surrounding inflammation and fluid collection."
"ImageCLEFmedical_Caption_2026_valid_4900","CT scan showing bilateral pulmonary nodules within the lung fields."
"ImageCLEFmedical_Caption_2026_valid_4901","CT scan showing bilateral pulmonary nodules highlighted in red circles."
"ImageCLEFmedical_Caption_2026_valid_4902","CT scan showing large pelvic mass with arrow indicating lesion."
"ImageCLEFmedical_Caption_2026_valid_4903","Catheter navigation within vascular structure during interventional procedure."
"ImageCLEFmedical_Caption_2026_valid_4904","Catheter navigation during cardiac intervention procedure."
"ImageCLEFmedical_Caption_2026_valid_4905","Angiographic image showing a catheter navigating through a vascular structure, likely during a cardiac or peripheral intervention."
"ImageCLEFmedical_Caption_2026_valid_4906","Anterior-posterior chest X-ray showing rib cage, spine, and thoracic region with no obvious abnormalities."
"ImageCLEFmedical_Caption_2026_valid_4907","Chest X-ray showing a child with a central line and visible ribs and spine."
"ImageCLEFmedical_Caption_2026_valid_4908","Supine chest X-ray of a child showing rib cage, spine, and abdominal gas pattern."
"ImageCLEFmedical_Caption_2026_valid_4909","Radiograph showing a tooth with a black arrow indicating a root canal or canal filling."
"ImageCLEFmedical_Caption_2026_valid_4910","Radiograph showing a tooth with a pointed arrow indicating a radiopaque filling material within the root canal."
"ImageCLEFmedical_Caption_2026_valid_4911","Radiograph showing a tooth with a single root and a pointed arrow indicating the root canal area."
"ImageCLEFmedical_Caption_2026_valid_4912","Pneumonia with bilateral infiltrates indicated by arrows."
"ImageCLEFmedical_Caption_2026_valid_4913","X-ray radiograph of both hands showing skeletal structure with labels indicating right and left sides."
"ImageCLEFmedical_Caption_2026_valid_4914","Chest X-ray showing cardiac silhouette with intracardiac device and associated tubing."
"ImageCLEFmedical_Caption_2026_valid_4915","Chest X-ray showing pacemaker with leads, and a central line in the right upper chest."
"ImageCLEFmedical_Caption_2026_valid_4916","Cardiac catheter with electrode tip positioned within the heart chamber, indicated by yellow arrow."
"ImageCLEFmedical_Caption_2026_valid_4917","CT scan showing renal mass with arrow indicating lesion."
"ImageCLEFmedical_Caption_2026_valid_4918","X-ray of knee with total knee replacement and green arrow indicating implant position."
"ImageCLEFmedical_Caption_2026_valid_4919","MRI showing bilateral hip joint pathology with red circles indicating areas of abnormality."
"ImageCLEFmedical_Caption_2026_valid_4920","Pelvic X-ray showing bilateral hip joint abnormalities marked by red circles."
"ImageCLEFmedical_Caption_2026_valid_4921","Right-sided pleural effusion noted on chest radiograph."
"ImageCLEFmedical_Caption_2026_valid_4922","CT scan showing bilateral pulmonary nodules with arrows indicating areas of interest."
"ImageCLEFmedical_Caption_2026_valid_4923","CT scan showing mediastinal lymphadenopathy with red arrows indicating enlarged lymph nodes."
"ImageCLEFmedical_Caption_2026_valid_4924","Pelvic X-ray showing hip joints and surrounding bone structures."
"ImageCLEFmedical_Caption_2026_valid_4925","Pelvic X-ray showing hip joints and surrounding bone structures."
"ImageCLEFmedical_Caption_2026_valid_4926","CT scan showing nasal and paranasal sinus structures with visible bony anatomy and soft tissue contrast."
"ImageCLEFmedical_Caption_2026_valid_4927","Brain MRI showing symmetrical cerebral hemispheres with normal ventricular system and no evident mass or lesion."
"ImageCLEFmedical_Caption_2026_valid_4928","Coronal MRI of the head showing brain and upper neck structures with symmetric bright signal areas in the posterior fossa and cervical region."
"ImageCLEFmedical_Caption_2026_valid_4929","MRI showing a well-defined, round lesion with a red arrow indicating its location in the abdominal region."
"ImageCLEFmedical_Caption_2026_valid_4930","CT scan showing liver with multiple lesions indicated by arrows."
"ImageCLEFmedical_Caption_2026_valid_4931","Brain MRI showing a large intracranial lesion with surrounding edema and mass effect."
"ImageCLEFmedical_Caption_2026_valid_4932","Axial MRI of the brain showing normal cerebral anatomy with no apparent pathology."
"ImageCLEFmedical_Caption_2026_valid_4933","Brain CT scan showing intracranial hemorrhage with mass effect and midline shift."
"ImageCLEFmedical_Caption_2026_valid_4934","Angiogram showing coronary artery with stent placement and branching vessels."
"ImageCLEFmedical_Caption_2026_valid_4935","Right longitudinal ultrasound image showing multiple hypoechoic lesions indicated by arrows."
"ImageCLEFmedical_Caption_2026_valid_4936","Left longitudinal ultrasound image showing two arrow markers indicating structures within the field of view."
"ImageCLEFmedical_Caption_2026_valid_4937","CT scan showing heart with labeled structures: RV, Ao, LA, and arrow indicating aortic valve area"
"ImageCLEFmedical_Caption_2026_valid_4938","Echocardiogram showing right atrium (RA) and ventricle (VS) with arrows indicating atrial appendage."
"ImageCLEFmedical_Caption_2026_valid_4939","CT scan showing heart chambers with arrows indicating a mass in the right atrium."
"ImageCLEFmedical_Caption_2026_valid_4940","Coronary artery imaging showing left circumflex (LCX) with 9mm diameter annotation."
"ImageCLEFmedical_Caption_2026_valid_4941","PA upright chest X-ray showing cardiac silhouette, rib cage, and multiple medical leads."
"ImageCLEFmedical_Caption_2026_valid_4942","Axial MRI scan showing a 17.0 mm renal lesion with a 3.0 mm component noted by annotation."
"ImageCLEFmedical_Caption_2026_valid_4943","CT scan showing a 25.1 mm (2D) metallic foreign body in the abdominal region."
"ImageCLEFmedical_Caption_2026_valid_4944","MRI scan showing a 51.0 mm lesion in the abdominal region."
"ImageCLEFmedical_Caption_2026_valid_4945","CT scan showing a renal mass with arrow indicating lesion."
"ImageCLEFmedical_Caption_2026_valid_4946","PET-CT scan showing annotated pelvic structures with color-coded metabolic activity."
"ImageCLEFmedical_Caption_2026_valid_4947","MRI scan showing pelvic anatomy with a highlighted lesion in the right pelvic region."
"ImageCLEFmedical_Caption_2026_valid_4948","Ultrasound image showing heterogeneous tissue with hyperechoic structures and fluid-filled areas."
"ImageCLEFmedical_Caption_2026_valid_4949","Ultrasound image showing a hypoechoic lesion with irregular borders and posterior shadowing."
"ImageCLEFmedical_Caption_2026_valid_4950","Spinal MRI showing vertebral levels from T12 to S1 with labeled segments including L1 through L5 and S1, with a noted ""Lossy"" label at the S1 level."
"ImageCLEFmedical_Caption_2026_valid_4951","CT scan showing a large pelvic mass with arrow indicating lesion."
"ImageCLEFmedical_Caption_2026_valid_4952","CT scan showing a large abdominal mass with a white arrow indicating the lesion."
"ImageCLEFmedical_Caption_2026_valid_4953","Herniated L5/S1 disc as indicated by arrow on MRI scan."
"ImageCLEFmedical_Caption_2026_valid_4954","Chest X-ray showing enlarged cardiac silhouette and possible pulmonary complications."
"ImageCLEFmedical_Caption_2026_valid_4955","Arrow indicates a bright signal in the brainstem on MRI scan."
"ImageCLEFmedical_Caption_2026_valid_4956","Cerebral angiogram showing bilateral carotid artery stenosis with arrow indicating narrowed vessels."
"ImageCLEFmedical_Caption_2026_valid_4957","Brain MRI showing symmetrical cerebral hemispheres with normal gyral pattern and no evident mass or lesion."
"ImageCLEFmedical_Caption_2026_valid_4958","PET scan showing a focal area of high metabolic activity in the mediastinum, indicated by the arrow."
"ImageCLEFmedical_Caption_2026_valid_4959","Pelvic radiograph showing hip joint alignment with annotated landmarks A, B, C, and D indicating surgical implant positioning and anatomical reference points."
"ImageCLEFmedical_Caption_2026_valid_4960","Abdominal CT scan showing liver, kidneys, and spinal column in cross-section."
"ImageCLEFmedical_Caption_2026_valid_4961","Abdominal CT scan showing bowel loops, kidneys, and vertebral column with no immediate abnormalities detected."
"ImageCLEFmedical_Caption_2026_valid_4962","CT scan showing a pulmonary nodule in the left lung field."
"ImageCLEFmedical_Caption_2026_valid_4963","CT scan showing a mass in the mediastinum with a red arrow indicating the lesion."
"ImageCLEFmedical_Caption_2026_valid_4964","CT scan showing a pulmonary nodule with arrow indication."
"ImageCLEFmedical_Caption_2026_valid_4965","CT scan showing cervical spine and surrounding structures with a red arrow indicating a region of interest in the neck."
"ImageCLEFmedical_Caption_2026_valid_4966","MRI scan showing nasopharyngeal mass with arrows indicating tumor extent."
"ImageCLEFmedical_Caption_2026_valid_4967","Abdominal CT scan showing enlarged kidneys with surrounding fluid collection and structural abnormalities."
"ImageCLEFmedical_Caption_2026_valid_4968","Abdominal CT scan showing liver, kidneys, and spinal vertebrae with visible gas-filled structures and surrounding tissue density variations."
"ImageCLEFmedical_Caption_2026_valid_4969","Angiogram showing a stenotic lesion in the coronary artery indicated by the arrow."
"ImageCLEFmedical_Caption_2026_valid_4970","AP chest X-ray showing cardiac silhouette with multiple leads and wires, no obvious pneumothorax or consolidation."
"ImageCLEFmedical_Caption_2026_valid_4971","Echocardiogram showing left ventricle (LV) and left atrium (LA) with normal chamber morphology."
"ImageCLEFmedical_Caption_2026_valid_4972","PET scan showing a large metabolically active lesion in the thoracic region with a central focal area of high uptake marked by red crosshairs."
"ImageCLEFmedical_Caption_2026_valid_4973","Echocardiogram showing heart chambers including right atrium (RA), right ventricle (RV), left ventricle (LV), and left atrium (LA)."
"ImageCLEFmedical_Caption_2026_valid_4974","PET-CT scan showing high metabolic activity in the thoracic region with focal uptake indicated by red crosshair."
"ImageCLEFmedical_Caption_2026_valid_4975","PET scan showing metabolically active tumor in thoracic region with red cross marker."
"ImageCLEFmedical_Caption_2026_valid_4976","Brain MRI with anatomical landmarks including apex, anterior commissure (AC), posterior commissure (PC), and cortical surface markers."
"ImageCLEFmedical_Caption_2026_valid_4977","MRI brain image with labeled anatomical structures including CCS, PSG, ALG, PLG, MSG, ASG, and CIS."
"ImageCLEFmedical_Caption_2026_valid_4978","MRI scan of brain showing cerebral cortex and cerebellar structures with annotated regions."
"ImageCLEFmedical_Caption_2026_valid_4979","MRI brain showing cerebellar tonsillar descent and cerebellar cystic lesion."
"ImageCLEFmedical_Caption_2026_valid_4980","MRI brain image with labeled structures: ASG, MSG, PSG, ALG, and PLG."
"ImageCLEFmedical_Caption_2026_valid_4981","Thyroid uptake scan showing increased radiopharmaceutical concentration in the thyroid gland."
"ImageCLEFmedical_Caption_2026_valid_4982","X-ray of hip joint showing lateralized femoral head with surgical alignment markers and implant specifications."
"ImageCLEFmedical_Caption_2026_valid_4983","PET scan showing multiple hypermetabolic lesions in cervical, thoracic, and pelvic regions."
"ImageCLEFmedical_Caption_2026_valid_4984","Brain MRI showing multiple intracranial lesions with prominent periventricular and cortical involvement."
"ImageCLEFmedical_Caption_2026_valid_4985","Brain MRI showing a large cystic lesion in the right hemisphere."
"ImageCLEFmedical_Caption_2026_valid_4986","X-ray showing a fracture at the ankle joint."
"ImageCLEFmedical_Caption_2026_valid_4987","CT scan showing a renal artery with a white arrow indicating a possible stenosis or obstruction."
"ImageCLEFmedical_Caption_2026_valid_4988","Angiographic image showing a catheter positioned within a coronary artery, indicated by a red arrow."
"ImageCLEFmedical_Caption_2026_valid_4989","MRI scan showing breast tissue with heterogeneous lesions and architectural distortion."
"ImageCLEFmedical_Caption_2026_valid_4990","MRI of cervical spine showing spinal cord compression at C5-C6 level."
"ImageCLEFmedical_Caption_2026_valid_4991","MRI showing cervical spine with arrow indicating cervical spinal cord lesion."
"ImageCLEFmedical_Caption_2026_valid_4992","CT scan showing mediastinal mass with adjacent lung involvement."
"ImageCLEFmedical_Caption_2026_valid_4993","CT scan showing enlarged heart with arrow indicating possible cardiac enlargement or pathology."
"ImageCLEFmedical_Caption_2026_valid_4994","Posterior approach total hip arthroplasty with screw fixation visible on radiograph."
"ImageCLEFmedical_Caption_2026_valid_4995","Pelvic X-ray showing hip replacement with visible screws and prosthesis."
"ImageCLEFmedical_Caption_2026_valid_4996","Hip replacement implant in situ with visible bone integration and surrounding soft tissue."
"ImageCLEFmedical_Caption_2026_valid_4997","Pelvic X-ray showing hip replacement with implant and screw in place."
"ImageCLEFmedical_Caption_2026_valid_4998","Panoramic dental radiograph highlighting mandibular molars with yellow and purple region markers."
"ImageCLEFmedical_Caption_2026_valid_4999","CT scan showing lumbar spine with highlighted renal structures."
"ImageCLEFmedical_Caption_2026_valid_5000","Arrow indicates a vascular anomaly or lesion in the abdominal region."
"ImageCLEFmedical_Caption_2026_valid_5001","Cross-sectional CT scan of a tooth with red contour outlining the crown and blue line indicating the buccal-lingual diameter, scale bar = 1 mm."
"ImageCLEFmedical_Caption_2026_valid_5002","Pleural effusion with left-sided lung opacity and mediastinal shift."
"ImageCLEFmedical_Caption_2026_valid_5003","CT scan showing a renal mass with arrow indicating lesion."
"ImageCLEFmedical_Caption_2026_valid_5004","CT scan showing cervical spine with arrow indicating vertebral body fracture"
"ImageCLEFmedical_Caption_2026_valid_5005","Panoramic radiograph showing a dental anomaly indicated by the red arrow."
"ImageCLEFmedical_Caption_2026_valid_5006","Panoramic radiograph showing a tooth with a red arrow indicating a potential lesion or abnormality in the upper right quadrant."
"ImageCLEFmedical_Caption_2026_valid_5007","CT scan showing a radiopaque foreign body within the maxillary sinus region."
"ImageCLEFmedical_Caption_2026_valid_5008","Cerebral angiogram showing detailed vascular network of the brain."
"ImageCLEFmedical_Caption_2026_valid_5009","Ultrasound image showing the median nerve (MC) within the carpal tunnel, with labeled anterior and posterior bands, intermediate zone, and structures including MF and SJS."
"ImageCLEFmedical_Caption_2026_valid_5010","Pregnancy ultrasound image showing fetal profile with measurements 1D 34.00mm and 2D 22.69mm, dated 06-08-2023, at Anhui Women & Children Hospital."
"ImageCLEFmedical_Caption_2026_valid_5011","Ultrasound image showing a fetal scan with measurements 1D 88.69mm and 2D 49.90mm, dated 2023/02/06 at Anhui Women&Children Hospital."
"ImageCLEFmedical_Caption_2026_valid_5012","Ultrasound image showing fetal abdominal region with measurement of 34.14mm, indicating a prenatal examination at 36 weeks gestation."
"ImageCLEFmedical_Caption_2026_valid_5013","Liver CT scan showing multiple hyperechoic lesions with arrows indicating focal abnormalities."
"ImageCLEFmedical_Caption_2026_valid_5014","Hip X-ray with annotated acetabular orientation markers a and b."
"ImageCLEFmedical_Caption_2026_valid_5015","Ultrasound image showing muscle layers labeled SC, GM, and SM with a central arrow indicating depth."
"ImageCLEFmedical_Caption_2026_valid_5016","Arrow indicates a fracture of the proximal humerus."
"ImageCLEFmedical_Caption_2026_valid_5017","Shoulder X-ray showing a fracture at the proximal humerus indicated by the arrow."
"ImageCLEFmedical_Caption_2026_valid_5018","Postoperative radiograph showing shoulder fracture with internal fixation device indicated by arrow."
"ImageCLEFmedical_Caption_2026_valid_5019","Postoperative radiograph of the right shoulder showing a proximal humerus fracture with internal fixation."
"ImageCLEFmedical_Caption_2026_valid_5020","Radiograph showing shoulder joint with arrow indicating acromioclavicular joint space narrowing and possible osteoarthritis changes."
"ImageCLEFmedical_Caption_2026_valid_5021","Chest X-ray showing a patient with a central line and a geometric measurement of 147.7 mm across the thoracic region."
"ImageCLEFmedical_Caption_2026_valid_5022","Arthroscopic view of knee joint with surgical instruments in place."
"ImageCLEFmedical_Caption_2026_valid_5023","Dental implant visible in radiograph with surrounding bone structure."
"ImageCLEFmedical_Caption_2026_valid_5024","Panoramic radiograph showing dental implants and natural teeth in the upper and lower jaws."
"ImageCLEFmedical_Caption_2026_valid_5025","Radiograph showing dental implants and adjacent teeth with visible root structures and surrounding bone."
"ImageCLEFmedical_Caption_2026_valid_5026","Panoramic radiograph showing dental implants and roots with clear anatomical landmarks."
"ImageCLEFmedical_Caption_2026_valid_5027","Brain MRI showing a large lesion in the right hemisphere, indicated by the blue arrow."
"ImageCLEFmedical_Caption_2026_valid_5028","CT scan showing a mass in the oropharynx, indicated by the red arrow."
"ImageCLEFmedical_Caption_2026_valid_5029","Echocardiogram showing atrial septal defect with color Doppler flow between right atrium (RA) and left atrium (LA), with left ventricle (LV) visible."
"ImageCLEFmedical_Caption_2026_valid_5030","Echocardiogram showing ventricular septal defect with color Doppler flow jet between left and right ventricles."
"ImageCLEFmedical_Caption_2026_valid_5031","CT scan showing heart structures including right atrium (RA), right ventricle (RV), aorta (Ao), and inferior vena cava (IVC) with dashed outlines for anatomical identification."
"ImageCLEFmedical_Caption_2026_valid_5032","Radiographic image showing contrast-enhanced vascular structures in the upper thoracic region, including the brachiocephalic trunk and branching vessels."
"ImageCLEFmedical_Caption_2026_valid_5033","CT scan showing bilateral leg abnormalities with arrows indicating pathological changes in the lower extremities."
"ImageCLEFmedical_Caption_2026_valid_5034","MRI scan of breast tissue showing ductal and vascular structures with multiple bright lesions."
"ImageCLEFmedical_Caption_2026_valid_5035","Ultrasound image showing abdominal organ with heterogeneous texture and fluid-filled structure."
"ImageCLEFmedical_Caption_2026_valid_5036","Ultrasound image showing needle insertion near adductor muscle with labeled structures including Fv, Pm, LA, and cranial/caudal orientation."
"ImageCLEFmedical_Caption_2026_valid_5037","CT scan showing cervical spine and surrounding structures with visible vertebral alignment and adjacent soft tissue detail."
"ImageCLEFmedical_Caption_2026_valid_5038","Cerebral angiogram showing normal vascular anatomy with no evident occlusions or abnormalities."
"ImageCLEFmedical_Caption_2026_valid_5039","Cerebral angiogram showing a large intracranial aneurysm with a prominent bulbous dilation in the middle cerebral artery region."
"ImageCLEFmedical_Caption_2026_valid_5040","Chest X-ray showing bilateral pulmonary opacities and cardiomegaly with ""Pre OP"" notation."
"ImageCLEFmedical_Caption_2026_valid_5041","Chest X-ray showing bilateral lung opacities and mediastinal shift, consistent with pneumonia or consolidation."
"ImageCLEFmedical_Caption_2026_valid_5042","Ultrasound image showing single umbilical artery and bladder exstrophy in a fetal scan."
"ImageCLEFmedical_Caption_2026_valid_5043","MRI showing low-set umbilicus and protruding intestine"
"ImageCLEFmedical_Caption_2026_valid_5044","MRI showing a 30.5 mm lesion in the brainstem region marked by a red star."
"ImageCLEFmedical_Caption_2026_valid_5045","CT scan showing segmented oral cavity structures with blue and orange contours."
"ImageCLEFmedical_Caption_2026_valid_5046","CT scan showing a peritoneal mass with a yellow arrow indicating a lesion in the pelvic region."
"ImageCLEFmedical_Caption_2026_valid_5047","CT scan showing a renal mass indicated by the yellow arrow."
"ImageCLEFmedical_Caption_2026_valid_5048","Pneumonia with consolidation in right lung field on chest X-ray."
"ImageCLEFmedical_Caption_2026_valid_5049","CT scan showing pulmonary consolidation and air trapping in the right lung."
"ImageCLEFmedical_Caption_2026_valid_5050","Cardiomegaly with prominent cardiac silhouette on chest X-ray."
"ImageCLEFmedical_Caption_2026_valid_5051","Heart with enlarged cardiac silhouette and surrounding pericardial effusion indicated by arrows."
"ImageCLEFmedical_Caption_2026_valid_5052","Spinal MRI showing vertebral column with intervertebral disc spaces and spinal canal."
"ImageCLEFmedical_Caption_2026_valid_5053","CT scan showing aortic dissection with arrow indicating intimal flap and white arrow indicating true lumen."
"ImageCLEFmedical_Caption_2026_valid_5054","Posterior chest X-ray showing cardiac silhouette with central mediastinal shadow and visible intracardiac device."
"ImageCLEFmedical_Caption_2026_valid_5055","Pulmonary infiltrates with air bronchogram and pleural effusion."
"ImageCLEFmedical_Caption_2026_valid_5056","CT scan showing pulmonary cysts in the right lung with arrows indicating lesions."
"ImageCLEFmedical_Caption_2026_valid_5057","CT scan showing multiple rib fractures along the right rib cage."
"ImageCLEFmedical_Caption_2026_valid_5058","CT scan showing mediastinal lymph node enlargement with a marked contrast enhancement."
"ImageCLEFmedical_Caption_2026_valid_5059","Portable supine chest X-ray showing a red arrow pointing to a radiopaque object in the right upper lung field."
"ImageCLEFmedical_Caption_2026_valid_5060","Echocardiogram showing a large mass in the left atrium, indicated by the red arrow."
"ImageCLEFmedical_Caption_2026_valid_5061","CT scan showing a large abdominal mass with measured dimensions of 109 mm by 85 mm."
"ImageCLEFmedical_Caption_2026_valid_5062","Ultrasound image showing needle tip in relation to thyroid gland and surrounding structures."
"ImageCLEFmedical_Caption_2026_valid_5063","Ultrasound image showing needle tip advancing from lateral to medial, with labeled structures including N, FL, and FN."
"ImageCLEFmedical_Caption_2026_valid_5064","Ultrasound image showing a hypoechoic lesion with posterior acoustic shadowing in the thyroid gland."
"ImageCLEFmedical_Caption_2026_valid_5065","CT scan showing a large intraperitoneal mass with a central air-filled structure, indicated by the arrow."
"ImageCLEFmedical_Caption_2026_valid_5066","Cerebral CT scan showing intracranial hemorrhage at the midline."
"ImageCLEFmedical_Caption_2026_valid_5067","CT scan showing pelvic anatomy with arrows indicating a structure labeled B."
"ImageCLEFmedical_Caption_2026_valid_5068","Portable chest X-ray showing cardiac silhouette with pacemaker leads and mediastinal shadow."
"ImageCLEFmedical_Caption_2026_valid_5069","Chest X-ray showing normal lung fields with no obvious pathologies."
"ImageCLEFmedical_Caption_2026_valid_5070","CT scan showing a dilated and air-filled structure in the upper abdomen, indicated by a red arrow."
"ImageCLEFmedical_Caption_2026_valid_5071","Fluoroscopic image showing a guidewire navigating through the spine with marked landmarks."
"ImageCLEFmedical_Caption_2026_valid_5072","CT scan showing thyroid cartilage in cervical region"
"ImageCLEFmedical_Caption_2026_valid_5073","Radiograph showing three dental implants with a red arrow indicating a specific area of interest."
"ImageCLEFmedical_Caption_2026_valid_5074","CT scan showing bilateral renal masses with arrow indicators"
"ImageCLEFmedical_Caption_2026_valid_5075","CT scan showing multiple renal masses with arrows indicating suspicious lesions."
"ImageCLEFmedical_Caption_2026_valid_5076","Liver CT scan showing a large heterogeneous mass in the right hepatic lobe with surrounding vascular structures."
"ImageCLEFmedical_Caption_2026_valid_5077","Chest X-ray showing enlarged heart shadow with clear lung fields and normal rib cage structure."
"ImageCLEFmedical_Caption_2026_valid_5078","MRI of knee joint showing osteochondral lesion with arrow indicating abnormality."
"ImageCLEFmedical_Caption_2026_valid_5079","Transvaginal ultrasound image showing uterine cavity with central echogenic structure and surrounding endometrial tissue."
"ImageCLEFmedical_Caption_2026_valid_5080","Transvaginal ultrasound showing endometrial cavity with color Doppler flow signal indicating vascularity."
"ImageCLEFmedical_Caption_2026_valid_5081","Transvaginal ultrasound image showing uterine cavity with multiple hypoechoic areas and yellow marker annotations."
"ImageCLEFmedical_Caption_2026_valid_5082","Transvaginal ultrasound image showing a uterine cavity with multiple hypoechoic areas and measurement markers indicating uterine dimensions."
"ImageCLEFmedical_Caption_2026_valid_5083","Abdominal CT scan showing pelvic organs and spinal vertebrae."
"ImageCLEFmedical_Caption_2026_valid_5084","CT scan showing cervical lymphadenopathy with arrows indicating enlarged lymph nodes."
"ImageCLEFmedical_Caption_2026_valid_5085","Barium swallow showing esophageal obstruction with two red arrows indicating the site of narrowing."
"ImageCLEFmedical_Caption_2026_valid_5086","MRI showing two distinct lesions in the mediastinum, marked by blue and red arrows."
"ImageCLEFmedical_Caption_2026_valid_5087","Radiograph showing a dental implant with a blue arrow indicating the implant site."
"ImageCLEFmedical_Caption_2026_valid_5088","MRI showing cerebellar lesion with arrow indicating abnormality"
"ImageCLEFmedical_Caption_2026_valid_5089","Axial MRI showing cervical spinal canal with yellow arrow indicating central spinal cord."
"ImageCLEFmedical_Caption_2026_valid_5090","Brain MRI showing symmetrical ventricles and normal cortical structure."
"ImageCLEFmedical_Caption_2026_valid_5091","MRI scan showing spinal cord with red arrow indicating lesion or abnormality."
"ImageCLEFmedical_Caption_2026_valid_5092","MRI scan showing spinal canal with red arrow indicating disc herniation at lumbar level."
"ImageCLEFmedical_Caption_2026_valid_5093","MRI showing multiple small bright lesions in cerebral hemispheres."
"ImageCLEFmedical_Caption_2026_valid_5094","MRI showing pelvic mass with red and green arrows indicating areas of interest."
"ImageCLEFmedical_Caption_2026_valid_5095","Right lung with focal opacity indicated by arrow."
"ImageCLEFmedical_Caption_2026_valid_5096","Panoramic dental radiograph showing full dental arch with visible roots, crowns, and surrounding alveolar bone."
"ImageCLEFmedical_Caption_2026_valid_5097","CT scan of the abdomen showing pelvic organs and spinal column with radiological markers and patient details."
"ImageCLEFmedical_Caption_2026_valid_5098","CT scan showing a pancreatic lesion indicated by a red arrow."
"ImageCLEFmedical_Caption_2026_valid_5099","Ultrasound image showing a horizontal arrow pointing to a structure with three ""B"" markers below, indicating possible anatomical or pathological feature."
"ImageCLEFmedical_Caption_2026_valid_5100","Ultrasound image showing a hypoechoic structure with a green arrow indicating a lesion or abnormality in the abdominal region."
"ImageCLEFmedical_Caption_2026_valid_5101","CT scan showing a large mediastinal mass with a blue arrow indicating the lesion."
"ImageCLEFmedical_Caption_2026_valid_5102","Panoramic dental radiograph showing full dental arch with visible teeth and surrounding bone structure."
"ImageCLEFmedical_Caption_2026_valid_5103","Echocardiogram showing enlarged heart chambers with reduced contractile function."
"ImageCLEFmedical_Caption_2026_valid_5104","CT angiogram showing bilateral carotid artery stenosis indicated by arrows."
"ImageCLEFmedical_Caption_2026_valid_5105","Brain MRI showing two small hyperintense lesions in the cerebral hemispheres, indicated by arrows."
"ImageCLEFmedical_Caption_2026_valid_5106","CT scan showing thoracic cross-section with highlighted mediastinum and lung fields."
"ImageCLEFmedical_Caption_2026_valid_5107","Brain CT scan showing two hypodense areas in the cerebral hemispheres."
"ImageCLEFmedical_Caption_2026_valid_5108","Ultrasound image showing multiple hypoechoic structures with arrows indicating potential lesions or abnormalities."
"ImageCLEFmedical_Caption_2026_valid_5109","CT scan showing hip joint with red overlay indicating measurement or alignment marker."
"ImageCLEFmedical_Caption_2026_valid_5110","Radiographic image of hip joint with red circular overlay indicating measurement of acetabular angle."
"ImageCLEFmedical_Caption_2026_valid_5111","Ultrasound image showing ovarian morphology with PCOS probability of 0.965 and normal probability of 0.035."
"ImageCLEFmedical_Caption_2026_valid_5112","Ultrasound image showing ovarian morphology with PCOS probability indicator at 0.025 and Normal at 0.975."
"ImageCLEFmedical_Caption_2026_valid_5113","CT scan showing liver with arrow indicating focal lesion and adjacent vascular structures."
"ImageCLEFmedical_Caption_2026_valid_5114","Pneumonia with consolidation in right lower lobe and left upper lobe."
